债券代码,债券简称,发行起始日,发行终止日,计划发行总量,实际发行总量,发行价格,单位面值,缴款日,增发次数,交易市场,发行方式,发行对象,公告日期,债券名称,年份
20780,25贴债81,2025-12-24,2025-12-24,600.0,600.0,99.35,100,2025-12-25,0,上交所,多种价格（混合式）招标发行,在国债登记公司开立债券账户及在证券登记公司开立股票和基金账户的各类投资者,2025-12-17,2025年记账式贴现(八十一期)国债,2025
19798,25国债25,2025-12-24,2025-12-24,880.4,880.0,100.0,100,2025-12-25,0,上交所,多种价格（混合式）招标发行,在国债登记公司开立债券账户及在证券登记公司开立股票和基金账户的各类投资者,2025-12-17,2025年记账式附息(二十五期)国债,2025
20781,25贴债82,2025-12-24,2025-12-24,600.0,600.0,99.693,100,2025-12-25,0,上交所,多种价格（混合式）招标发行,在国债登记公司开立债券账户及在证券登记公司开立股票和基金账户的各类投资者,2025-12-22,2025年记账式贴现(八十二期)国债,2025
19793,25国债20,2025-12-19,2025-12-19,990.4,990.0,100.58,100,2025-12-22,2,上交所,多种价格（混合式）招标发行,在国债登记公司开立债券账户及在证券登记公司开立股票和基金账户的各类投资者,2025-12-12,2025年记账式附息(二十期)国债,2025
19796,25国债23,2025-12-19,2025-12-19,970.0,970.0,100.23,100,2025-12-22,1,上交所,多种价格（混合式）招标发行,在国债登记公司开立债券账户及在证券登记公司开立股票和基金账户的各类投资者,2025-12-12,2025年记账式附息(二十三期)国债,2025
20778,25贴债79,2025-12-17,2025-12-17,400.0,400.0,99.914,100,2025-12-18,0,上交所,多种价格（混合式）招标发行,在国债登记公司开立债券账户及在证券登记公司开立股票和基金账户的各类投资者,2025-12-16,2025年记账式贴现(七十九期)国债,2025
20779,25贴债80,2025-12-17,2025-12-17,600.0,600.0,99.678,100,2025-12-18,0,上交所,多种价格（混合式）招标发行,在国债登记公司开立债券账户及在证券登记公司开立股票和基金账户的各类投资者,2025-12-16,2025年记账式贴现(八十期)国债,2025
19795,25国债22,2025-12-12,2025-12-12,1194.8,1190.0,99.88,100,2025-12-15,1,上交所,多种价格（混合式）招标发行,在国债登记公司开立债券账户及在证券登记公司开立股票和基金账户的各类投资者,2025-12-05,2025年记账式附息(二十二期)国债,2025
19797,25国债24,2025-12-12,2025-12-12,1045.0,1045.0,100.0,100,2025-12-15,0,上交所,多种价格（混合式）招标发行,在国债登记公司开立债券账户及在证券登记公司开立股票和基金账户的各类投资者,2025-12-05,2025年记账式附息(二十四期)国债,2025
19799,25续国01,2025-12-12,2025-12-12,4000.0,4000.0,100.0,100,2025-12-12,0,上交所,其他,在全国银行间债券市场面向境内有关银行定向发行,2025-12-10,2025年到期续作特别国债(一期),2025
19800,25续国02,2025-12-12,2025-12-12,3500.0,3500.0,100.0,100,2025-12-12,0,上交所,其他,在全国银行间债券市场面向境内有关银行定向发行,2025-12-10,2025年到期续作特别国债(二期),2025
20776,25贴债77,2025-12-10,2025-12-10,600.1,600.0,99.333,100,2025-12-11,0,上交所,多种价格（混合式）招标发行,在国债登记公司开立债券账户及在证券登记公司开立股票和基金账户的各类投资者,2025-12-03,2025年记账式贴现(七十七期)国债,2025
20777,25贴债78,2025-12-10,2025-12-10,600.0,600.0,99.675,100,2025-12-11,0,上交所,多种价格（混合式）招标发行,在国债登记公司开立债券账户及在证券登记公司开立股票和基金账户的各类投资者,2025-12-09,2025年记账式贴现(七十八期)国债,2025
19767,25国债02,2025-12-05,2025-12-05,270.0,270.0,92.69,100,2025-12-08,5,上交所,荷兰式招标发行,在国债登记公司开立债券账户及在证券登记公司开立股票和基金账户的各类投资者,2025-11-28,2025年记账式附息(二期)国债,2025
19792,25国债19,2025-12-05,2025-12-05,960.0,960.0,100.212,100,2025-12-08,2,上交所,多种价格（混合式）招标发行,在国债登记公司开立债券账户及在证券登记公司开立股票和基金账户的各类投资者,2025-11-28,2025年记账式附息(十九期)国债,2025
20774,25贴债75,2025-12-03,2025-12-03,400.0,400.0,99.778,100,2025-12-04,0,上交所,多种价格（混合式）招标发行,在国债登记公司开立债券账户及在证券登记公司开立股票和基金账户的各类投资者,2025-12-02,2025年记账式贴现(七十五期)国债,2025
20775,25贴债76,2025-12-03,2025-12-03,600.0,600.0,99.67,100,2025-12-04,0,上交所,多种价格（混合式）招标发行,在国债登记公司开立债券账户及在证券登记公司开立股票和基金账户的各类投资者,2025-12-02,2025年记账式贴现(七十六期)国债,2025
20772,25贴债73,2025-11-26,2025-11-26,401.9,400.0,99.79,100,2025-11-27,0,上交所,多种价格（混合式）招标发行,在国债登记公司开立债券账户及在证券登记公司开立股票和基金账户的各类投资者,2025-11-25,2025年记账式贴现(七十三期)国债,2025
20773,25贴债74,2025-11-26,2025-11-26,550.0,550.0,99.685,100,2025-11-27,0,上交所,多种价格（混合式）招标发行,在国债登记公司开立债券账户及在证券登记公司开立股票和基金账户的各类投资者,2025-11-25,2025年记账式贴现(七十四期)国债,2025
19796,25国债23,2025-11-24,2025-11-24,970.2,970.0,100.0,100,2025-11-25,0,上交所,多种价格（混合式）招标发行,在国债登记公司开立债券账户及在证券登记公司开立股票和基金账户的各类投资者,2025-11-17,2025年记账式附息(二十三期)国债,2025
20771,25贴债72,2025-11-24,2025-11-24,600.0,600.0,99.328,100,2025-11-25,0,上交所,多种价格（混合式）招标发行,在国债登记公司开立债券账户及在证券登记公司开立股票和基金账户的各类投资者,2025-11-17,2025年记账式贴现(七十二期)国债,2025
19791,25国债18,2025-11-19,2025-11-19,880.0,880.0,101.01,100,2025-11-20,2,上交所,多种价格（混合式）招标发行,在国债登记公司开立债券账户及在证券登记公司开立股票和基金账户的各类投资者,2025-11-12,2025年记账式附息(十八期)国债,2025
19793,25国债20,2025-11-19,2025-11-19,990.0,990.0,100.44,100,2025-11-20,1,上交所,多种价格（混合式）招标发行,在国债登记公司开立债券账户及在证券登记公司开立股票和基金账户的各类投资者,2025-11-12,2025年记账式附息(二十期)国债,2025
19767,25国债02,2025-11-14,2025-11-14,270.0,270.0,95.91,100,2025-11-17,4,上交所,荷兰式招标发行,在国债登记公司开立债券账户及在证券登记公司开立股票和基金账户的各类投资者,2025-11-07,2025年记账式附息(二期)国债,2025
19795,25国债22,2025-11-14,2025-11-14,1190.0,1190.0,100.0,100,2025-11-17,0,上交所,多种价格（混合式）招标发行,在国债登记公司开立债券账户及在证券登记公司开立股票和基金账户的各类投资者,2025-11-07,2025年记账式附息(二十二期)国债,2025
20769,25贴债70,2025-11-12,2025-11-12,600.0,600.0,99.348,100,2025-11-13,0,上交所,多种价格（混合式）招标发行,在国债登记公司开立债券账户及在证券登记公司开立股票和基金账户的各类投资者,2025-11-05,2025年记账式贴现(七十期)国债,2025
20770,25贴债71,2025-11-12,2025-11-12,556.1,550.0,99.695,100,2025-11-13,0,上交所,多种价格（混合式）招标发行,在国债登记公司开立债券账户及在证券登记公司开立股票和基金账户的各类投资者,2025-11-11,2025年记账式贴现(七十一期)国债,2025
251709,25储蓄09,2025-11-19,2025-11-10,238.5,238.5,100.0,100,2025-11-20,0,银行间债券市场,其他,个人投资者,2025-11-06,2025年第九期储蓄国债(电子式),2025
251710,25储蓄10,2025-11-19,2025-11-10,238.6,238.6,100.0,100,2025-11-20,0,银行间债券市场,其他,个人投资者,2025-11-06,2025年第十期储蓄国债(电子式),2025
19790,25国债17,2025-11-07,2025-11-07,1045.0,1045.0,100.31,100,2025-11-10,2,上交所,多种价格（混合式）招标发行,在国债登记公司开立债券账户及在证券登记公司开立股票和基金账户的各类投资者,2025-10-31,2025年记账式附息(十七期)国债,2025
19792,25国债19,2025-11-07,2025-11-07,963.9,960.0,100.126,100,2025-11-10,1,上交所,多种价格（混合式）招标发行,在国债登记公司开立债券账户及在证券登记公司开立股票和基金账户的各类投资者,2025-10-31,2025年记账式附息(十九期)国债,2025
19794,25国债21,2025-11-05,2025-11-05,200.0,200.0,100.0,100,2025-11-06,0,上交所,荷兰式招标发行,在国债登记公司开立债券账户及在证券登记公司开立股票和基金账户的各类投资者,2025-10-29,2025年记账式附息(二十一期)国债,2025
20767,25贴债68,2025-11-05,2025-11-05,200.0,200.0,99.92,100,2025-11-06,0,上交所,多种价格（混合式）招标发行,在国债登记公司开立债券账户及在证券登记公司开立股票和基金账户的各类投资者,2025-11-04,2025年记账式贴现(六十八期)国债,2025
20768,25贴债69,2025-11-05,2025-11-05,550.0,550.0,99.701,100,2025-11-06,0,上交所,多种价格（混合式）招标发行,在国债登记公司开立债券账户及在证券登记公司开立股票和基金账户的各类投资者,2025-11-04,2025年记账式贴现(六十九期)国债,2025
19791,25国债18,2025-10-24,2025-10-24,1182.0,1180.0,100.51,100,2025-10-27,1,上交所,多种价格（混合式）招标发行,在国债登记公司开立债券账户及在证券登记公司开立股票和基金账户的各类投资者,2025-10-17,2025年记账式附息(十八期)国债,2025
19793,25国债20,2025-10-24,2025-10-24,1290.0,1290.0,100.0,100,2025-10-27,0,上交所,多种价格（混合式）招标发行,在国债登记公司开立债券账户及在证券登记公司开立股票和基金账户的各类投资者,2025-10-17,2025年记账式附息(二十期)国债,2025
20765,25贴债66,2025-10-22,2025-10-22,550.0,550.0,99.33,100,2025-10-23,0,上交所,多种价格（混合式）招标发行,在国债登记公司开立债券账户及在证券登记公司开立股票和基金账户的各类投资者,2025-10-15,2025年记账式贴现(六十六期)国债,2025
20766,25贴债67,2025-10-22,2025-10-22,551.5,550.0,99.687,100,2025-10-23,0,上交所,多种价格（混合式）招标发行,在国债登记公司开立债券账户及在证券登记公司开立股票和基金账户的各类投资者,2025-10-21,2025年记账式贴现(六十七期)国债,2025
19787,25国债15,2025-10-20,2025-10-20,1271.5,1270.0,100.06,100,2025-10-21,2,上交所,多种价格（混合式）招标发行,在国债登记公司开立债券账户及在证券登记公司开立股票和基金账户的各类投资者,2025-10-13,2025年记账式附息(十五期)国债,2025
19788,25国债16,2025-10-20,2025-10-20,1490.0,1490.0,100.37,100,2025-10-21,2,上交所,多种价格（混合式）招标发行,在国债登记公司开立债券账户及在证券登记公司开立股票和基金账户的各类投资者,2025-10-13,2025年记账式附息(十六期)国债,2025
20764,25贴债65,2025-10-20,2025-10-20,555.5,550.0,99.683,100,2025-10-21,0,上交所,多种价格（混合式）招标发行,在国债登记公司开立债券账户及在证券登记公司开立股票和基金账户的各类投资者,2025-10-17,2025年记账式贴现(六十五期)国债,2025
20762,25贴债63,2025-10-15,2025-10-15,550.0,550.0,99.332,100,2025-10-16,0,上交所,多种价格（混合式）招标发行,在国债登记公司开立债券账户及在证券登记公司开立股票和基金账户的各类投资者,2025-10-09,2025年记账式贴现(六十三期)国债,2025
20763,25贴债64,2025-10-15,2025-10-15,550.0,550.0,99.686,100,2025-10-16,0,上交所,多种价格（混合式）招标发行,在国债登记公司开立债券账户及在证券登记公司开立股票和基金账户的各类投资者,2025-10-14,2025年记账式贴现(六十四期)国债,2025
19783,25特国04,2025-10-14,2025-10-14,400.0,400.0,95.41,100,2025-10-15,3,上交所,荷兰式招标发行,在国债登记公司开立债券账户及在证券登记公司开立股票和基金账户的各类投资者,2025-10-09,2025年超长期特别国债(四期),2025
19792,25国债19,2025-10-14,2025-10-14,1260.0,1260.0,100.0,100,2025-10-15,0,上交所,多种价格（混合式）招标发行,在国债登记公司开立债券账户及在证券登记公司开立股票和基金账户的各类投资者,2025-10-09,2025年记账式附息(十九期)国债,2025
19781,25特国03,2025-10-10,2025-10-10,300.0,300.0,94.97,100,2025-10-13,3,上交所,荷兰式招标发行,在国债登记公司开立债券账户及在证券登记公司开立股票和基金账户的各类投资者,2025-09-30,2025年超长期特别国债(三期),2025
19790,25国债17,2025-10-10,2025-10-10,1345.0,1345.0,100.09,100,2025-10-13,1,上交所,多种价格（混合式）招标发行,在国债登记公司开立债券账户及在证券登记公司开立股票和基金账户的各类投资者,2025-09-30,2025年记账式附息(十七期)国债,2025
20760,25贴债61,2025-10-09,2025-10-09,200.0,200.0,99.925,100,2025-10-10,0,上交所,多种价格（混合式）招标发行,在国债登记公司开立债券账户及在证券登记公司开立股票和基金账户的各类投资者,2025-09-30,2025年记账式贴现(六十一期)国债,2025
20761,25贴债62,2025-10-09,2025-10-09,200.0,200.0,99.798,100,2025-10-10,0,上交所,多种价格（混合式）招标发行,在国债登记公司开立债券账户及在证券登记公司开立股票和基金账户的各类投资者,2025-09-30,2025年记账式贴现(六十二期)国债,2025
19787,25国债15,2025-09-26,2025-09-26,1573.2,1570.0,99.94,100,2025-09-29,1,上交所,多种价格（混合式）招标发行,在国债登记公司开立债券账户及在证券登记公司开立股票和基金账户的各类投资者,2025-09-19,2025年记账式附息(十五期)国债,2025
20758,25贴债59,2025-09-24,2025-09-24,601.9,600.0,99.336,100,2025-09-25,0,上交所,多种价格（混合式）招标发行,在国债登记公司开立债券账户及在证券登记公司开立股票和基金账户的各类投资者,2025-09-17,2025年记账式贴现(五十九期)国债,2025
20759,25贴债60,2025-09-24,2025-09-24,300.2,300.0,99.69,100,2025-09-25,0,上交所,多种价格（混合式）招标发行,在国债登记公司开立债券账户及在证券登记公司开立股票和基金账户的各类投资者,2025-09-23,2025年记账式贴现(六十期)国债,2025
19788,25国债16,2025-09-19,2025-09-19,1600.0,1600.0,100.12,100,2025-09-22,1,上交所,多种价格（混合式）招标发行,在国债登记公司开立债券账户及在证券登记公司开立股票和基金账户的各类投资者,2025-09-12,2025年记账式附息(十六期)国债,2025
19789,25特国06,2025-09-19,2025-09-19,820.0,820.0,99.67,100,2025-09-22,2,上交所,荷兰式招标发行,在国债登记公司开立债券账户及在证券登记公司开立股票和基金账户的各类投资者,2025-09-12,2025年超长期特别国债(六期),2025
19783,25特国04,2025-09-17,2025-09-17,350.0,350.0,96.46,100,2025-09-18,2,上交所,荷兰式招标发行,在国债登记公司开立债券账户及在证券登记公司开立股票和基金账户的各类投资者,2025-09-10,2025年超长期特别国债(四期),2025
20756,25贴债57,2025-09-17,2025-09-17,202.7,200.0,99.913,100,2025-09-18,0,上交所,多种价格（混合式）招标发行,在国债登记公司开立债券账户及在证券登记公司开立股票和基金账户的各类投资者,2025-09-16,2025年记账式贴现(五十七期)国债,2025
20757,25贴债58,2025-09-17,2025-09-17,302.5,300.0,99.689,100,2025-09-18,0,上交所,多种价格（混合式）招标发行,在国债登记公司开立债券账户及在证券登记公司开立股票和基金账户的各类投资者,2025-09-16,2025年记账式贴现(五十八期)国债,2025
19790,25国债17,2025-09-12,2025-09-12,1570.0,1570.0,100.0,100,2025-09-15,0,上交所,多种价格（混合式）招标发行,在国债登记公司开立债券账户及在证券登记公司开立股票和基金账户的各类投资者,2025-09-05,2025年记账式附息(十七期)国债,2025
19791,25国债18,2025-09-12,2025-09-12,1500.0,1500.0,100.0,100,2025-09-15,0,上交所,多种价格（混合式）招标发行,在国债登记公司开立债券账户及在证券登记公司开立股票和基金账户的各类投资者,2025-09-05,2025年记账式附息(十八期)国债,2025
19781,25特国03,2025-09-10,2025-09-10,350.0,350.0,96.94,100,2025-09-11,2,上交所,荷兰式招标发行,在国债登记公司开立债券账户及在证券登记公司开立股票和基金账户的各类投资者,2025-09-03,2025年超长期特别国债(三期),2025
19786,25国债14,2025-09-10,2025-09-10,1490.0,1490.0,99.98,100,2025-09-11,2,上交所,多种价格（混合式）招标发行,在国债登记公司开立债券账户及在证券登记公司开立股票和基金账户的各类投资者,2025-09-03,2025年记账式附息(十四期)国债,2025
251707,25储蓄07,2025-09-19,2025-09-10,225.0,225.0,100.0,100,2025-09-22,0,银行间债券市场,其他,个人投资者,2025-09-05,2025年第七期储蓄国债(电子式),2025
251708,25储蓄08,2025-09-19,2025-09-10,225.0,225.0,100.0,100,2025-09-22,0,银行间债券市场,其他,个人投资者,2025-09-05,2025年第八期储蓄国债(电子式),2025
20755,25贴债56,2025-09-10,2025-09-10,303.7,300.0,99.683,100,2025-09-11,0,上交所,多种价格（混合式）招标发行,在国债登记公司开立债券账户及在证券登记公司开立股票和基金账户的各类投资者,2025-09-09,2025年记账式贴现(五十六期)国债,2025
19785,25国债13,2025-09-05,2025-09-05,1570.0,1570.0,100.146,100,2025-09-08,2,上交所,多种价格（混合式）招标发行,在国债登记公司开立债券账户及在证券登记公司开立股票和基金账户的各类投资者,2025-09-09,2025年记账式附息(十三期)国债,2025
19789,25特国06,2025-09-05,2025-09-05,820.0,820.0,100.88,100,2025-09-08,1,上交所,荷兰式招标发行,在国债登记公司开立债券账户及在证券登记公司开立股票和基金账户的各类投资者,2025-08-29,2025年超长期特别国债(六期),2025
20752,25贴债53,2025-09-03,2025-09-03,600.0,600.0,99.351,100,2025-09-04,0,上交所,多种价格（混合式）招标发行,在国债登记公司开立债券账户及在证券登记公司开立股票和基金账户的各类投资者,2025-08-27,2025年记账式贴现(五十三期)国债,2025
20753,25贴债54,2025-09-03,2025-09-03,200.7,200.0,99.793,100,2025-09-04,0,上交所,多种价格（混合式）招标发行,在国债登记公司开立债券账户及在证券登记公司开立股票和基金账户的各类投资者,2025-09-02,2025年记账式贴现(五十四期)国债,2025
20754,25贴债55,2025-09-03,2025-09-03,300.0,300.0,99.693,100,2025-09-04,0,上交所,多种价格（混合式）招标发行,在国债登记公司开立债券账户及在证券登记公司开立股票和基金账户的各类投资者,2025-09-02,2025年记账式贴现(五十五期)国债,2025
19788,25国债16,2025-08-22,2025-08-22,1540.1,1540.0,100.0,100,2025-08-25,0,上交所,多种价格（混合式）招标发行,在国债登记公司开立债券账户及在证券登记公司开立股票和基金账户的各类投资者,2025-08-15,2025年记账式附息(十六期)国债,2025
19789,25特国06,2025-08-22,2025-08-22,830.0,830.0,100.0,100,2025-08-25,0,上交所,荷兰式招标发行,在国债登记公司开立债券账户及在证券登记公司开立股票和基金账户的各类投资者,2025-08-15,2025年超长期特别国债(六期),2025
19786,25国债14,2025-08-20,2025-08-20,1253.0,1250.0,99.94,100,2025-08-21,1,上交所,多种价格（混合式）招标发行,在国债登记公司开立债券账户及在证券登记公司开立股票和基金账户的各类投资者,2025-08-13,2025年记账式附息(十四期)国债,2025
20751,25贴债52,2025-08-20,2025-08-20,303.8,300.0,99.684,100,2025-08-21,0,上交所,多种价格（混合式）招标发行,在国债登记公司开立债券账户及在证券登记公司开立股票和基金账户的各类投资者,2025-08-19,2025年记账式贴现(五十二期)国债,2025
19783,25特国04,2025-08-14,2025-08-14,350.0,350.0,97.89,100,2025-08-15,1,上交所,荷兰式招标发行,在国债登记公司开立债券账户及在证券登记公司开立股票和基金账户的各类投资者,2025-08-18,2025年超长期特别国债(四期),2025
19787,25国债15,2025-08-14,2025-08-14,1450.0,1450.0,100.0,100,2025-08-15,0,上交所,多种价格（混合式）招标发行,在国债登记公司开立债券账户及在证券登记公司开立股票和基金账户的各类投资者,2025-08-07,2025年记账式附息(十五期)国债,2025
20749,25贴债50,2025-08-13,2025-08-13,200.0,200.0,99.795,100,2025-08-14,0,上交所,多种价格（混合式）招标发行,在国债登记公司开立债券账户及在证券登记公司开立股票和基金账户的各类投资者,2025-08-12,2025年记账式贴现(五十期)国债,2025
20750,25贴债51,2025-08-13,2025-08-13,300.0,300.0,99.694,100,2025-08-14,0,上交所,多种价格（混合式）招标发行,在国债登记公司开立债券账户及在证券登记公司开立股票和基金账户的各类投资者,2025-08-12,2025年记账式贴现(五十一期)国债,2025
20747,25贴债48,2025-08-11,2025-08-11,600.0,600.0,99.344,100,2025-08-12,0,上交所,多种价格（混合式）招标发行,在国债登记公司开立债券账户及在证券登记公司开立股票和基金账户的各类投资者,2025-08-04,2025年记账式贴现(四十八期)国债,2025
20748,25贴债49,2025-08-11,2025-08-11,202.6,200.0,99.914,100,2025-08-12,0,上交所,多种价格（混合式）招标发行,在国债登记公司开立债券账户及在证券登记公司开立股票和基金账户的各类投资者,2025-08-08,2025年记账式贴现(四十九期)国债,2025
19772,25国债07,2025-08-08,2025-08-08,1260.0,1260.0,101.83,100,2025-08-11,3,上交所,多种价格（混合式）招标发行,在国债登记公司开立债券账户及在证券登记公司开立股票和基金账户的各类投资者,2025-08-12,2025年记账式附息(七期)国债,2025
19784,25特国05,2025-08-08,2025-08-08,820.0,820.0,98.84,100,2025-08-11,2,上交所,荷兰式招标发行,在国债登记公司开立债券账户及在证券登记公司开立股票和基金账户的各类投资者,2025-08-12,2025年超长期特别国债(五期),2025
19785,25国债13,2025-08-06,2025-08-06,1465.3,1450.0,100.049,100,2025-08-07,1,上交所,多种价格（混合式）招标发行,在国债登记公司开立债券账户及在证券登记公司开立股票和基金账户的各类投资者,2025-08-08,2025年记账式附息(十三期)国债,2025
20745,25贴债46,2025-08-06,2025-08-06,600.0,600.0,99.355,100,2025-08-07,0,上交所,多种价格（混合式）招标发行,在国债登记公司开立债券账户及在证券登记公司开立股票和基金账户的各类投资者,2025-07-30,2025年记账式贴现(四十六期)国债,2025
20746,25贴债47,2025-08-06,2025-08-06,300.2,300.0,99.699,100,2025-08-07,0,上交所,多种价格（混合式）招标发行,在国债登记公司开立债券账户及在证券登记公司开立股票和基金账户的各类投资者,2025-08-05,2025年记账式贴现(四十七期)国债,2025
19781,25特国03,2025-08-01,2025-08-01,350.0,350.0,102.95,100,2025-08-04,1,上交所,荷兰式招标发行,在国债登记公司开立债券账户及在证券登记公司开立股票和基金账户的各类投资者,2025-08-05,2025年超长期特别国债(三期),2025
19782,25国债12,2025-08-01,2025-08-01,1452.6,1450.0,100.18,100,2025-08-04,2,上交所,多种价格（混合式）招标发行,在国债登记公司开立债券账户及在证券登记公司开立股票和基金账户的各类投资者,2025-08-05,2025年记账式附息(十二期)国债,2025
19784,25特国05,2025-07-24,2025-07-24,830.0,830.0,98.42,100,2025-07-25,1,上交所,荷兰式招标发行,在国债登记公司开立债券账户及在证券登记公司开立股票和基金账户的各类投资者,2025-07-28,2025年超长期特别国债(五期),2025
19785,25国债13,2025-07-24,2025-07-24,1240.0,1240.0,100.0,100,2025-07-25,0,上交所,多种价格（混合式）招标发行,在国债登记公司开立债券账户及在证券登记公司开立股票和基金账户的各类投资者,2025-07-17,2025年记账式附息(十三期)国债,2025
19786,25国债14,2025-07-24,2025-07-24,1088.4,1080.0,100.0,100,2025-07-25,0,上交所,多种价格（混合式）招标发行,在国债登记公司开立债券账户及在证券登记公司开立股票和基金账户的各类投资者,2025-07-17,2025年记账式附息(十四期)国债,2025
20743,25贴债44,2025-07-23,2025-07-23,600.0,600.0,99.344,100,2025-07-24,0,上交所,多种价格（混合式）招标发行,在国债登记公司开立债券账户及在证券登记公司开立股票和基金账户的各类投资者,2025-07-16,2025年记账式贴现(四十四期)国债,2025
20744,25贴债45,2025-07-23,2025-07-23,302.1,300.0,99.696,100,2025-07-24,0,上交所,多种价格（混合式）招标发行,在国债登记公司开立债券账户及在证券登记公司开立股票和基金账户的各类投资者,2025-07-22,2025年记账式贴现(四十五期)国债,2025
20741,25贴债42,2025-07-16,2025-07-16,602.1,600.0,99.373,100,2025-07-17,0,上交所,多种价格（混合式）招标发行,在国债登记公司开立债券账户及在证券登记公司开立股票和基金账户的各类投资者,2025-07-09,2025年记账式贴现(四十二期)国债,2025
20742,25贴债43,2025-07-16,2025-07-16,300.0,300.0,99.7,100,2025-07-17,0,上交所,多种价格（混合式）招标发行,在国债登记公司开立债券账户及在证券登记公司开立股票和基金账户的各类投资者,2025-07-15,2025年记账式贴现(四十三期)国债,2025
19783,25特国04,2025-07-14,2025-07-14,400.0,400.0,100.0,100,2025-07-15,0,上交所,荷兰式招标发行,在国债登记公司开立债券账户及在证券登记公司开立股票和基金账户的各类投资者,2025-07-07,2025年超长期特别国债(四期),2025
19784,25特国05,2025-07-14,2025-07-14,830.0,830.0,100.0,100,2025-07-15,0,上交所,荷兰式招标发行,在国债登记公司开立债券账户及在证券登记公司开立股票和基金账户的各类投资者,2025-07-07,2025年超长期特别国债(五期),2025
20740,25贴债41,2025-07-14,2025-07-14,301.0,300.0,99.699,100,2025-07-15,0,上交所,多种价格（混合式）招标发行,在国债登记公司开立债券账户及在证券登记公司开立股票和基金账户的各类投资者,2025-07-11,2025年记账式贴现(四十一期)国债,2025
19779,25国债10,2025-07-11,2025-07-11,1241.8,1240.0,100.44,100,2025-07-14,2,上交所,多种价格（混合式）招标发行,在国债登记公司开立债券账户及在证券登记公司开立股票和基金账户的各类投资者,2025-07-15,2025年记账式附息(十期)国债,2025
19782,25国债12,2025-07-11,2025-07-11,1240.3,1240.0,100.15,100,2025-07-14,1,上交所,多种价格（混合式）招标发行,在国债登记公司开立债券账户及在证券登记公司开立股票和基金账户的各类投资者,2025-07-15,2025年记账式附息(十二期)国债,2025
251705,25储蓄05,2025-07-19,2025-07-10,225.0,225.0,100.0,100,2025-07-21,0,银行间债券市场,其他,个人投资者,2025-07-07,2025年第五期储蓄国债(电子式),2025
251706,25储蓄06,2025-07-19,2025-07-10,225.0,225.0,100.0,100,2025-07-21,0,银行间债券市场,其他,个人投资者,2025-07-07,2025年第六期储蓄国债(电子式),2025
19772,25国债07,2025-07-04,2025-07-04,1090.0,1090.0,102.15,100,2025-07-07,2,上交所,多种价格（混合式）招标发行,在国债登记公司开立债券账户及在证券登记公司开立股票和基金账户的各类投资者,2025-07-08,2025年记账式附息(七期)国债,2025
19780,25国债11,2025-07-04,2025-07-04,1310.0,1310.0,100.66,100,2025-07-07,2,上交所,多种价格（混合式）招标发行,在国债登记公司开立债券账户及在证券登记公司开立股票和基金账户的各类投资者,2025-07-08,2025年记账式附息(十一期)国债,2025
20738,25贴债39,2025-07-02,2025-07-02,200.4,200.0,99.913,100,2025-07-03,0,上交所,多种价格（混合式）招标发行,在国债登记公司开立债券账户及在证券登记公司开立股票和基金账户的各类投资者,2025-07-01,2025年记账式贴现(三十九期)国债,2025
20739,25贴债40,2025-07-02,2025-07-02,200.4,200.0,99.793,100,2025-07-03,0,上交所,多种价格（混合式）招标发行,在国债登记公司开立债券账户及在证券登记公司开立股票和基金账户的各类投资者,2025-07-01,2025年记账式贴现(四十期)国债,2025
19776,25特国02,2025-06-24,2025-06-24,710.0,710.0,101.05,100,2025-06-25,4,上交所,荷兰式招标发行,在国债登记公司开立债券账户及在证券登记公司开立股票和基金账户的各类投资者,2025-06-26,2025年超长期特别国债(二期),2025
20737,25贴债38,2025-06-24,2025-06-24,400.0,400.0,99.687,100,2025-06-25,0,上交所,多种价格（混合式）招标发行,在国债登记公司开立债券账户及在证券登记公司开立股票和基金账户的各类投资者,2025-06-23,2025年记账式贴现(三十八期)国债,2025
19775,25特国01,2025-06-20,2025-06-20,500.0,500.0,102.09,100,2025-06-23,2,上交所,荷兰式招标发行,在国债登记公司开立债券账户及在证券登记公司开立股票和基金账户的各类投资者,2025-06-24,2025年超长期特别国债(一期),2025
19779,25国债10,2025-06-20,2025-06-20,1700.0,1700.0,100.38,100,2025-06-23,1,上交所,多种价格（混合式）招标发行,在国债登记公司开立债券账户及在证券登记公司开立股票和基金账户的各类投资者,2025-06-24,2025年记账式附息(十期)国债,2025
19768,25国债03,2025-06-18,2025-06-18,1703.3,1700.0,100.57,100,2025-06-19,3,上交所,多种价格（混合式）招标发行,在国债登记公司开立债券账户及在证券登记公司开立股票和基金账户的各类投资者,2025-06-20,2025年记账式附息(三期)国债,2025
20736,25贴债37,2025-06-18,2025-06-18,404.5,400.0,99.679,100,2025-06-19,0,上交所,多种价格（混合式）招标发行,在国债登记公司开立债券账户及在证券登记公司开立股票和基金账户的各类投资者,2025-06-17,2025年记账式贴现(三十七期)国债,2025
19780,25国债11,2025-06-13,2025-06-13,1700.0,1700.0,100.5,100,2025-06-16,1,上交所,多种价格（混合式）招标发行,在国债登记公司开立债券账户及在证券登记公司开立股票和基金账户的各类投资者,2025-06-17,2025年记账式附息(十一期)国债,2025
19782,25国债12,2025-06-13,2025-06-13,1715.8,1700.0,100.0,100,2025-06-16,0,上交所,多种价格（混合式）招标发行,在国债登记公司开立债券账户及在证券登记公司开立股票和基金账户的各类投资者,2025-06-06,2025年记账式附息(十二期)国债,2025
19773,25国债08,2025-06-11,2025-06-11,1701.9,1700.0,100.213,100,2025-06-12,2,上交所,多种价格（混合式）招标发行,在国债登记公司开立债券账户及在证券登记公司开立股票和基金账户的各类投资者,2025-06-13,2025年记账式附息(八期)国债,2025
20734,25贴债35,2025-06-11,2025-06-11,555.5,550.0,99.325,100,2025-06-12,0,上交所,多种价格（混合式）招标发行,在国债登记公司开立债券账户及在证券登记公司开立股票和基金账户的各类投资者,2025-06-04,2025年记账式贴现(三十五期)国债,2025
20735,25贴债36,2025-06-11,2025-06-11,405.2,400.0,99.673,100,2025-06-12,0,上交所,多种价格（混合式）招标发行,在国债登记公司开立债券账户及在证券登记公司开立股票和基金账户的各类投资者,2025-06-10,2025年记账式贴现(三十六期)国债,2025
251703,25储蓄03,2025-06-19,2025-06-10,211.1528,250.0,100.0,100,2025-06-20,0,银行间债券市场,其他,个人投资者,2025-06-06,2025年第三期储蓄国债(电子式),2025
251704,25储蓄04,2025-06-19,2025-06-10,234.7082,250.0,100.0,100,2025-06-20,0,银行间债券市场,其他,个人投资者,2025-06-06,2025年第四期储蓄国债(电子式),2025
19776,25特国02,2025-06-06,2025-06-06,710.0,710.0,100.14,100,2025-06-09,3,上交所,荷兰式招标发行,在国债登记公司开立债券账户及在证券登记公司开立股票和基金账户的各类投资者,2025-06-10,2025年超长期特别国债(二期),2025
19778,25国债09,2025-06-06,2025-06-06,1000.0,1000.0,99.77,100,2025-06-09,1,上交所,多种价格（混合式）招标发行,在国债登记公司开立债券账户及在证券登记公司开立股票和基金账户的各类投资者,2025-06-10,2025年记账式附息(九期)国债,2025
19777,25注特02,2025-06-04,2025-06-04,1050.0,1050.0,99.66,100,2025-06-05,1,上交所,多种价格（混合式）招标发行,在国债登记公司开立债券账户及在证券登记公司开立股票和基金账户的各类投资者,2025-06-06,2025年中央金融机构注资特别国债(二期),2025
20731,25贴债32,2025-06-04,2025-06-04,401.5,400.0,99.901,100,2025-06-05,0,上交所,多种价格（混合式）招标发行,在国债登记公司开立债券账户及在证券登记公司开立股票和基金账户的各类投资者,2025-06-03,2025年记账式贴现(三十二期)国债,2025
20732,25贴债33,2025-06-04,2025-06-04,400.0,400.0,99.767,100,2025-06-05,0,上交所,多种价格（混合式）招标发行,在国债登记公司开立债券账户及在证券登记公司开立股票和基金账户的各类投资者,2025-06-03,2025年记账式贴现(三十三期)国债,2025
20733,25贴债34,2025-06-04,2025-06-04,400.3,400.0,99.662,100,2025-06-05,0,上交所,多种价格（混合式）招标发行,在国债登记公司开立债券账户及在证券登记公司开立股票和基金账户的各类投资者,2025-06-03,2025年记账式贴现(三十四期)国债,2025
19780,25国债11,2025-05-23,2025-05-23,1700.0,1700.0,100.0,100,2025-05-26,0,上交所,多种价格（混合式）招标发行,在国债登记公司开立债券账户及在证券登记公司开立股票和基金账户的各类投资者,2025-05-16,2025年记账式附息(十一期)国债,2025
19779,25国债10,2025-05-23,2025-05-23,1717.0,1700.0,100.0,100,2025-05-26,0,上交所,多种价格（混合式）招标发行,在国债登记公司开立债券账户及在证券登记公司开立股票和基金账户的各类投资者,2025-05-16,2025年记账式附息(十期)国债,2025
19781,25特国03,2025-05-23,2025-05-23,500.0,500.0,100.0,100,2025-05-26,0,上交所,荷兰式招标发行,在国债登记公司开立债券账户及在证券登记公司开立股票和基金账户的各类投资者,2025-05-16,2025年超长期特别国债(三期),2025
19776,25特国02,2025-05-21,2025-05-21,710.0,710.0,100.12,100,2025-05-22,2,上交所,荷兰式招标发行,在国债登记公司开立债券账户及在证券登记公司开立股票和基金账户的各类投资者,2025-05-23,2025年超长期特别国债(二期),2025
20729,25贴债30,2025-05-21,2025-05-21,550.0,550.0,99.306,100,2025-05-22,0,上交所,多种价格（混合式）招标发行,在国债登记公司开立债券账户及在证券登记公司开立股票和基金账户的各类投资者,2025-05-14,2025年记账式贴现(三十期)国债,2025
20730,25贴债31,2025-05-21,2025-05-21,401.0,400.0,99.662,100,2025-05-22,0,上交所,多种价格（混合式）招标发行,在国债登记公司开立债券账户及在证券登记公司开立股票和基金账户的各类投资者,2025-05-20,2025年记账式贴现(三十一期)国债,2025
19771,25国债06,2025-05-16,2025-05-16,1700.0,1700.0,100.55,100,2025-05-19,2,上交所,多种价格（混合式）招标发行,在国债登记公司开立债券账户及在证券登记公司开立股票和基金账户的各类投资者,2025-05-20,2025年记账式附息(六期)国债,2025
19775,25特国01,2025-05-16,2025-05-16,500.0,500.0,99.95,100,2025-05-19,1,上交所,荷兰式招标发行,在国债登记公司开立债券账户及在证券登记公司开立股票和基金账户的各类投资者,2025-05-20,2025年超长期特别国债(一期),2025
19774,25注特01,2025-05-14,2025-05-14,850.0,850.0,99.84,100,2025-05-15,1,上交所,多种价格（混合式）招标发行,在国债登记公司开立债券账户及在证券登记公司开立股票和基金账户的各类投资者,2025-05-16,2025年中央金融机构注资特别国债(一期),2025
19778,25国债09,2025-05-14,2025-05-14,1000.0,1000.0,100.0,100,2025-05-15,0,上交所,多种价格（混合式）招标发行,在国债登记公司开立债券账户及在证券登记公司开立股票和基金账户的各类投资者,2025-05-09,2025年记账式附息(九期)国债,2025
20728,25贴债29,2025-05-14,2025-05-14,404.9,400.0,99.666,100,2025-05-15,0,上交所,多种价格（混合式）招标发行,在国债登记公司开立债券账户及在证券登记公司开立股票和基金账户的各类投资者,2025-05-13,2025年记账式贴现(二十九期)国债,2025
19777,25注特02,2025-05-14,2025-05-14,1450.0,1450.0,100.0,100,2025-05-15,0,上交所,多种价格（混合式）招标发行,在国债登记公司开立债券账户及在证券登记公司开立股票和基金账户的各类投资者,2025-05-09,2025年中央金融机构注资特别国债(二期),2025
19773,25国债08,2025-05-09,2025-05-09,1700.0,1700.0,100.094,100,2025-05-12,1,上交所,多种价格（混合式）招标发行,在国债登记公司开立债券账户及在证券登记公司开立股票和基金账户的各类投资者,2025-05-13,2025年记账式附息(八期)国债,2025
19776,25特国02,2025-05-09,2025-05-09,710.0,710.0,100.86,100,2025-05-12,1,上交所,荷兰式招标发行,在国债登记公司开立债券账户及在证券登记公司开立股票和基金账户的各类投资者,2025-05-13,2025年超长期特别国债(二期),2025
20725,25贴债26,2025-05-07,2025-05-07,200.0,200.0,99.904,100,2025-05-08,0,上交所,多种价格（混合式）招标发行,在国债登记公司开立债券账户及在证券登记公司开立股票和基金账户的各类投资者,2025-05-06,2025年记账式贴现国债(二十六期),2025
20726,25贴债27,2025-05-07,2025-05-07,400.0,400.0,99.765,100,2025-05-08,0,上交所,多种价格（混合式）招标发行,在国债登记公司开立债券账户及在证券登记公司开立股票和基金账户的各类投资者,2025-05-06,2025年记账式贴现国债(二十七期),2025
20727,25贴债28,2025-05-07,2025-05-07,400.0,400.0,99.658,100,2025-05-08,0,上交所,多种价格（混合式）招标发行,在国债登记公司开立债券账户及在证券登记公司开立股票和基金账户的各类投资者,2025-05-06,2025年记账式贴现国债(二十八期),2025
19775,25特国01,2025-04-24,2025-04-24,500.0,500.0,100.0,100,2025-04-25,0,上交所,荷兰式招标发行,在国债登记公司开立债券账户及在证券登记公司开立股票和基金账户的各类投资者,2025-04-17,2025年超长期特别国债(一期),2025
19776,25特国02,2025-04-24,2025-04-24,710.0,710.0,100.0,100,2025-04-25,0,上交所,荷兰式招标发行,在国债登记公司开立债券账户及在证券登记公司开立股票和基金账户的各类投资者,2025-04-17,2025年超长期特别国债(二期),2025
19774,25注特01,2025-04-24,2025-04-24,1650.0,1650.0,100.0,100,2025-04-25,0,上交所,多种价格（混合式）招标发行,在国债登记公司开立债券账户及在证券登记公司开立股票和基金账户的各类投资者,2025-04-17,2025年中央金融机构注资特别国债(一期),2025
20724,25贴债25,2025-04-24,2025-04-24,400.0,400.0,99.655,100,2025-04-25,0,上交所,多种价格（混合式）招标发行,在国债登记公司开立债券账户及在证券登记公司开立股票和基金账户的各类投资者,2025-04-23,2025年记账式贴现(二十五期)国债,2025
20722,25贴债23,2025-04-16,2025-04-16,550.0,550.0,99.315,100,2025-04-17,0,上交所,多种价格（混合式）招标发行,在国债登记公司开立债券账户及在证券登记公司开立股票和基金账户的各类投资者,2025-04-09,2025年记账式贴现(二十三期)国债,2025
20723,25贴债24,2025-04-16,2025-04-16,400.0,400.0,99.664,100,2025-04-17,0,上交所,多种价格（混合式）招标发行,在国债登记公司开立债券账户及在证券登记公司开立股票和基金账户的各类投资者,2025-04-15,2025年记账式贴现(二十四期)国债,2025
19770,25国债05,2025-04-14,2025-04-14,1700.0,1700.0,100.26,100,2025-04-15,2,上交所,多种价格（混合式）招标发行,在国债登记公司开立债券账户及在证券登记公司开立股票和基金账户的各类投资者,2025-04-16,2025年记账式附息(五期)国债,2025
19773,25国债08,2025-04-14,2025-04-14,1700.0,1700.0,100.0,100,2025-04-15,0,上交所,多种价格（混合式）招标发行,在国债登记公司开立债券账户及在证券登记公司开立股票和基金账户的各类投资者,2025-04-07,2025年记账式附息(八期)国债,2025
19767,25国债02,2025-04-11,2025-04-11,270.0,270.0,102.17,100,2025-04-14,3,上交所,荷兰式招标发行,在国债登记公司开立债券账户及在证券登记公司开立股票和基金账户的各类投资者,2025-04-15,2025年记账式附息(二期)国债,2025
19772,25国债07,2025-04-11,2025-04-11,1700.0,1700.0,101.59,100,2025-04-14,1,上交所,多种价格（混合式）招标发行,在国债登记公司开立债券账户及在证券登记公司开立股票和基金账户的各类投资者,2025-04-15,2025年记账式附息(七期)国债,2025
251702,25储蓄02,2025-04-19,2025-04-10,250.0,250.0,100.0,100,2025-04-21,0,银行间债券市场,其他,个人投资者,2025-04-07,2025年第二期储蓄国债(电子式),2025
251701,25储蓄01,2025-04-19,2025-04-10,250.0,250.0,100.0,100,2025-04-21,0,银行间债券市场,其他,个人投资者,2025-04-07,2025年第一期储蓄国债(电子式),2025
20719,25贴债20,2025-04-09,2025-04-09,200.9,200.0,99.896,100,2025-04-10,0,上交所,多种价格（混合式）招标发行,在国债登记公司开立债券账户及在证券登记公司开立股票和基金账户的各类投资者,2025-04-08,2025年记账式贴现(二十期)国债,2025
20720,25贴债21,2025-04-09,2025-04-09,200.0,200.0,99.759,100,2025-04-10,0,上交所,多种价格（混合式）招标发行,在国债登记公司开立债券账户及在证券登记公司开立股票和基金账户的各类投资者,2025-04-08,2025年记账式贴现(二十一期)国债,2025
20721,25贴债22,2025-04-09,2025-04-09,400.7,400.0,99.642,100,2025-04-10,0,上交所,多种价格（混合式）招标发行,在国债登记公司开立债券账户及在证券登记公司开立股票和基金账户的各类投资者,2025-04-08,2025年记账式贴现(二十二期)国债,2025
19769,25国债04,2025-04-02,2025-04-02,1700.0,1700.0,98.62,100,2025-04-03,2,上交所,多种价格（混合式）招标发行,在国债登记公司开立债券账户及在证券登记公司开立股票和基金账户的各类投资者,2025-04-07,2025年记账式附息(四期)国债,2025
19771,25国债06,2025-04-02,2025-04-02,1701.4,1700.0,100.17,100,2025-04-03,1,上交所,多种价格（混合式）招标发行,在国债登记公司开立债券账户及在证券登记公司开立股票和基金账户的各类投资者,2025-04-07,2025年记账式附息(六期)国债,2025
20718,25贴债19,2025-04-02,2025-04-02,400.0,400.0,99.637,100,2025-04-03,0,上交所,多种价格（混合式）招标发行,在国债登记公司开立债券账户及在证券登记公司开立股票和基金账户的各类投资者,2025-03-31,2025年记账式贴现(十九期)国债,2025
19768,25国债03,2025-03-24,2025-03-24,1825.1,1820.0,99.08,100,2025-03-25,2,上交所,多种价格（混合式）招标发行,在国债登记公司开立债券账户及在证券登记公司开立股票和基金账户的各类投资者,2025-03-26,2025年记账式附息(三期)国债,2025
19772,25国债07,2025-03-24,2025-03-24,1680.0,1680.0,100.0,100,2025-03-25,0,上交所,多种价格（混合式）招标发行,在国债登记公司开立债券账户及在证券登记公司开立股票和基金账户的各类投资者,2025-03-17,2025年记账式附息(七期)国债,2025
19770,25国债05,2025-03-19,2025-03-19,1670.0,1670.0,99.53,100,2025-03-20,1,上交所,多种价格（混合式）招标发行,在国债登记公司开立债券账户及在证券登记公司开立股票和基金账户的各类投资者,2025-03-21,2025年记账式附息(五期)国债,2025
20717,25贴债18,2025-03-19,2025-03-19,550.7,550.0,99.613,100,2025-03-20,0,上交所,多种价格（混合式）招标发行,在国债登记公司开立债券账户及在证券登记公司开立股票和基金账户的各类投资者,2025-03-18,2025年记账式贴现(十八期)国债,2025
19767,25国债02,2025-03-14,2025-03-14,300.0,300.0,97.15,100,2025-03-17,2,上交所,荷兰式招标发行,在国债登记公司开立债券账户及在证券登记公司开立股票和基金账户的各类投资者,2025-03-18,2025年记账式附息(二期)国债,2025
19771,25国债06,2025-03-14,2025-03-14,1674.5,1670.0,100.0,100,2025-03-17,0,上交所,多种价格（混合式）招标发行,在国债登记公司开立债券账户及在证券登记公司开立股票和基金账户的各类投资者,2025-03-10,2025年记账式附息(六期)国债,2025
20715,25贴债16,2025-03-12,2025-03-12,550.0,550.0,99.207,100,2025-03-13,0,上交所,多种价格（混合式）招标发行,在国债登记公司开立债券账户及在证券登记公司开立股票和基金账户的各类投资者,2025-03-07,2025年记账式贴现(十六期)国债,2025
20716,25贴债17,2025-03-12,2025-03-12,553.6,550.0,99.611,100,2025-03-13,0,上交所,多种价格（混合式）招标发行,在国债登记公司开立债券账户及在证券登记公司开立股票和基金账户的各类投资者,2025-03-11,2025年记账式贴现(十七期)国债,2025
19766,25国债01,2025-03-07,2025-03-07,1270.0,1270.0,99.854,100,2025-03-10,2,上交所,多种价格（混合式）招标发行,在国债登记公司开立债券账户及在证券登记公司开立股票和基金账户的各类投资者,2025-03-11,2025年记账式附息(一期)国债,2025
19769,25国债04,2025-03-07,2025-03-07,1360.0,1360.0,98.76,100,2025-03-10,1,上交所,多种价格（混合式）招标发行,在国债登记公司开立债券账户及在证券登记公司开立股票和基金账户的各类投资者,2025-03-11,2025年记账式附息(四期)国债,2025
20712,25贴债13,2025-03-05,2025-03-05,400.9,400.0,99.888,100,2025-03-06,0,上交所,多种价格（混合式）招标发行,在国债登记公司开立债券账户及在证券登记公司开立股票和基金账户的各类投资者,2025-03-04,2025年记账式贴现(十三期)国债,2025
20713,25贴债14,2025-03-05,2025-03-05,400.0,400.0,99.74,100,2025-03-06,0,上交所,多种价格（混合式）招标发行,在国债登记公司开立债券账户及在证券登记公司开立股票和基金账户的各类投资者,2025-03-04,2025年记账式贴现(十四期)国债,2025
20714,25贴债15,2025-03-05,2025-03-05,551.5,550.0,99.62,100,2025-03-06,0,上交所,多种价格（混合式）招标发行,在国债登记公司开立债券账户及在证券登记公司开立股票和基金账户的各类投资者,2025-03-04,2025年记账式贴现(十五期)国债,2025
19768,25国债03,2025-02-24,2025-02-24,1020.0,1020.0,99.52,100,2025-02-25,1,上交所,多种价格（混合式）招标发行,在国债登记公司开立债券账户及在证券登记公司开立股票和基金账户的各类投资者,2025-02-26,2025年记账式附息(三期)国债,2025
19770,25国债05,2025-02-24,2025-02-24,1070.0,1070.0,100.0,100,2025-02-25,0,上交所,多种价格（混合式）招标发行,在国债登记公司开立债券账户及在证券登记公司开立股票和基金账户的各类投资者,2025-02-17,2025年记账式附息(五期)国债,2025
19762,24国债25,2025-02-19,2025-02-19,880.0,880.0,99.44,100,2025-02-20,2,上交所,多种价格（混合式）招标发行,在国债登记公司开立债券账户及在证券登记公司开立股票和基金账户的各类投资者,2025-02-21,2024年记账式附息(二十五期)国债,2025
20711,25贴债12,2025-02-19,2025-02-19,550.0,550.0,99.646,100,2025-02-20,0,上交所,多种价格（混合式）招标发行,在国债登记公司开立债券账户及在证券登记公司开立股票和基金账户的各类投资者,2025-02-18,2025年记账式贴现(十二期)国债,2025
19738,24国债07,2025-02-14,2025-02-14,200.0,200.0,124.68,100,2025-02-17,1,上交所,荷兰式招标发行,在国债登记公司开立债券账户及在证券登记公司开立股票和基金账户的各类投资者,2025-02-18,2024年记账式附息(七期)国债,2025
19766,25国债01,2025-02-14,2025-02-14,1070.0,1070.0,99.99,100,2025-02-17,1,上交所,多种价格（混合式）招标发行,在国债登记公司开立债券账户及在证券登记公司开立股票和基金账户的各类投资者,2025-02-18,2025年记账式附息(一期)国债,2025
19769,25国债04,2025-02-14,2025-02-14,1160.0,1160.0,100.0,100,2025-02-17,0,上交所,多种价格（混合式）招标发行,在国债登记公司开立债券账户及在证券登记公司开立股票和基金账户的各类投资者,2025-02-08,2025年记账式附息(四期)国债,2025
20709,25贴债10,2025-02-12,2025-02-12,551.5,550.0,99.327,100,2025-02-13,0,上交所,多种价格（混合式）招标发行,在国债登记公司开立债券账户及在证券登记公司开立股票和基金账户的各类投资者,2025-02-06,2025年记账式贴现(十期)国债,2025
20710,25贴债11,2025-02-12,2025-02-12,554.1,550.0,99.663,100,2025-02-13,0,上交所,多种价格（混合式）招标发行,在国债登记公司开立债券账户及在证券登记公司开立股票和基金账户的各类投资者,2025-02-11,2025年记账式贴现(十一期)国债,2025
19761,24国债24,2025-02-07,2025-02-07,1070.0,1070.0,99.96,100,2025-02-10,2,上交所,多种价格（混合式）招标发行,在国债登记公司开立债券账户及在证券登记公司开立股票和基金账户的各类投资者,2025-02-11,2024年记账式附息(二十四期)国债,2025
19767,25国债02,2025-02-07,2025-02-07,300.0,300.0,102.92,100,2025-02-10,1,上交所,荷兰式招标发行,在国债登记公司开立债券账户及在证券登记公司开立股票和基金账户的各类投资者,2025-02-11,2025年记账式附息(二期)国债,2025
20706,25贴债07,2025-02-05,2025-02-05,400.0,400.0,99.902,100,2025-02-06,0,上交所,多种价格（混合式）招标发行,在国债登记公司开立债券账户及在证券登记公司开立股票和基金账户的各类投资者,2025-01-27,2025年记账式贴现(七期)国债,2025
20707,25贴债08,2025-02-05,2025-02-05,400.0,400.0,99.77,100,2025-02-06,0,上交所,多种价格（混合式）招标发行,在国债登记公司开立债券账户及在证券登记公司开立股票和基金账户的各类投资者,2025-01-27,2025年记账式贴现(八期)国债,2025
20708,25贴债09,2025-02-05,2025-02-05,550.0,550.0,99.66,100,2025-02-06,0,上交所,多种价格（混合式）招标发行,在国债登记公司开立债券账户及在证券登记公司开立股票和基金账户的各类投资者,2025-01-27,2025年记账式贴现(九期)国债,2025
19759,24国债22,2025-01-24,2025-01-24,1170.0,1170.0,100.6,100,2025-01-27,2,上交所,多种价格（混合式）招标发行,在国债登记公司开立债券账户及在证券登记公司开立股票和基金账户的各类投资者,2025-02-05,2024年记账式附息(二十二期)国债,2025
19768,25国债03,2025-01-24,2025-01-24,1120.0,1120.0,100.0,100,2025-01-27,0,上交所,多种价格（混合式）招标发行,在国债登记公司开立债券账户及在证券登记公司开立股票和基金账户的各类投资者,2025-01-17,2025年记账式附息(三期)国债,2025
19760,24国债23,2025-01-22,2025-01-22,1260.0,1260.0,104.17,100,2025-01-23,2,上交所,多种价格（混合式）招标发行,在国债登记公司开立债券账户及在证券登记公司开立股票和基金账户的各类投资者,2025-01-26,2024年记账式附息(二十三期)国债,2025
20705,25贴债06,2025-01-22,2025-01-22,550.0,550.0,99.663,100,2025-01-23,0,上交所,多种价格（混合式）招标发行,在国债登记公司开立债券账户及在证券登记公司开立股票和基金账户的各类投资者,2025-01-21,2025年记账式贴现(六期)国债,2025
20703,25贴债04,2025-01-15,2025-01-15,551.6,550.0,99.345,100,2025-01-16,0,上交所,多种价格（混合式）招标发行,在国债登记公司开立债券账户及在证券登记公司开立股票和基金账户的各类投资者,2025-01-08,2025年记账式贴现(四期)国债,2025
20704,25贴债05,2025-01-15,2025-01-15,550.2,550.0,99.677,100,2025-01-16,0,上交所,多种价格（混合式）招标发行,在国债登记公司开立债券账户及在证券登记公司开立股票和基金账户的各类投资者,2025-01-14,2025年记账式贴现(五期)国债,2025
19766,25国债01,2025-01-14,2025-01-14,1170.0,1170.0,100.0,100,2025-01-15,0,上交所,多种价格（混合式）招标发行,在国债登记公司开立债券账户及在证券登记公司开立股票和基金账户的各类投资者,2025-01-07,2025年记账式附息(一期)国债,2025
19767,25国债02,2025-01-14,2025-01-14,300.0,300.0,100.0,100,2025-01-15,0,上交所,荷兰式招标发行,在国债登记公司开立债券账户及在证券登记公司开立股票和基金账户的各类投资者,2025-01-07,2025年记账式附息(二期)国债,2025
19761,24国债24,2025-01-10,2025-01-10,1170.0,1170.0,99.89,100,2025-01-13,1,上交所,多种价格（混合式）招标发行,在国债登记公司开立债券账户及在证券登记公司开立股票和基金账户的各类投资者,2025-01-03,2024年记账式附息(二十四期)国债,2025
19762,24国债25,2025-01-10,2025-01-10,992.3,980.0,99.79,100,2025-01-13,1,上交所,多种价格（混合式）招标发行,在国债登记公司开立债券账户及在证券登记公司开立股票和基金账户的各类投资者,2025-01-14,2024年记账式附息(二十五期)国债,2025
20700,25贴债01,2025-01-08,2025-01-08,400.0,400.0,99.944,100,2025-01-09,0,上交所,多种价格（混合式）招标发行,在国债登记公司开立债券账户及在证券登记公司开立股票和基金账户的各类投资者,2025-01-07,2025年记账式贴现(一期)国债,2025
20701,25贴债02,2025-01-08,2025-01-08,400.9,400.0,99.85,100,2025-01-09,0,上交所,多种价格（混合式）招标发行,在国债登记公司开立债券账户及在证券登记公司开立股票和基金账户的各类投资者,2025-01-07,2025年记账式贴现(二期)国债,2025
20702,25贴债03,2025-01-08,2025-01-08,550.0,550.0,99.763,100,2025-01-09,0,上交所,多种价格（混合式）招标发行,在国债登记公司开立债券账户及在证券登记公司开立股票和基金账户的各类投资者,2025-01-07,2025年记账式贴现(三期)国债,2025
19758,24国债21,2024-12-24,2024-12-24,907.5,900.0,100.775,100,2024-12-25,2,上交所,多种价格（混合式）招标发行,在国债登记公司开立债券账户及在证券登记公司开立股票和基金账户的各类投资者,2024-12-26,2024年记账式附息(二十一期)国债,2024
19762,24国债25,2024-12-24,2024-12-24,406.6,400.0,100.0,100,2024-12-25,0,上交所,多种价格（混合式）招标发行,在国债登记公司开立债券账户及在证券登记公司开立股票和基金账户的各类投资者,2024-12-17,2024年记账式附息(二十五期)国债,2024
20698,24贴债77,2024-12-24,2024-12-24,200.7,200.0,99.973,100,2024-12-25,0,上交所,多种价格（混合式）招标发行,在国债登记公司开立债券账户及在证券登记公司开立股票和基金账户的各类投资者,2024-12-23,2024年记账式贴现(七十七期)国债,2024
20699,24贴债78,2024-12-24,2024-12-24,405.3,400.0,99.874,100,2024-12-25,0,上交所,多种价格（混合式）招标发行,在国债登记公司开立债券账户及在证券登记公司开立股票和基金账户的各类投资者,2024-12-23,2024年记账式贴现(七十八期)国债,2024
20695,24贴债74,2024-12-18,2024-12-18,406.4,400.0,99.499,100,2024-12-19,0,上交所,多种价格（混合式）招标发行,在国债登记公司开立债券账户及在证券登记公司开立股票和基金账户的各类投资者,2024-12-11,2024年记账式贴现(七十四期)国债,2024
20696,24贴债75,2024-12-18,2024-12-18,202.3,200.0,99.84,100,2024-12-19,0,上交所,多种价格（混合式）招标发行,在国债登记公司开立债券账户及在证券登记公司开立股票和基金账户的各类投资者,2024-12-17,2024年记账式贴现(七十五期)国债,2024
20697,24贴债76,2024-12-18,2024-12-18,402.0,400.0,99.754,100,2024-12-19,0,上交所,多种价格（混合式）招标发行,在国债登记公司开立债券账户及在证券登记公司开立股票和基金账户的各类投资者,2024-12-17,2024年记账式贴现(七十六期)国债,2024
19761,24国债24,2024-12-13,2024-12-13,955.0,950.0,100.0,100,2024-12-16,0,上交所,多种价格（混合式）招标发行,在国债登记公司开立债券账户及在证券登记公司开立股票和基金账户的各类投资者,2024-12-06,2024年记账式附息(二十四期)国债,2024
19759,24国债22,2024-12-11,2024-12-11,554.8,550.0,100.54,100,2024-12-12,1,上交所,多种价格（混合式）招标发行,在国债登记公司开立债券账户及在证券登记公司开立股票和基金账户的各类投资者,2024-12-13,2024年记账式附息(二十二期)国债,2024
19760,24国债23,2024-12-11,2024-12-11,502.9,500.0,102.24,100,2024-12-12,1,上交所,多种价格（混合式）招标发行,在国债登记公司开立债券账户及在证券登记公司开立股票和基金账户的各类投资者,2024-12-13,2024年记账式附息(二十三期)国债,2024
20693,24贴债72,2024-12-11,2024-12-11,406.3,400.0,99.395,100,2024-12-12,0,上交所,多种价格（混合式）招标发行,在国债登记公司开立债券账户及在证券登记公司开立股票和基金账户的各类投资者,2024-12-04,2024年记账式贴现(七十二期)国债,2024
20694,24贴债73,2024-12-11,2024-12-11,400.0,400.0,99.697,100,2024-12-12,0,上交所,多种价格（混合式）招标发行,在国债登记公司开立债券账户及在证券登记公司开立股票和基金账户的各类投资者,2024-12-10,2024年记账式贴现(七十三期)国债,2024
19726,23国债23,2024-12-06,2024-12-06,560.0,560.0,118.13,100,2024-12-09,7,上交所,荷兰式招标发行,在国债登记公司开立债券账户及在证券登记公司开立股票和基金账户的各类投资者,2024-12-10,2023年记账式附息(二十三期)国债,2024
19757,24国债20,2024-12-04,2024-12-04,450.0,450.0,101.13,100,2024-12-05,2,上交所,多种价格（混合式）招标发行,在国债登记公司开立债券账户及在证券登记公司开立股票和基金账户的各类投资者,2024-12-06,2024年记账式附息(二十期)国债,2024
20692,24贴债71,2024-11-27,2024-11-27,602.0,600.0,99.675,100,2024-11-28,0,上交所,多种价格（混合式）招标发行,在国债登记公司开立债券账户及在证券登记公司开立股票和基金账户的各类投资者,2024-11-26,2024年记账式贴现(七十一期)国债,2024
19760,24国债23,2024-11-22,2024-11-22,500.0,500.0,100.0,100,2024-11-25,0,上交所,多种价格（混合式）招标发行,在国债登记公司开立债券账户及在证券登记公司开立股票和基金账户的各类投资者,2024-11-15,2024年记账式附息(二十三期)国债,2024
19757,24国债20,2024-11-20,2024-11-20,480.0,480.0,100.56,100,2024-11-21,1,上交所,多种价格（混合式）招标发行,在国债登记公司开立债券账户及在证券登记公司开立股票和基金账户的各类投资者,2024-11-22,2024年记账式附息(二十期)国债,2024
19758,24国债21,2024-11-20,2024-11-20,953.9,950.0,100.134,100,2024-11-21,1,上交所,多种价格（混合式）招标发行,在国债登记公司开立债券账户及在证券登记公司开立股票和基金账户的各类投资者,2024-11-22,2024年记账式附息(二十一期)国债,2024
20690,24贴债69,2024-11-20,2024-11-20,602.0,600.0,99.342,100,2024-11-21,0,上交所,多种价格（混合式）招标发行,在国债登记公司开立债券账户及在证券登记公司开立股票和基金账户的各类投资者,2024-11-13,2024年记账式贴现(六十九期)国债,2024
20691,24贴债70,2024-11-20,2024-11-20,600.0,600.0,99.669,100,2024-11-21,0,上交所,多种价格（混合式）招标发行,在国债登记公司开立债券账户及在证券登记公司开立股票和基金账户的各类投资者,2024-11-19,2024年记账式贴现(七十期)国债,2024
19756,24特国06,2024-11-15,2024-11-15,500.0,500.0,98.51,100,2024-11-18,3,上交所,荷兰式招标发行,在国债登记公司开立债券账户及在证券登记公司开立股票和基金账户的各类投资者,2024-11-19,2024年超长期特别国债(六期),2024
19754,24国债18,2024-11-14,2024-11-14,501.6,500.0,100.18,100,2024-11-15,2,上交所,多种价格（混合式）招标发行,在国债登记公司开立债券账户及在证券登记公司开立股票和基金账户的各类投资者,2024-11-18,2024年记账式附息(十八期)国债,2024
19759,24国债22,2024-11-14,2024-11-14,700.9,700.0,100.0,100,2024-11-15,0,上交所,多种价格（混合式）招标发行,在国债登记公司开立债券账户及在证券登记公司开立股票和基金账户的各类投资者,2024-11-07,2024年记账式附息(二十二期)国债,2024
20688,24贴债67,2024-11-13,2024-11-13,303.0,300.0,99.786,100,2024-11-14,0,上交所,多种价格（混合式）招标发行,在国债登记公司开立债券账户及在证券登记公司开立股票和基金账户的各类投资者,2024-11-12,2024年记账式贴现(六十七期)国债,2024
20689,24贴债68,2024-11-13,2024-11-13,600.0,600.0,99.668,100,2024-11-14,0,上交所,多种价格（混合式）招标发行,在国债登记公司开立债券账户及在证券登记公司开立股票和基金账户的各类投资者,2024-11-12,2024年记账式贴现(六十八期)国债,2024
241709,24储蓄09,2024-11-19,2024-11-10,187.975,212.5,100.0,100,2024-11-20,0,银行间债券市场,其他,个人投资者,2024-11-05,2024年第九期储蓄国债(电子式),2024
241710,24储蓄10,2024-11-19,2024-11-10,199.6097,212.6,100.0,100,2024-11-20,0,银行间债券市场,其他,个人投资者,2024-11-05,2024年第十期储蓄国债(电子式),2024
19752,24特国05,2024-11-08,2024-11-08,300.0,300.0,100.98,100,2024-11-11,3,上交所,荷兰式招标发行,在国债登记公司开立债券账户及在证券登记公司开立股票和基金账户的各类投资者,2024-11-12,2024年超长期特别国债(五期),2024
19755,24国债19,2024-11-06,2024-11-06,950.0,950.0,100.12,100,2024-11-07,2,上交所,多种价格（混合式）招标发行,在国债登记公司开立债券账户及在证券登记公司开立股票和基金账户的各类投资者,2024-11-08,2024年记账式附息(十九期)国债,2024
20686,24贴债65,2024-11-06,2024-11-06,603.3,600.0,99.343,100,2024-11-07,0,上交所,多种价格（混合式）招标发行,在国债登记公司开立债券账户及在证券登记公司开立股票和基金账户的各类投资者,2024-10-30,2024年记账式贴现(六十五期)国债,2024
20687,24贴债66,2024-11-06,2024-11-06,200.0,200.0,99.912,100,2024-11-07,0,上交所,多种价格（混合式）招标发行,在国债登记公司开立债券账户及在证券登记公司开立股票和基金账户的各类投资者,2024-11-05,2024年记账式贴现(六十六期)国债,2024
19756,24特国06,2024-10-25,2024-10-25,480.0,480.0,96.1,100,2024-10-28,2,上交所,荷兰式招标发行,在国债登记公司开立债券账户及在证券登记公司开立股票和基金账户的各类投资者,2024-10-29,2024年超长期特别国债(六期),2024
19753,24国债17,2024-10-24,2024-10-24,1051.3,1050.0,100.25,100,2024-10-25,2,上交所,多种价格（混合式）招标发行,在国债登记公司开立债券账户及在证券登记公司开立股票和基金账户的各类投资者,2024-10-28,2024年记账式附息(十七期)国债,2024
19758,24国债21,2024-10-24,2024-10-24,1150.0,1150.0,100.0,100,2024-10-25,0,上交所,多种价格（混合式）招标发行,在国债登记公司开立债券账户及在证券登记公司开立股票和基金账户的各类投资者,2024-10-17,2024年记账式附息(二十一期)国债,2024
20684,24贴债63,2024-10-23,2024-10-23,600.0,600.0,99.309,100,2024-10-24,0,上交所,多种价格（混合式）招标发行,在国债登记公司开立债券账户及在证券登记公司开立股票和基金账户的各类投资者,2024-10-16,2024年记账式贴现(六十三期)国债,2024
20685,24贴债64,2024-10-23,2024-10-23,600.0,600.0,99.661,100,2024-10-24,0,上交所,多种价格（混合式）招标发行,在国债登记公司开立债券账户及在证券登记公司开立股票和基金账户的各类投资者,2024-10-22,2024年记账式贴现(六十四期)国债,2024
19752,24特国05,2024-10-18,2024-10-18,400.0,400.0,100.92,100,2024-10-21,2,上交所,荷兰式招标发行,在国债登记公司开立债券账户及在证券登记公司开立股票和基金账户的各类投资者,2024-10-22,2024年超长期特别国债(五期),2024
19746,24特国03,2024-10-16,2024-10-16,300.0,300.0,106.87,100,2024-10-17,2,上交所,荷兰式招标发行,在国债登记公司开立债券账户及在证券登记公司开立股票和基金账户的各类投资者,2024-10-18,2024年超长期特别国债(三期),2024
20682,24贴债61,2024-10-16,2024-10-16,200.7,200.0,99.794,100,2024-10-17,0,上交所,多种价格（混合式）招标发行,在国债登记公司开立债券账户及在证券登记公司开立股票和基金账户的各类投资者,2024-10-15,2024年记账式贴现(六十一期)国债,2024
20683,24贴债62,2024-10-16,2024-10-16,600.0,600.0,99.67,100,2024-10-17,0,上交所,多种价格（混合式）招标发行,在国债登记公司开立债券账户及在证券登记公司开立股票和基金账户的各类投资者,2024-10-15,2024年记账式贴现(六十二期)国债,2024
19755,24国债19,2024-10-14,2024-10-14,1154.2,1154.2,99.83,100,2024-10-15,1,上交所,多种价格（混合式）招标发行,在国债登记公司开立债券账户及在证券登记公司开立股票和基金账户的各类投资者,2024-10-16,2024年记账式附息(十九期)国债,2024
19757,24国债20,2024-10-14,2024-10-14,1040.8,1040.0,100.0,100,2024-10-15,0,上交所,多种价格（混合式）招标发行,在国债登记公司开立债券账户及在证券登记公司开立股票和基金账户的各类投资者,2024-10-09,2024年记账式附息(二十期)国债,2024
19756,24特国06,2024-10-11,2024-10-11,500.0,500.0,97.77,100,2024-10-14,1,上交所,荷兰式招标发行,在国债登记公司开立债券账户及在证券登记公司开立股票和基金账户的各类投资者,2024-10-15,2024年超长期特别国债(六期),2024
19751,24国债16,2024-10-09,2024-10-09,1150.0,1150.0,100.28,100,2024-10-10,2,上交所,多种价格（混合式）招标发行,在国债登记公司开立债券账户及在证券登记公司开立股票和基金账户的各类投资者,2024-10-12,2024年记账式附息(十六期)国债,2024
19754,24国债18,2024-10-09,2024-10-09,1000.0,1000.0,98.99,100,2024-10-10,1,上交所,多种价格（混合式）招标发行,在国债登记公司开立债券账户及在证券登记公司开立股票和基金账户的各类投资者,2024-10-12,2024年记账式附息(十八期)国债,2024
20680,24贴债59,2024-10-09,2024-10-09,600.0,600.0,99.3,100,2024-10-10,0,上交所,多种价格（混合式）招标发行,在国债登记公司开立债券账户及在证券登记公司开立股票和基金账户的各类投资者,2024-09-30,2024年记账式贴现(五十九期)国债,2024
20681,24贴债60,2024-10-09,2024-10-09,200.0,200.0,99.912,100,2024-10-10,0,上交所,多种价格（混合式）招标发行,在国债登记公司开立债券账户及在证券登记公司开立股票和基金账户的各类投资者,2024-10-08,2024年记账式贴现(六十期)国债,2024
20679,24贴债58,2024-09-27,2024-09-27,300.0,300.0,99.693,100,2024-09-30,0,上交所,多种价格（混合式）招标发行,在国债登记公司开立债券账户及在证券登记公司开立股票和基金账户的各类投资者,2024-09-26,2024年记账式贴现(五十八期)国债,2024
19753,24国债17,2024-09-24,2024-09-24,1420.0,1420.0,101.03,100,2024-09-25,1,上交所,多种价格（混合式）招标发行,在国债登记公司开立债券账户及在证券登记公司开立股票和基金账户的各类投资者,2024-09-26,2024年记账式附息(十七期)国债,2024
19756,24特国06,2024-09-24,2024-09-24,600.0,600.0,100.0,100,2024-09-25,0,上交所,荷兰式招标发行,在国债登记公司开立债券账户及在证券登记公司开立股票和基金账户的各类投资者,2024-09-14,2024年超长期特别国债(六期),2024
19755,24国债19,2024-09-24,2024-09-24,1370.0,1370.0,100.0,100,2024-09-25,0,上交所,多种价格（混合式）招标发行,在国债登记公司开立债券账户及在证券登记公司开立股票和基金账户的各类投资者,2024-09-14,2024年记账式附息(十九期)国债,2024
19752,24特国05,2024-09-20,2024-09-20,450.0,450.0,102.99,100,2024-09-23,1,上交所,荷兰式招标发行,在国债登记公司开立债券账户及在证券登记公司开立股票和基金账户的各类投资者,2024-09-24,2024年超长期特别国债(五期),2024
20677,24贴债56,2024-09-20,2024-09-20,650.0,650.0,99.336,100,2024-09-23,0,上交所,多种价格（混合式）招标发行,在国债登记公司开立债券账户及在证券登记公司开立股票和基金账户的各类投资者,2024-09-11,2024年记账式贴现(五十六期)国债,2024
20678,24贴债57,2024-09-20,2024-09-20,400.0,400.0,99.674,100,2024-09-23,0,上交所,多种价格（混合式）招标发行,在国债登记公司开立债券账户及在证券登记公司开立股票和基金账户的各类投资者,2024-09-19,2024年记账式贴现(五十七期)国债,2024
19754,24国债18,2024-09-13,2024-09-13,1290.0,1290.0,100.0,100,2024-09-18,0,上交所,多种价格（混合式）招标发行,在国债登记公司开立债券账户及在证券登记公司开立股票和基金账户的各类投资者,2024-09-06,2024年记账式附息(十八期)国债,2024
20676,24贴债55,2024-09-13,2024-09-13,300.0,300.0,99.679,100,2024-09-18,0,上交所,多种价格（混合式）招标发行,在国债登记公司开立债券账户及在证券登记公司开立股票和基金账户的各类投资者,2024-09-12,2024年记账式贴现(五十五期)国债,2024
19748,24国债14,2024-09-11,2024-09-11,1370.0,1370.0,101.51,100,2024-09-12,2,上交所,多种价格（混合式）招标发行,在国债登记公司开立债券账户及在证券登记公司开立股票和基金账户的各类投资者,2024-09-14,2024年记账式附息(十四期)国债,2024
19749,24国债15,2024-09-11,2024-09-11,1393.1,1370.0,100.282,100,2024-09-12,2,上交所,多种价格（混合式）招标发行,在国债登记公司开立债券账户及在证券登记公司开立股票和基金账户的各类投资者,2024-09-14,2024年记账式附息(十五期)国债,2024
20675,24贴债54,2024-09-11,2024-09-11,200.0,200.0,99.921,100,2024-09-12,0,上交所,多种价格（混合式）招标发行,在国债登记公司开立债券账户及在证券登记公司开立股票和基金账户的各类投资者,2024-09-10,2024年记账式贴现(五十四期)国债,2024
241707,24储蓄07,2024-09-19,2024-09-10,225.0,225.0,100.0,100,2024-09-20,0,银行间债券市场,其他,个人投资者,2024-09-04,2024年第七期储蓄国债(电子式),2024
241708,24储蓄08,2024-09-19,2024-09-10,225.0,225.0,100.0,100,2024-09-20,0,银行间债券市场,其他,个人投资者,2024-09-04,2024年第八期储蓄国债(电子式),2024
19750,24特国04,2024-09-06,2024-09-06,600.0,600.0,103.83,100,2024-09-09,3,上交所,荷兰式招标发行,在国债登记公司开立债券账户及在证券登记公司开立股票和基金账户的各类投资者,2024-09-10,2024年超长期特别国债(四期),2024
20673,24贴债52,2024-09-06,2024-09-06,652.2,650.0,99.316,100,2024-09-09,0,上交所,多种价格（混合式）招标发行,在国债登记公司开立债券账户及在证券登记公司开立股票和基金账户的各类投资者,2024-08-30,2024年记账式贴现(五十二期)国债,2024
20674,24贴债53,2024-09-06,2024-09-06,450.0,450.0,99.669,100,2024-09-09,0,上交所,多种价格（混合式）招标发行,在国债登记公司开立债券账户及在证券登记公司开立股票和基金账户的各类投资者,2024-09-05,2024年记账式贴现(五十三期)国债,2024
19751,24国债16,2024-09-04,2024-09-04,1370.0,1370.0,100.52,100,2024-09-05,1,上交所,多种价格（混合式）招标发行,在国债登记公司开立债券账户及在证券登记公司开立股票和基金账户的各类投资者,2024-09-06,2024年记账式附息(十六期)国债,2024
20672,24贴债51,2024-09-04,2024-09-04,350.0,350.0,99.789,100,2024-09-05,0,上交所,多种价格（混合式）招标发行,在国债登记公司开立债券账户及在证券登记公司开立股票和基金账户的各类投资者,2024-09-03,2024年记账式贴现(五十一期)国债,2024
19763,24续国01,2024-08-29,2024-08-29,3000.0,3000.0,100.0,100,2024-08-29,0,上交所,其他,在全国银行间债券市场面向境内有关银行定向发行,2024-08-19,2024年到期续作特别国债(一期),2024
19764,24续国02,2024-08-29,2024-08-29,1000.0,1000.0,100.0,100,2024-08-29,0,上交所,其他,在全国银行间债券市场面向境内有关银行定向发行,2024-08-19,2024年到期续作特别国债(二期),2024
20670,24贴债49,2024-08-23,2024-08-23,656.4,650.0,99.292,100,2024-08-26,0,上交所,多种价格（混合式）招标发行,在国债登记公司开立债券账户及在证券登记公司开立股票和基金账户的各类投资者,2024-08-16,2024年记账式贴现(四十九期)国债,2024
19753,24国债17,2024-08-23,2024-08-23,1300.0,1300.0,100.0,100,2024-08-26,0,上交所,多种价格（混合式）招标发行,在国债登记公司开立债券账户及在证券登记公司开立股票和基金账户的各类投资者,2024-08-16,2024年记账式附息(十七期)国债,2024
20671,24贴债50,2024-08-23,2024-08-23,300.0,300.0,99.655,100,2024-08-26,0,上交所,多种价格（混合式）招标发行,在国债登记公司开立债券账户及在证券登记公司开立股票和基金账户的各类投资者,2024-08-22,2024年记账式贴现(五十期)国债,2024
19750,24特国04,2024-08-21,2024-08-21,450.0,450.0,102.45,100,2024-08-22,2,上交所,荷兰式招标发行,在国债登记公司开立债券账户及在证券登记公司开立股票和基金账户的各类投资者,2024-08-23,2024年超长期特别国债(四期),2024
20669,24贴债48,2024-08-16,2024-08-16,300.0,300.0,99.67,100,2024-08-19,0,上交所,多种价格（混合式）招标发行,在国债登记公司开立债券账户及在证券登记公司开立股票和基金账户的各类投资者,2024-08-15,2024年记账式贴现(四十八期)国债,2024
19747,24国债13,2024-08-14,2024-08-14,1105.5,1100.0,101.25,100,2024-08-15,2,上交所,多种价格（混合式）招标发行,在国债登记公司开立债券账户及在证券登记公司开立股票和基金账户的各类投资者,2024-08-16,2024年记账式附息(十三期)国债,2024
19749,24国债15,2024-08-14,2024-08-14,1230.0,1230.0,100.05,100,2024-08-15,1,上交所,多种价格（混合式）招标发行,在国债登记公司开立债券账户及在证券登记公司开立股票和基金账户的各类投资者,2024-08-16,2024年记账式附息(十五期)国债,2024
19752,24特国05,2024-08-14,2024-08-14,450.0,450.0,100.0,100,2024-08-15,0,上交所,荷兰式招标发行,在国债登记公司开立债券账户及在证券登记公司开立股票和基金账户的各类投资者,2024-08-07,2024年超长期特别国债(五期),2024
19751,24国债16,2024-08-14,2024-08-14,1239.9,1230.0,100.0,100,2024-08-15,0,上交所,多种价格（混合式）招标发行,在国债登记公司开立债券账户及在证券登记公司开立股票和基金账户的各类投资者,2024-08-07,2024年记账式附息(十六期)国债,2024
19746,24特国03,2024-08-09,2024-08-09,350.0,350.0,105.11,100,2024-08-12,1,上交所,荷兰式招标发行,在国债登记公司开立债券账户及在证券登记公司开立股票和基金账户的各类投资者,2024-08-13,2024年超长期特别国债(三期),2024
20667,24贴债46,2024-08-09,2024-08-09,650.0,650.0,99.313,100,2024-08-12,0,上交所,多种价格（混合式）招标发行,在国债登记公司开立债券账户及在证券登记公司开立股票和基金账户的各类投资者,2024-08-02,2024年记账式贴现(四十六期)国债,2024
20668,24贴债47,2024-08-09,2024-08-09,300.0,300.0,99.692,100,2024-08-12,0,上交所,多种价格（混合式）招标发行,在国债登记公司开立债券账户及在证券登记公司开立股票和基金账户的各类投资者,2024-08-08,2024年记账式贴现(四十七期)国债,2024
19745,24国债12,2024-08-07,2024-08-07,1230.0,1230.0,100.67,100,2024-08-08,2,上交所,多种价格（混合式）招标发行,在国债登记公司开立债券账户及在证券登记公司开立股票和基金账户的各类投资者,2024-08-09,2024年记账式附息(十二期)国债,2024
19748,24国债14,2024-08-07,2024-08-07,1230.9,1230.0,100.92,100,2024-08-08,1,上交所,多种价格（混合式）招标发行,在国债登记公司开立债券账户及在证券登记公司开立股票和基金账户的各类投资者,2024-08-09,2024年记账式附息(十四期)国债,2024
20666,24贴债45,2024-08-07,2024-08-07,200.0,200.0,99.807,100,2024-08-08,0,上交所,多种价格（混合式）招标发行,在国债登记公司开立债券账户及在证券登记公司开立股票和基金账户的各类投资者,2024-08-06,2024年记账式贴现(四十五期)国债,2024
20665,24贴债44,2024-08-07,2024-08-07,200.0,200.0,99.923,100,2024-08-08,0,上交所,多种价格（混合式）招标发行,在国债登记公司开立债券账户及在证券登记公司开立股票和基金账户的各类投资者,2024-08-06,2024年记账式贴现(四十四期)国债,2024
19750,24特国04,2024-08-02,2024-08-02,440.0,440.0,102.85,100,2024-08-05,1,上交所,荷兰式招标发行,在国债登记公司开立债券账户及在证券登记公司开立股票和基金账户的各类投资者,2024-08-06,2024年超长期特别国债(四期),2024
20664,24贴债43,2024-08-02,2024-08-02,300.0,300.0,99.692,100,2024-08-05,0,上交所,多种价格（混合式）招标发行,在国债登记公司开立债券账户及在证券登记公司开立股票和基金账户的各类投资者,2024-08-01,2024年记账式贴现(四十三期)国债,2024
20662,24贴债41,2024-07-26,2024-07-26,450.0,450.0,99.339,100,2024-07-29,0,上交所,多种价格（混合式）招标发行,在国债登记公司开立债券账户及在证券登记公司开立股票和基金账户的各类投资者,2024-07-19,2024年记账式贴现(四十一期)国债,2024
20663,24贴债42,2024-07-26,2024-07-26,300.0,300.0,99.692,100,2024-07-29,0,上交所,多种价格（混合式）招标发行,在国债登记公司开立债券账户及在证券登记公司开立股票和基金账户的各类投资者,2024-07-25,2024年记账式贴现(四十二期)国债,2024
19747,24国债13,2024-07-24,2024-07-24,820.0,820.0,101.01,100,2024-07-25,1,上交所,多种价格（混合式）招标发行,在国债登记公司开立债券账户及在证券登记公司开立股票和基金账户的各类投资者,2024-07-17,2024年记账式附息(十三期)国债,2024
19749,24国债15,2024-07-24,2024-07-24,930.0,930.0,100.0,100,2024-07-25,0,上交所,多种价格（混合式）招标发行,在国债登记公司开立债券账户及在证券登记公司开立股票和基金账户的各类投资者,2024-07-17,2024年记账式附息(十五期)国债,2024
19750,24特国04,2024-07-24,2024-07-24,550.0,550.0,100.0,100,2024-07-25,0,上交所,荷兰式招标发行,在国债登记公司开立债券账户及在证券登记公司开立股票和基金账户的各类投资者,2024-07-17,2024年超长期特别国债(四期),2024
19744,24特国02,2024-07-19,2024-07-19,550.0,550.0,101.15,100,2024-07-22,2,上交所,荷兰式招标发行,在国债登记公司开立债券账户及在证券登记公司开立股票和基金账户的各类投资者,2024-07-23,2024年超长期特别国债(二期),2024
20661,24贴债40,2024-07-19,2024-07-19,300.0,300.0,99.669,100,2024-07-22,0,上交所,多种价格（混合式）招标发行,在国债登记公司开立债券账户及在证券登记公司开立股票和基金账户的各类投资者,2024-07-18,2024年记账式贴现(四十期)国债,2024
19748,24国债14,2024-07-12,2024-07-12,930.1,930.0,100.0,100,2024-07-15,0,上交所,多种价格（混合式）招标发行,在国债登记公司开立债券账户及在证券登记公司开立股票和基金账户的各类投资者,2024-07-05,2024年记账式附息(十四期)国债,2024
20659,24贴债38,2024-07-12,2024-07-12,450.0,450.0,99.325,100,2024-07-15,0,上交所,多种价格（混合式）招标发行,在国债登记公司开立债券账户及在证券登记公司开立股票和基金账户的各类投资者,2024-07-05,2024年记账式贴现(三十八期)国债,2024
20660,24贴债39,2024-07-12,2024-07-12,300.0,300.0,99.677,100,2024-07-15,0,上交所,多种价格（混合式）招标发行,在国债登记公司开立债券账户及在证券登记公司开立股票和基金账户的各类投资者,2024-07-11,2024年记账式贴现(三十九期)国债,2024
19743,24国债11,2024-07-10,2024-07-10,1000.0,1000.0,100.65,100,2024-07-11,2,上交所,多种价格（混合式）招标发行,在国债登记公司开立债券账户及在证券登记公司开立股票和基金账户的各类投资者,2024-07-15,2024年记账式附息(十一期)国债,2024
19745,24国债12,2024-07-10,2024-07-10,931.3,930.0,100.32,100,2024-07-11,1,上交所,多种价格（混合式）招标发行,在国债登记公司开立债券账户及在证券登记公司开立股票和基金账户的各类投资者,2024-07-15,2024年记账式附息(十二期)国债,2024
241705,24储蓄05,2024-07-19,2024-07-10,250.0,250.0,100.0,100,2024-07-22,0,银行间债券市场,其他,个人投资者,2024-07-05,2024年第五期储蓄国债(电子式),2024
241706,24储蓄06,2024-07-19,2024-07-10,250.0,250.0,100.0,100,2024-07-22,0,银行间债券市场,其他,个人投资者,2024-07-05,2024年第六期储蓄国债(电子式),2024
19742,24特国01,2024-07-05,2024-07-05,580.0,580.0,101.83,100,2024-07-08,3,上交所,荷兰式招标发行,在国债登记公司开立债券账户及在证券登记公司开立股票和基金账户的各类投资者,2024-07-10,2024年超长期特别国债(一期),2024
19741,24国债10,2024-07-03,2024-07-03,932.8,930.0,100.71,100,2024-07-04,2,上交所,多种价格（混合式）招标发行,在国债登记公司开立债券账户及在证券登记公司开立股票和基金账户的各类投资者,2024-07-08,2024年记账式附息(十期)国债,2024
20657,24贴债36,2024-07-03,2024-07-03,200.0,200.0,99.921,100,2024-07-04,0,上交所,多种价格（混合式）招标发行,在国债登记公司开立债券账户及在证券登记公司开立股票和基金账户的各类投资者,2024-07-02,2024年记账式贴现(三十六期)国债,2024
20658,24贴债37,2024-07-03,2024-07-03,200.7,200.0,99.801,100,2024-07-04,0,上交所,多种价格（混合式）招标发行,在国债登记公司开立债券账户及在证券登记公司开立股票和基金账户的各类投资者,2024-07-02,2024年记账式贴现(三十七期)国债,2024
19740,24国债09,2024-06-24,2024-06-24,1465.2,1450.0,100.338,100,2024-06-25,2,上交所,多种价格（混合式）招标发行,在国债登记公司开立债券账户及在证券登记公司开立股票和基金账户的各类投资者,2024-06-26,2024年记账式附息(九期)国债,2024
19747,24国债13,2024-06-24,2024-06-24,1470.0,1450.0,100.0,100,2024-06-25,0,上交所,多种价格（混合式）招标发行,在国债登记公司开立债券账户及在证券登记公司开立股票和基金账户的各类投资者,2024-06-17,2024年记账式附息(十三期)国债,2024
19742,24特国01,2024-06-21,2024-06-21,450.0,450.0,102.39,100,2024-06-24,2,上交所,荷兰式招标发行,在国债登记公司开立债券账户及在证券登记公司开立股票和基金账户的各类投资者,2024-06-25,2024年超长期特别国债(一期),2024
20656,24贴债35,2024-06-21,2024-06-21,650.0,650.0,99.653,100,2024-06-24,0,上交所,多种价格（混合式）招标发行,在国债登记公司开立债券账户及在证券登记公司开立股票和基金账户的各类投资者,2024-06-20,2024年记账式贴现(三十五期)国债,2024
19744,24特国02,2024-06-19,2024-06-19,450.0,450.0,101.82,100,2024-06-20,1,上交所,荷兰式招标发行,在国债登记公司开立债券账户及在证券登记公司开立股票和基金账户的各类投资者,2024-06-12,2024年超长期特别国债(二期),2024
19745,24国债12,2024-06-14,2024-06-14,1384.8,1360.0,100.0,100,2024-06-17,0,上交所,多种价格（混合式）招标发行,在国债登记公司开立债券账户及在证券登记公司开立股票和基金账户的各类投资者,2024-06-06,2024年记账式附息(十二期)国债,2024
19746,24特国03,2024-06-14,2024-06-14,350.0,350.0,100.0,100,2024-06-17,0,上交所,荷兰式招标发行,在国债登记公司开立债券账户及在证券登记公司开立股票和基金账户的各类投资者,2024-06-06,2024年超长期特别国债(三期),2024
19739,24国债08,2024-06-12,2024-06-12,1362.9,1360.0,100.58,100,2024-06-13,2,上交所,多种价格（混合式）招标发行,在国债登记公司开立债券账户及在证券登记公司开立股票和基金账户的各类投资者,2024-06-14,2024年记账式附息(八期)国债,2024
19743,24国债11,2024-06-12,2024-06-12,1421.4,1420.0,100.39,100,2024-06-13,1,上交所,多种价格（混合式）招标发行,在国债登记公司开立债券账户及在证券登记公司开立股票和基金账户的各类投资者,2024-06-14,2024年记账式附息(十一期)国债,2024
20655,24贴债34,2024-06-12,2024-06-12,400.0,400.0,99.663,100,2024-06-13,0,上交所,多种价格（混合式）招标发行,在国债登记公司开立债券账户及在证券登记公司开立股票和基金账户的各类投资者,2024-06-11,2024年记账式贴现(三十四期)国债,2024
241703,24储蓄03,2024-06-19,2024-06-10,250.0,250.0,100.0,100,2024-06-20,0,银行间债券市场,其他,个人投资者,2024-06-05,2024年第三期储蓄国债(电子式),2024
241704,24储蓄04,2024-06-19,2024-06-10,250.0,250.0,100.0,100,2024-06-20,0,银行间债券市场,其他,个人投资者,2024-06-05,2024年第四期储蓄国债(电子式),2024
19742,24特国01,2024-06-07,2024-06-07,450.0,450.0,100.95,100,2024-06-11,1,上交所,荷兰式招标发行,在国债登记公司开立债券账户及在证券登记公司开立股票和基金账户的各类投资者,2024-06-12,2024年超长期特别国债(一期),2024
20653,24贴债32,2024-06-07,2024-06-07,300.0,300.0,99.307,100,2024-06-11,0,上交所,多种价格（混合式）招标发行,在国债登记公司开立债券账户及在证券登记公司开立股票和基金账户的各类投资者,2024-05-31,2024年记账式贴现(三十二期)国债,2024
20654,24贴债33,2024-06-07,2024-06-07,400.0,400.0,99.671,100,2024-06-11,0,上交所,多种价格（混合式）招标发行,在国债登记公司开立债券账户及在证券登记公司开立股票和基金账户的各类投资者,2024-06-06,2024年记账式贴现(三十三期)国债,2024
19741,24国债10,2024-06-05,2024-06-05,1360.0,1360.0,100.14,100,2024-06-06,1,上交所,多种价格（混合式）招标发行,在国债登记公司开立债券账户及在证券登记公司开立股票和基金账户的各类投资者,2024-06-07,2024年记账式附息(十期)国债,2024
20651,24贴债30,2024-06-05,2024-06-05,201.4,200.0,99.917,100,2024-06-06,0,上交所,多种价格（混合式）招标发行,在国债登记公司开立债券账户及在证券登记公司开立股票和基金账户的各类投资者,2024-06-04,2024年记账式贴现(三十期)国债,2024
20652,24贴债31,2024-06-05,2024-06-05,200.7,200.0,99.791,100,2024-06-06,0,上交所,多种价格（混合式）招标发行,在国债登记公司开立债券账户及在证券登记公司开立股票和基金账户的各类投资者,2024-06-04,2024年记账式贴现(三十一期)国债,2024
19743,24国债11,2024-05-24,2024-05-24,1360.0,1360.0,100.0,100,2024-05-27,0,上交所,多种价格（混合式）招标发行,在国债登记公司开立债券账户及在证券登记公司开立股票和基金账户的各类投资者,2024-05-17,2024年记账式附息(十一期)国债,2024
19744,24特国02,2024-05-24,2024-05-24,400.0,400.0,100.0,100,2024-05-27,0,上交所,荷兰式招标发行,在国债登记公司开立债券账户及在证券登记公司开立股票和基金账户的各类投资者,2024-05-17,2024年超长期特别国债(二期),2024
20650,24贴债29,2024-05-24,2024-05-24,300.5,300.0,99.652,100,2024-05-27,0,上交所,多种价格（混合式）招标发行,在国债登记公司开立债券账户及在证券登记公司开立股票和基金账户的各类投资者,2024-05-23,2024年记账式贴现(二十九期)国债,2024
19739,24国债08,2024-05-22,2024-05-22,1218.9,1210.0,100.29,100,2024-05-23,1,上交所,多种价格（混合式）招标发行,在国债登记公司开立债券账户及在证券登记公司开立股票和基金账户的各类投资者,2024-05-15,2024年记账式附息(八期)国债,2024
19740,24国债09,2024-05-22,2024-05-22,1210.0,1210.0,100.18,100,2024-05-23,1,上交所,多种价格（混合式）招标发行,在国债登记公司开立债券账户及在证券登记公司开立股票和基金账户的各类投资者,2024-05-24,2024年记账式附息(九期)国债,2024
19742,24特国01,2024-05-17,2024-05-17,400.0,400.0,100.0,100,2024-05-20,0,上交所,荷兰式招标发行,在国债登记公司开立债券账户及在证券登记公司开立股票和基金账户的各类投资者,2024-05-13,2024年超长期特别国债(一期),2024
20649,24贴债28,2024-05-17,2024-05-17,300.0,300.0,99.657,100,2024-05-20,0,上交所,多种价格（混合式）招标发行,在国债登记公司开立债券账户及在证券登记公司开立股票和基金账户的各类投资者,2024-05-16,2024年记账式贴现(二十八期)国债,2024
19737,24国债06,2024-05-14,2024-05-14,1084.9,1060.0,100.84,100,2024-05-15,2,上交所,多种价格（混合式）招标发行,在国债登记公司开立债券账户及在证券登记公司开立股票和基金账户的各类投资者,2024-05-08,2024年记账式附息(六期)国债,2024
19741,24国债10,2024-05-14,2024-05-14,1222.8,1210.0,100.0,100,2024-05-15,0,上交所,多种价格（混合式）招标发行,在国债登记公司开立债券账户及在证券登记公司开立股票和基金账户的各类投资者,2024-05-08,2024年记账式附息(十期)国债,2024
20647,24贴债26,2024-05-10,2024-05-10,301.3,300.0,99.272,100,2024-05-13,0,上交所,多种价格（混合式）招标发行,在国债登记公司开立债券账户及在证券登记公司开立股票和基金账户的各类投资者,2024-04-30,2024年记账式贴现(二十六期)国债,2024
20648,24贴债27,2024-05-10,2024-05-10,300.0,300.0,99.651,100,2024-05-13,0,上交所,多种价格（混合式）招标发行,在国债登记公司开立债券账户及在证券登记公司开立股票和基金账户的各类投资者,2024-05-09,2024年记账式贴现(二十七期)国债,2024
19736,24国债05,2024-05-08,2024-05-08,1214.8,1210.0,100.65,100,2024-05-09,2,上交所,多种价格（混合式）招标发行,在国债登记公司开立债券账户及在证券登记公司开立股票和基金账户的各类投资者,2024-04-28,2024年记账式附息(五期)国债,2024
20645,24贴债24,2024-05-08,2024-05-08,200.6,200.0,99.913,100,2024-05-09,0,上交所,多种价格（混合式）招标发行,在国债登记公司开立债券账户及在证券登记公司开立股票和基金账户的各类投资者,2024-05-07,2024年记账式贴现(二十四期)国债,2024
20646,24贴债25,2024-05-08,2024-05-08,200.0,200.0,99.773,100,2024-05-09,0,上交所,多种价格（混合式）招标发行,在国债登记公司开立债券账户及在证券登记公司开立股票和基金账户的各类投资者,2024-05-07,2024年记账式贴现(二十五期)国债,2024
19726,23国债23,2024-04-29,2024-04-29,280.0,280.0,108.14,100,2024-04-30,6,上交所,荷兰式招标发行,在国债登记公司开立债券账户及在证券登记公司开立股票和基金账户的各类投资者,2024-04-23,2023年记账式附息(二十三期)国债,2024
20644,24贴债23,2024-04-26,2024-04-26,500.0,500.0,99.646,100,2024-04-29,0,上交所,多种价格（混合式）招标发行,在国债登记公司开立债券账户及在证券登记公司开立股票和基金账户的各类投资者,2024-04-25,2024年记账式贴现(二十三期)国债,2024
19740,24国债09,2024-04-24,2024-04-24,1253.1,1250.0,100.0,100,2024-04-25,0,上交所,多种价格（混合式）招标发行,在国债登记公司开立债券账户及在证券登记公司开立股票和基金账户的各类投资者,2024-04-17,2024年记账式附息(九期)国债,2024
20642,24贴债21,2024-04-19,2024-04-19,500.0,500.0,99.289,100,2024-04-22,0,上交所,多种价格（混合式）招标发行,在国债登记公司开立债券账户及在证券登记公司开立股票和基金账户的各类投资者,2024-04-12,2024年记账式贴现(二十一期)国债,2024
20643,24贴债22,2024-04-19,2024-04-19,500.0,500.0,99.668,100,2024-04-22,0,上交所,多种价格（混合式）招标发行,在国债登记公司开立债券账户及在证券登记公司开立股票和基金账户的各类投资者,2024-04-18,2024年记账式贴现(二十二期)国债,2024
20640,24贴债19,2024-04-17,2024-04-17,300.0,300.0,99.915,100,2024-04-18,0,上交所,多种价格（混合式）招标发行,在国债登记公司开立债券账户及在证券登记公司开立股票和基金账户的各类投资者,2024-04-16,2024年记账式贴现(十九期)国债,2024
20641,24贴债20,2024-04-17,2024-04-17,300.0,300.0,99.79,100,2024-04-18,0,上交所,多种价格（混合式）招标发行,在国债登记公司开立债券账户及在证券登记公司开立股票和基金账户的各类投资者,2024-04-16,2024年记账式贴现(二十期)国债,2024
19739,24国债08,2024-04-12,2024-04-12,1253.4,1250.0,100.0,100,2024-04-15,0,上交所,多种价格（混合式）招标发行,在国债登记公司开立债券账户及在证券登记公司开立股票和基金账户的各类投资者,2024-04-07,2024年记账式附息(八期)国债,2024
19736,24国债05,2024-04-10,2024-04-10,1256.2,1250.0,100.55,100,2024-04-11,1,上交所,多种价格（混合式）招标发行,在国债登记公司开立债券账户及在证券登记公司开立股票和基金账户的各类投资者,2024-04-02,2024年记账式附息(五期)国债,2024
19737,24国债06,2024-04-10,2024-04-10,1151.5,1150.0,100.19,100,2024-04-11,1,上交所,多种价格（混合式）招标发行,在国债登记公司开立债券账户及在证券登记公司开立股票和基金账户的各类投资者,2024-04-02,2024年记账式附息(六期)国债,2024
241701,24储蓄01,2024-04-19,2024-04-10,225.0,225.0,100.0,100,2024-04-22,0,银行间债券市场,其他,个人投资者,2024-04-07,2024年第一期储蓄国债(电子式),2024
241702,24储蓄02,2024-04-19,2024-04-10,225.0,225.0,100.0,100,2024-04-22,0,银行间债券市场,其他,个人投资者,2024-04-07,2024年第二期储蓄国债(电子式),2024
19734,24国债03,2024-04-03,2024-04-03,1253.7,1250.0,100.39,100,2024-04-08,2,上交所,多种价格（混合式）招标发行,在国债登记公司开立债券账户及在证券登记公司开立股票和基金账户的各类投资者,2024-03-29,2024年记账式附息(三期)国债,2024
19735,24国债04,2024-04-03,2024-04-03,1350.1,1350.0,101.06,100,2024-04-08,2,上交所,多种价格（混合式）招标发行,在国债登记公司开立债券账户及在证券登记公司开立股票和基金账户的各类投资者,2024-03-29,2024年记账式附息(四期)国债,2024
20639,24贴债18,2024-04-03,2024-04-03,501.6,500.0,99.666,100,2024-04-08,0,上交所,多种价格（混合式）招标发行,在国债登记公司开立债券账户及在证券登记公司开立股票和基金账户的各类投资者,2024-04-02,2024年记账式贴现(十八期)国债,2024
19737,24国债06,2024-03-22,2024-03-22,960.0,960.0,100.0,100,2024-03-25,0,上交所,多种价格（混合式）招标发行,在国债登记公司开立债券账户及在证券登记公司开立股票和基金账户的各类投资者,2024-03-15,2024年记账式附息(六期)国债,2024
19738,24国债07,2024-03-22,2024-03-22,230.0,230.0,100.0,100,2024-03-25,0,上交所,荷兰式招标发行,在国债登记公司开立债券账户及在证券登记公司开立股票和基金账户的各类投资者,2024-03-15,2024年记账式附息(七期)国债,2024
20638,24贴债17,2024-03-22,2024-03-22,400.0,400.0,99.671,100,2024-03-25,0,上交所,多种价格（混合式）招标发行,在国债登记公司开立债券账户及在证券登记公司开立股票和基金账户的各类投资者,2024-03-21,2024年记账式贴现(十七期)国债,2024
19732,24国债01,2024-03-20,2024-03-20,1070.0,1070.0,101.44,100,2024-03-21,2,上交所,多种价格（混合式）招标发行,在国债登记公司开立债券账户及在证券登记公司开立股票和基金账户的各类投资者,2024-03-13,2024年记账式附息(一期)国债,2024
19733,24国债02,2024-03-20,2024-03-20,1070.0,1070.0,100.549,100,2024-03-21,2,上交所,多种价格（混合式）招标发行,在国债登记公司开立债券账户及在证券登记公司开立股票和基金账户的各类投资者,2024-03-22,2024年记账式附息(二期)国债,2024
20637,24贴债16,2024-03-15,2024-03-15,400.0,400.0,99.663,100,2024-03-18,0,上交所,多种价格（混合式）招标发行,在国债登记公司开立债券账户及在证券登记公司开立股票和基金账户的各类投资者,2024-03-14,2024年记账式贴现(十六期)国债,2024
19735,24国债04,2024-03-14,2024-03-14,1150.0,1150.0,100.45,100,2024-03-15,1,上交所,多种价格（混合式）招标发行,在国债登记公司开立债券账户及在证券登记公司开立股票和基金账户的各类投资者,2024-03-07,2024年记账式附息(四期)国债,2024
19736,24国债05,2024-03-14,2024-03-14,1070.0,1070.0,100.0,100,2024-03-15,0,上交所,多种价格（混合式）招标发行,在国债登记公司开立债券账户及在证券登记公司开立股票和基金账户的各类投资者,2024-03-07,2024年记账式附息(五期)国债,2024
19726,23国债23,2024-03-08,2024-03-08,280.0,280.0,113.39,100,2024-03-11,5,上交所,荷兰式招标发行,在国债登记公司开立债券账户及在证券登记公司开立股票和基金账户的各类投资者,2024-03-01,2023年记账式附息(二十三期)国债,2024
20636,24贴债15,2024-03-08,2024-03-08,400.0,400.0,99.678,100,2024-03-11,0,上交所,多种价格（混合式）招标发行,在国债登记公司开立债券账户及在证券登记公司开立股票和基金账户的各类投资者,2024-03-07,2024年记账式贴现(十五期)国债,2024
19734,24国债03,2024-03-06,2024-03-06,1070.0,1070.0,100.08,100,2024-03-07,1,上交所,多种价格（混合式）招标发行,在国债登记公司开立债券账户及在证券登记公司开立股票和基金账户的各类投资者,2024-02-28,2024年记账式附息(三期)国债,2024
20634,24贴债13,2024-03-06,2024-03-06,200.0,200.0,99.919,100,2024-03-07,0,上交所,多种价格（混合式）招标发行,在国债登记公司开立债券账户及在证券登记公司开立股票和基金账户的各类投资者,2024-03-05,2024年记账式贴现(十三期)国债,2024
20635,24贴债14,2024-03-06,2024-03-06,200.0,200.0,99.789,100,2024-03-07,0,上交所,多种价格（混合式）招标发行,在国债登记公司开立债券账户及在证券登记公司开立股票和基金账户的各类投资者,2024-03-05,2024年记账式贴现(十四期)国债,2024
20632,24贴债11,2024-03-01,2024-03-01,300.0,300.0,99.294,100,2024-03-04,0,上交所,多种价格（混合式）招标发行,在国债登记公司开立债券账户及在证券登记公司开立股票和基金账户的各类投资者,2024-02-23,2024年记账式贴现(十一期)国债,2024
20633,24贴债12,2024-03-01,2024-03-01,400.0,400.0,99.668,100,2024-03-04,0,上交所,多种价格（混合式）招标发行,在国债登记公司开立债券账户及在证券登记公司开立股票和基金账户的各类投资者,2024-02-29,2024年记账式贴现(十二期)国债,2024
231705,24北京06,2024-02-29,2024-02-29,24.8,24.8,100.0,100,2024-03-01,0,上交所,荷兰式招标发行,,2024-02-22,2023年第五期储蓄国债(电子式),2024
231706,24北京07,2024-02-29,2024-02-29,2.89,2.89,100.0,100,2024-03-01,0,上交所,荷兰式招标发行,,2024-02-22,2023年第六期储蓄国债(电子式),2024
231707,24北京08,2024-02-29,2024-02-29,67.46,67.46,100.0,100,2024-03-01,0,上交所,荷兰式招标发行,,2024-02-22,2023年第七期储蓄国债(电子式),2024
231708,24北京09,2024-02-29,2024-02-29,41.29,41.29,100.0,100,2024-03-01,0,上交所,荷兰式招标发行,,2024-02-22,2023年第八期储蓄国债(电子式),2024
231709,24北京10,2024-02-29,2024-02-29,13.49,13.49,100.0,100,2024-03-01,0,上交所,荷兰式招标发行,,2024-02-22,2023年第九期储蓄国债(电子式),2024
231710,24北京11,2024-02-29,2024-02-29,2.0,2.0,100.0,100,2024-03-01,0,上交所,荷兰式招标发行,,2024-02-22,2023年第十期储蓄国债(电子式),2024
231701,24海南06,2024-02-28,2024-02-28,22.8,22.8,100.0,100,2024-02-29,0,上交所,荷兰式招标发行,,2024-02-21,2023年第一期储蓄国债(电子式),2024
231702,24海南07,2024-02-28,2024-02-28,6.35,6.35,100.0,100,2024-02-29,0,上交所,荷兰式招标发行,,2024-02-21,2023年第二期储蓄国债(电子式),2024
231703,24海南08,2024-02-28,2024-02-28,3.0,3.0,100.0,100,2024-02-29,0,上交所,荷兰式招标发行,,2024-02-21,2023年第三期储蓄国债(电子式),2024
231704,24海南09,2024-02-28,2024-02-28,2.0,2.0,100.0,100,2024-02-29,0,上交所,荷兰式招标发行,,2024-02-21,2023年第四期储蓄国债(电子式),2024
19734,24国债03,2024-02-23,2024-02-23,990.0,990.0,100.0,100,2024-02-26,0,上交所,多种价格（混合式）招标发行,在国债登记公司开立债券账户及在证券登记公司开立股票和基金账户的各类投资者,2024-02-18,2024年记账式附息(三期)国债,2024
19735,24国债04,2024-02-23,2024-02-23,1050.0,1050.0,100.0,100,2024-02-26,0,上交所,多种价格（混合式）招标发行,在国债登记公司开立债券账户及在证券登记公司开立股票和基金账户的各类投资者,2024-02-18,2024年记账式附息(四期)国债,2024
20631,24贴债10,2024-02-23,2024-02-23,300.0,300.0,99.673,100,2024-02-26,0,上交所,多种价格（混合式）招标发行,在国债登记公司开立债券账户及在证券登记公司开立股票和基金账户的各类投资者,2024-02-22,2024年记账式贴现(十期)国债,2024
19732,24国债01,2024-02-21,2024-02-21,990.0,990.0,100.93,100,2024-02-22,1,上交所,多种价格（混合式）招标发行,在国债登记公司开立债券账户及在证券登记公司开立股票和基金账户的各类投资者,2024-02-08,2024年记账式附息(一期)国债,2024
19733,24国债02,2024-02-21,2024-02-21,990.0,990.0,100.366,100,2024-02-22,1,上交所,多种价格（混合式）招标发行,在国债登记公司开立债券账户及在证券登记公司开立股票和基金账户的各类投资者,2024-02-23,2024年记账式附息(二期)国债,2024
19730,23国债27,2024-02-07,2024-02-07,990.0,990.0,100.77,100,2024-02-08,2,上交所,多种价格（混合式）招标发行,在国债登记公司开立债券账户及在证券登记公司开立股票和基金账户的各类投资者,2024-02-01,2023年记账式附息(二十七期)国债,2024
19731,23国债28,2024-02-07,2024-02-07,910.0,910.0,101.23,100,2024-02-08,2,上交所,多种价格（混合式）招标发行,在国债登记公司开立债券账户及在证券登记公司开立股票和基金账户的各类投资者,2024-02-19,2023年记账式附息(二十八期)国债,2024
20629,24贴债08,2024-02-07,2024-02-07,200.0,200.0,99.76,100,2024-02-08,0,上交所,多种价格（混合式）招标发行,在国债登记公司开立债券账户及在证券登记公司开立股票和基金账户的各类投资者,2024-02-06,2024年记账式贴现(八期)国债,2024
20630,24贴债09,2024-02-07,2024-02-07,300.0,300.0,99.633,100,2024-02-08,0,上交所,多种价格（混合式）招标发行,在国债登记公司开立债券账户及在证券登记公司开立股票和基金账户的各类投资者,2024-02-06,2024年记账式贴现(九期)国债,2024
19726,23国债23,2024-02-02,2024-02-02,280.0,280.0,108.37,100,2024-02-05,4,上交所,荷兰式招标发行,在国债登记公司开立债券账户及在证券登记公司开立股票和基金账户的各类投资者,2024-01-26,2023年记账式附息(二十三期)国债,2024
20627,24贴债06,2024-02-02,2024-02-02,300.0,300.0,99.229,100,2024-02-05,0,上交所,多种价格（混合式）招标发行,在国债登记公司开立债券账户及在证券登记公司开立股票和基金账户的各类投资者,2024-01-26,2024年记账式贴现(六期)国债,2024
20628,24贴债07,2024-02-02,2024-02-02,200.0,200.0,99.911,100,2024-02-05,0,上交所,多种价格（混合式）招标发行,在国债登记公司开立债券账户及在证券登记公司开立股票和基金账户的各类投资者,2024-02-01,2024年记账式贴现(七期)国债,2024
19733,24国债02,2024-01-24,2024-01-24,990.0,990.0,100.0,100,2024-01-25,0,上交所,多种价格（混合式）招标发行,在国债登记公司开立债券账户及在证券登记公司开立股票和基金账户的各类投资者,2024-01-17,2024年记账式附息(二期)国债,2024
20626,24贴债05,2024-01-24,2024-01-24,200.0,200.0,99.746,100,2024-01-25,0,上交所,多种价格（混合式）招标发行,在国债登记公司开立债券账户及在证券登记公司开立股票和基金账户的各类投资者,2024-01-23,2024年记账式贴现(五期)国债,2024
20624,24贴债03,2024-01-19,2024-01-19,300.0,300.0,99.121,100,2024-01-22,0,上交所,多种价格（混合式）招标发行,在国债登记公司开立债券账户及在证券登记公司开立股票和基金账户的各类投资者,2024-01-12,2024年记账式贴现(三期)国债,2024
20625,24贴债04,2024-01-19,2024-01-19,300.0,300.0,99.591,100,2024-01-22,0,上交所,多种价格（混合式）招标发行,在国债登记公司开立债券账户及在证券登记公司开立股票和基金账户的各类投资者,2024-01-18,2024年记账式贴现(四期)国债,2024
19729,23国债26,2024-01-17,2024-01-17,1050.0,1050.0,102.04,100,2024-01-18,2,上交所,多种价格（混合式）招标发行,在国债登记公司开立债券账户及在证券登记公司开立股票和基金账户的各类投资者,2024-01-10,2023年记账式附息(二十六期)国债,2024
19730,23国债27,2024-01-17,2024-01-17,990.0,990.0,100.43,100,2024-01-18,1,上交所,多种价格（混合式）招标发行,在国债登记公司开立债券账户及在证券登记公司开立股票和基金账户的各类投资者,2024-01-10,2023年记账式附息(二十七期)国债,2024
19726,23国债23,2024-01-12,2024-01-12,280.0,280.0,105.1,100,2024-01-15,3,上交所,荷兰式招标发行,在国债登记公司开立债券账户及在证券登记公司开立股票和基金账户的各类投资者,2024-01-05,2023年记账式附息(二十三期)国债,2024
19732,24国债01,2024-01-12,2024-01-12,990.0,990.0,100.0,100,2024-01-15,0,上交所,多种价格（混合式）招标发行,在国债登记公司开立债券账户及在证券登记公司开立股票和基金账户的各类投资者,2024-01-05,2024年记账式附息(一期)国债,2024
20623,24贴债02,2024-01-12,2024-01-12,300.0,300.0,99.601,100,2024-01-15,0,上交所,多种价格（混合式）招标发行,在国债登记公司开立债券账户及在证券登记公司开立股票和基金账户的各类投资者,2024-01-11,2024年记账式贴现(二期)国债,2024
110025,贴债2401,2024-01-10,2024-01-10,200.0,200.0,99.903,100,2024-01-11,0,深交所,多种价格（混合式）招标发行,在国债登记公司开立债券账户及在证券登记公司开立股票和基金账户的各类投资者,2024-01-09,2011年记账式附息(二十五期)国债,2024
19728,23国债25,2024-01-10,2024-01-10,990.0,990.0,100.76,100,2024-01-11,2,上交所,多种价格（混合式）招标发行,在国债登记公司开立债券账户及在证券登记公司开立股票和基金账户的各类投资者,2024-01-12,2023年记账式附息(二十五期)国债,2024
19731,23国债28,2024-01-10,2024-01-10,910.0,910.0,100.54,100,2024-01-11,1,上交所,多种价格（混合式）招标发行,在国债登记公司开立债券账户及在证券登记公司开立股票和基金账户的各类投资者,2024-01-12,2023年记账式附息(二十八期)国债,2024
20622,24贴债01,2024-01-10,2024-01-10,200.0,200.0,99.903,100,2024-01-11,0,上交所,多种价格（混合式）招标发行,在国债登记公司开立债券账户及在证券登记公司开立股票和基金账户的各类投资者,2024-01-09,2024年记账式贴现(一期)国债,2024
110023,贴债2382,2023-12-22,2023-12-22,529.0,520.0,98.937,100,2023-12-25,0,深交所,多种价格（混合式）招标发行,在国债登记公司开立债券账户及在证券登记公司开立股票和基金账户的各类投资者,2023-12-15,2011年记账式附息(二十三期)国债,2023
110024,贴债2383,2023-12-22,2023-12-22,501.7,500.0,99.485,100,2023-12-25,0,深交所,多种价格（混合式）招标发行,在国债登记公司开立债券账户及在证券登记公司开立股票和基金账户的各类投资者,2023-12-21,2011年记账式附息(二十四期)国债,2023
19731,23国债28,2023-12-22,2023-12-22,1150.0,1150.0,100.0,100,2023-12-25,0,上交所,多种价格（混合式）招标发行,在国债登记公司开立债券账户及在证券登记公司开立股票和基金账户的各类投资者,2023-12-15,2023年记账式附息(二十八期)国债,2023
20620,23贴债82,2023-12-22,2023-12-22,529.0,520.0,98.937,100,2023-12-25,0,上交所,多种价格（混合式）招标发行,在国债登记公司开立债券账户及在证券登记公司开立股票和基金账户的各类投资者,2023-12-15,2023年记账式贴现(八十二期)国债,2023
20621,23贴债83,2023-12-22,2023-12-22,501.7,500.0,99.485,100,2023-12-25,0,上交所,多种价格（混合式）招标发行,在国债登记公司开立债券账户及在证券登记公司开立股票和基金账户的各类投资者,2023-12-21,2023年记账式贴现(八十三期)国债,2023
19727,23国债24,2023-12-20,2023-12-20,1152.4,1150.0,100.382,100,2023-12-21,2,上交所,多种价格（混合式）招标发行,在国债登记公司开立债券账户及在证券登记公司开立股票和基金账户的各类投资者,2023-12-13,2023年记账式附息(二十四期)国债,2023
19729,23国债26,2023-12-20,2023-12-20,1150.0,1150.0,100.85,100,2023-12-21,1,上交所,多种价格（混合式）招标发行,在国债登记公司开立债券账户及在证券登记公司开立股票和基金账户的各类投资者,2023-12-13,2023年记账式附息(二十六期)国债,2023
110022,贴债2381,2023-12-15,2023-12-15,509.9,500.0,99.445,100,2023-12-18,0,深交所,多种价格（混合式）招标发行,在国债登记公司开立债券账户及在证券登记公司开立股票和基金账户的各类投资者,2023-12-14,2011年记账式附息(二十二期)国债,2023
19700,23国债07,2023-12-15,2023-12-15,230.0,230.0,108.43,100,2023-12-18,3,上交所,荷兰式招标发行,在国债登记公司开立债券账户及在证券登记公司开立股票和基金账户的各类投资者,2023-12-08,2023年记账式附息(七期)国债,2023
20619,23贴债81,2023-12-15,2023-12-15,509.9,500.0,99.445,100,2023-12-18,0,上交所,多种价格（混合式）招标发行,在国债登记公司开立债券账户及在证券登记公司开立股票和基金账户的各类投资者,2023-12-14,2023年记账式贴现(八十一期)国债,2023
110021,贴债2380,2023-12-14,2023-12-14,150.5,150.0,99.836,100,2023-12-15,0,深交所,多种价格（混合式）招标发行,在国债登记公司开立债券账户及在证券登记公司开立股票和基金账户的各类投资者,2023-12-13,2011年记账式附息(二十一期)国债,2023
19725,23国债22,2023-12-14,2023-12-14,1150.4,1150.0,100.77,100,2023-12-15,2,上交所,多种价格（混合式）招标发行,在国债登记公司开立债券账户及在证券登记公司开立股票和基金账户的各类投资者,2023-12-07,2023年记账式附息(二十二期)国债,2023
19730,23国债27,2023-12-14,2023-12-14,1150.0,1150.0,100.0,100,2023-12-15,0,上交所,多种价格（混合式）招标发行,在国债登记公司开立债券账户及在证券登记公司开立股票和基金账户的各类投资者,2023-12-07,2023年记账式附息(二十七期)国债,2023
20618,23贴债80,2023-12-14,2023-12-14,150.5,150.0,99.836,100,2023-12-15,0,上交所,多种价格（混合式）招标发行,在国债登记公司开立债券账户及在证券登记公司开立股票和基金账户的各类投资者,2023-12-13,2023年记账式贴现(八十期)国债,2023
110020,贴债2379,2023-12-08,2023-12-08,502.6,500.0,99.414,100,2023-12-11,0,深交所,多种价格（混合式）招标发行,在国债登记公司开立债券账户及在证券登记公司开立股票和基金账户的各类投资者,2023-12-07,2011年记账式附息(二十期)国债,2023
19726,23国债23,2023-12-08,2023-12-08,230.0,230.0,101.64,100,2023-12-11,2,上交所,荷兰式招标发行,在国债登记公司开立债券账户及在证券登记公司开立股票和基金账户的各类投资者,2023-12-01,2023年记账式附息(二十三期)国债,2023
20617,23贴债79,2023-12-08,2023-12-08,502.6,500.0,99.414,100,2023-12-11,0,上交所,多种价格（混合式）招标发行,在国债登记公司开立债券账户及在证券登记公司开立股票和基金账户的各类投资者,2023-12-07,2023年记账式贴现(七十九期)国债,2023
110019,贴债2378,2023-12-06,2023-12-06,150.0,150.0,99.611,100,2023-12-07,0,深交所,多种价格（混合式）招标发行,在国债登记公司开立债券账户及在证券登记公司开立股票和基金账户的各类投资者,2023-12-05,2011年记账式附息(十九期)国债,2023
19728,23国债25,2023-12-06,2023-12-06,1150.0,1150.0,99.91,100,2023-12-07,1,上交所,多种价格（混合式）招标发行,在国债登记公司开立债券账户及在证券登记公司开立股票和基金账户的各类投资者,2023-12-08,2023年记账式附息(二十五期)国债,2023
20616,23贴债78,2023-12-06,2023-12-06,150.0,150.0,99.611,100,2023-12-07,0,上交所,多种价格（混合式）招标发行,在国债登记公司开立债券账户及在证券登记公司开立股票和基金账户的各类投资者,2023-12-05,2023年记账式贴现(七十八期)国债,2023
110017,贴债2376,2023-12-01,2023-12-01,521.7,520.0,98.843,100,2023-12-04,0,深交所,多种价格（混合式）招标发行,在国债登记公司开立债券账户及在证券登记公司开立股票和基金账户的各类投资者,2023-11-24,2011年记账式附息(十七期)国债,2023
110018,贴债2377,2023-12-01,2023-12-01,500.0,500.0,99.421,100,2023-12-04,0,深交所,多种价格（混合式）招标发行,在国债登记公司开立债券账户及在证券登记公司开立股票和基金账户的各类投资者,2023-11-30,2011年记账式附息(十八期)国债,2023
20614,23贴债76,2023-12-01,2023-12-01,521.7,520.0,98.843,100,2023-12-04,0,上交所,多种价格（混合式）招标发行,在国债登记公司开立债券账户及在证券登记公司开立股票和基金账户的各类投资者,2023-11-24,2023年记账式贴现(七十六期)国债,2023
20615,23贴债77,2023-12-01,2023-12-01,500.0,500.0,99.421,100,2023-12-04,0,上交所,多种价格（混合式）招标发行,在国债登记公司开立债券账户及在证券登记公司开立股票和基金账户的各类投资者,2023-11-30,2023年记账式贴现(七十七期)国债,2023
110016,贴债2375,2023-11-24,2023-11-24,800.0,800.0,99.422,100,2023-11-27,0,深交所,多种价格（混合式）招标发行,在国债登记公司开立债券账户及在证券登记公司开立股票和基金账户的各类投资者,2023-11-23,2011年记账式附息(十六期)国债,2023
19729,23国债26,2023-11-24,2023-11-24,1150.0,1150.0,100.0,100,2023-11-27,0,上交所,多种价格（混合式）招标发行,在国债登记公司开立债券账户及在证券登记公司开立股票和基金账户的各类投资者,2023-11-17,2023年记账式附息(二十六期)国债,2023
20613,23贴债75,2023-11-24,2023-11-24,800.0,800.0,99.422,100,2023-11-27,0,上交所,多种价格（混合式）招标发行,在国债登记公司开立债券账户及在证券登记公司开立股票和基金账户的各类投资者,2023-11-23,2023年记账式贴现(七十五期)国债,2023
19725,23国债22,2023-11-22,2023-11-22,1150.0,1150.0,100.39,100,2023-11-23,1,上交所,多种价格（混合式）招标发行,在国债登记公司开立债券账户及在证券登记公司开立股票和基金账户的各类投资者,2023-11-15,2023年记账式附息(二十二期)国债,2023
19727,23国债24,2023-11-22,2023-11-22,1153.0,1150.0,100.194,100,2023-11-23,1,上交所,多种价格（混合式）招标发行,在国债登记公司开立债券账户及在证券登记公司开立股票和基金账户的各类投资者,2023-11-15,2023年记账式附息(二十四期)国债,2023
110014,贴债2373,2023-11-17,2023-11-17,800.5,800.0,98.858,100,2023-11-20,0,深交所,多种价格（混合式）招标发行,在国债登记公司开立债券账户及在证券登记公司开立股票和基金账户的各类投资者,2023-11-10,2011年记账式附息(十四期)国债,2023
110015,贴债2374,2023-11-17,2023-11-17,801.0,800.0,99.436,100,2023-11-20,0,深交所,多种价格（混合式）招标发行,在国债登记公司开立债券账户及在证券登记公司开立股票和基金账户的各类投资者,2023-11-16,2011年记账式附息(十五期)国债,2023
20611,23贴债73,2023-11-17,2023-11-17,800.5,800.0,98.858,100,2023-11-20,0,上交所,多种价格（混合式）招标发行,在国债登记公司开立债券账户及在证券登记公司开立股票和基金账户的各类投资者,2023-11-10,2023年记账式贴现(七十三期)国债,2023
20612,23贴债74,2023-11-17,2023-11-17,801.0,800.0,99.436,100,2023-11-20,0,上交所,多种价格（混合式）招标发行,在国债登记公司开立债券账户及在证券登记公司开立股票和基金账户的各类投资者,2023-11-16,2023年记账式贴现(七十四期)国债,2023
19722,23国债19,2023-11-14,2023-11-14,1150.0,1150.0,100.24,100,2023-11-15,2,上交所,多种价格（混合式）招标发行,在国债登记公司开立债券账户及在证券登记公司开立股票和基金账户的各类投资者,2023-11-16,2023年记账式附息(十九期)国债,2023
19728,23国债25,2023-11-14,2023-11-14,1150.0,1150.0,100.0,100,2023-11-15,0,上交所,多种价格（混合式）招标发行,在国债登记公司开立债券账户及在证券登记公司开立股票和基金账户的各类投资者,2023-11-07,2023年记账式附息(二十五期)国债,2023
110013,贴债2372,2023-11-10,2023-11-10,800.4,800.0,98.852,100,2023-11-13,0,深交所,多种价格（混合式）招标发行,在国债登记公司开立债券账户及在证券登记公司开立股票和基金账户的各类投资者,2023-11-03,2011年记账式附息(十三期)国债,2023
19726,23国债23,2023-11-10,2023-11-10,230.0,230.0,101.24,100,2023-11-13,1,上交所,荷兰式招标发行,在国债登记公司开立债券账户及在证券登记公司开立股票和基金账户的各类投资者,2023-11-03,2023年记账式附息(二十三期)国债,2023
20610,23贴债72,2023-11-10,2023-11-10,800.4,800.0,98.852,100,2023-11-13,0,上交所,多种价格（混合式）招标发行,在国债登记公司开立债券账户及在证券登记公司开立股票和基金账户的各类投资者,2023-11-03,2023年记账式贴现(七十二期)国债,2023
110009,贴债2369,2023-11-08,2023-11-08,100.0,100.0,99.911,100,2023-11-09,0,深交所,多种价格（混合式）招标发行,在国债登记公司开立债券账户及在证券登记公司开立股票和基金账户的各类投资者,2023-11-07,2011年记账式附息(九期)国债,2023
110011,贴债2370,2023-11-08,2023-11-08,101.9,100.0,99.678,100,2023-11-09,0,深交所,多种价格（混合式）招标发行,在国债登记公司开立债券账户及在证券登记公司开立股票和基金账户的各类投资者,2023-11-07,2011年记账式附息(十一期)国债,2023
110012,贴债2371,2023-11-08,2023-11-08,802.3,800.0,99.437,100,2023-11-09,0,深交所,多种价格（混合式）招标发行,在国债登记公司开立债券账户及在证券登记公司开立股票和基金账户的各类投资者,2023-11-07,2011年记账式附息(十二期)国债,2023
19723,23国债20,2023-11-08,2023-11-08,1216.2,1150.0,100.0,100,2023-11-09,2,上交所,多种价格（混合式）招标发行,在国债登记公司开立债券账户及在证券登记公司开立股票和基金账户的各类投资者,2023-11-10,2023年记账式附息(二十期)国债,2023
20607,23贴债69,2023-11-08,2023-11-08,100.0,100.0,99.911,100,2023-11-09,0,上交所,多种价格（混合式）招标发行,在国债登记公司开立债券账户及在证券登记公司开立股票和基金账户的各类投资者,2023-11-07,2023年记账式贴现(六十九期)国债,2023
20609,23贴债71,2023-11-08,2023-11-08,802.3,800.0,99.437,100,2023-11-09,0,上交所,多种价格（混合式）招标发行,在国债登记公司开立债券账户及在证券登记公司开立股票和基金账户的各类投资者,2023-11-07,2023年记账式贴现(七十一期)国债,2023
20608,23贴债70,2023-11-08,2023-11-08,101.9,100.0,99.678,100,2023-11-09,0,上交所,多种价格（混合式）招标发行,在国债登记公司开立债券账户及在证券登记公司开立股票和基金账户的各类投资者,2023-11-07,2023年记账式贴现(七十期)国债,2023
110008,贴债2368,2023-11-03,2023-11-03,800.0,800.0,99.447,100,2023-11-06,0,深交所,多种价格（混合式）招标发行,在国债登记公司开立债券账户及在证券登记公司开立股票和基金账户的各类投资者,2023-11-02,2011年记账式附息(八期)国债,2023
20606,23贴债68,2023-11-03,2023-11-03,800.0,800.0,99.447,100,2023-11-06,0,上交所,多种价格（混合式）招标发行,在国债登记公司开立债券账户及在证券登记公司开立股票和基金账户的各类投资者,2023-11-02,2023年记账式贴现(六十八期)国债,2023
110006,贴债2366,2023-10-27,2023-10-27,952.2,950.0,98.838,100,2023-10-30,0,深交所,多种价格（混合式）招标发行,在国债登记公司开立债券账户及在证券登记公司开立股票和基金账户的各类投资者,2023-10-20,2011年记账式附息(六期)国债,2023
110007,贴债2367,2023-10-27,2023-10-27,950.0,950.0,99.436,100,2023-10-30,0,深交所,多种价格（混合式）招标发行,在国债登记公司开立债券账户及在证券登记公司开立股票和基金账户的各类投资者,2023-10-26,2011年记账式附息(七期)国债,2023
20604,23贴债66,2023-10-27,2023-10-27,952.2,950.0,98.838,100,2023-10-30,0,上交所,多种价格（混合式）招标发行,在国债登记公司开立债券账户及在证券登记公司开立股票和基金账户的各类投资者,2023-10-20,2023年记账式贴现(六十六期)国债,2023
20605,23贴债67,2023-10-27,2023-10-27,950.0,950.0,99.436,100,2023-10-30,0,上交所,多种价格（混合式）招标发行,在国债登记公司开立债券账户及在证券登记公司开立股票和基金账户的各类投资者,2023-10-26,2023年记账式贴现(六十七期)国债,2023
19721,23国债18,2023-10-24,2023-10-24,1120.7,1120.0,98.78,100,2023-10-25,2,上交所,多种价格（混合式）招标发行,在国债登记公司开立债券账户及在证券登记公司开立股票和基金账户的各类投资者,2023-10-17,2023年记账式附息(十八期)国债,2023
19727,23国债24,2023-10-24,2023-10-24,1122.7,1120.0,100.0,100,2023-10-25,0,上交所,多种价格（混合式）招标发行,在国债登记公司开立债券账户及在证券登记公司开立股票和基金账户的各类投资者,2023-10-17,2023年记账式附息(二十四期)国债,2023
110004,贴债2364,2023-10-20,2023-10-20,953.0,950.0,98.85,100,2023-10-23,0,深交所,多种价格（混合式）招标发行,在国债登记公司开立债券账户及在证券登记公司开立股票和基金账户的各类投资者,2023-10-13,2011年记账式附息(四期)国债,2023
110005,贴债2365,2023-10-20,2023-10-20,951.2,950.0,99.444,100,2023-10-23,0,深交所,多种价格（混合式）招标发行,在国债登记公司开立债券账户及在证券登记公司开立股票和基金账户的各类投资者,2023-10-19,2011年记账式附息(五期)国债,2023
20602,23贴债64,2023-10-20,2023-10-20,953.0,950.0,98.85,100,2023-10-23,0,上交所,多种价格（混合式）招标发行,在国债登记公司开立债券账户及在证券登记公司开立股票和基金账户的各类投资者,2023-10-13,2023年记账式贴现(六十四期)国债,2023
20603,23贴债65,2023-10-20,2023-10-20,951.2,950.0,99.444,100,2023-10-23,0,上交所,多种价格（混合式）招标发行,在国债登记公司开立债券账户及在证券登记公司开立股票和基金账户的各类投资者,2023-10-19,2023年记账式贴现(六十五期)国债,2023
19722,23国债19,2023-10-18,2023-10-18,1150.0,1150.0,99.69,100,2023-10-19,1,上交所,多种价格（混合式）招标发行,在国债登记公司开立债券账户及在证券登记公司开立股票和基金账户的各类投资者,2023-10-20,2023年记账式附息(十九期)国债,2023
19723,23国债20,2023-10-18,2023-10-18,1150.3,1150.0,99.85,100,2023-10-19,1,上交所,多种价格（混合式）招标发行,在国债登记公司开立债券账户及在证券登记公司开立股票和基金账户的各类投资者,2023-10-20,2023年记账式附息(二十期)国债,2023
110003,贴债2363,2023-10-13,2023-10-13,950.0,950.0,99.524,100,2023-10-16,0,深交所,多种价格（混合式）招标发行,在国债登记公司开立债券账户及在证券登记公司开立股票和基金账户的各类投资者,2023-10-12,2011年记账式附息(三期)国债,2023
19725,23国债22,2023-10-13,2023-10-13,1150.0,1150.0,100.0,100,2023-10-16,0,上交所,多种价格（混合式）招标发行,在国债登记公司开立债券账户及在证券登记公司开立股票和基金账户的各类投资者,2023-10-08,2023年记账式附息(二十二期)国债,2023
19726,23国债23,2023-10-13,2023-10-13,230.0,230.0,100.0,100,2023-10-16,0,上交所,荷兰式招标发行,在国债登记公司开立债券账户及在证券登记公司开立股票和基金账户的各类投资者,2023-10-08,2023年记账式附息(二十三期)国债,2023
20601,23贴债63,2023-10-13,2023-10-13,950.0,950.0,99.524,100,2023-10-16,0,上交所,多种价格（混合式）招标发行,在国债登记公司开立债券账户及在证券登记公司开立股票和基金账户的各类投资者,2023-10-12,2023年记账式贴现(六十三期)国债,2023
110002,贴债2362,2023-10-11,2023-10-11,100.0,100.0,99.776,100,2023-10-12,0,深交所,多种价格（混合式）招标发行,在国债登记公司开立债券账户及在证券登记公司开立股票和基金账户的各类投资者,2023-10-10,2011年记账式附息(二期)国债,2023
19710,23国债17,2023-10-11,2023-10-11,1150.1,1150.0,99.63,100,2023-10-12,2,上交所,多种价格（混合式）招标发行,在国债登记公司开立债券账户及在证券登记公司开立股票和基金账户的各类投资者,2023-10-13,2023年记账式附息(十七期)国债,2023
20599,23贴债61,2023-10-11,2023-10-11,100.6,100.0,99.93,100,2023-10-12,0,上交所,多种价格（混合式）招标发行,在国债登记公司开立债券账户及在证券登记公司开立股票和基金账户的各类投资者,2023-10-10,2023年记账式贴现(六十一期)国债,2023
20600,23贴债62,2023-10-11,2023-10-11,100.0,100.0,99.776,100,2023-10-12,0,上交所,多种价格（混合式）招标发行,在国债登记公司开立债券账户及在证券登记公司开立股票和基金账户的各类投资者,2023-10-10,2023年记账式贴现(六十二期)国债,2023
231709,23储蓄09,2023-10-19,2023-10-10,190.0,190.0,100.0,100,2023-10-20,0,银行间债券市场,其他,个人投资者,2023-10-07,2023年第九期储蓄国债(电子式),2023
231710,23储蓄10,2023-10-19,2023-10-10,190.0,190.0,100.0,100,2023-10-20,0,银行间债券市场,其他,个人投资者,2023-10-07,2023年第十期储蓄国债(电子式),2023
20597,23贴债59,2023-09-22,2023-09-22,954.3,950.0,98.98,100,2023-09-25,0,上交所,多种价格（混合式）招标发行,在国债登记公司开立债券账户及在证券登记公司开立股票和基金账户的各类投资者,2023-09-15,2023年记账式贴现(五十九期)国债,2023
19723,23国债20,2023-09-22,2023-09-22,1150.0,1150.0,100.0,100,2023-09-25,0,上交所,多种价格（混合式）招标发行,在国债登记公司开立债券账户及在证券登记公司开立股票和基金账户的各类投资者,2023-09-15,2023年记账式附息(二十期)国债,2023
19724,23国债21,2023-09-22,2023-09-22,1153.9,1150.0,100.0,100,2023-09-25,0,上交所,多种价格（混合式）招标发行,在国债登记公司开立债券账户及在证券登记公司开立股票和基金账户的各类投资者,2023-09-15,2023年记账式附息(二十一期)国债,2023
20598,23贴债60,2023-09-22,2023-09-22,400.0,400.0,99.58,100,2023-09-25,0,上交所,多种价格（混合式）招标发行,在国债登记公司开立债券账户及在证券登记公司开立股票和基金账户的各类投资者,2023-09-21,2023年记账式贴现(六十期)国债,2023
19709,23国债16,2023-09-20,2023-09-20,1150.0,1150.0,99.832,100,2023-09-21,2,上交所,多种价格（混合式）招标发行,在国债登记公司开立债券账户及在证券登记公司开立股票和基金账户的各类投资者,2023-09-14,2023年记账式附息(十六期)国债,2023
19721,23国债18,2023-09-20,2023-09-20,1150.0,1150.0,99.11,100,2023-09-21,1,上交所,多种价格（混合式）招标发行,在国债登记公司开立债券账户及在证券登记公司开立股票和基金账户的各类投资者,2023-09-14,2023年记账式附息(十八期)国债,2023
19700,23国债07,2023-09-15,2023-09-15,230.0,230.0,106.53,100,2023-09-18,2,上交所,荷兰式招标发行,在国债登记公司开立债券账户及在证券登记公司开立股票和基金账户的各类投资者,2023-09-08,2023年记账式附息(七期)国债,2023
20596,23贴债58,2023-09-15,2023-09-15,400.0,400.0,99.61,100,2023-09-18,0,上交所,多种价格（混合式）招标发行,在国债登记公司开立债券账户及在证券登记公司开立股票和基金账户的各类投资者,2023-09-14,2023年记账式贴现(五十八期)国债,2023
19710,23国债17,2023-09-14,2023-09-14,952.3,950.0,99.85,100,2023-09-15,1,上交所,多种价格（混合式）招标发行,在国债登记公司开立债券账户及在证券登记公司开立股票和基金账户的各类投资者,2023-09-18,2023年记账式附息(十七期)国债,2023
19722,23国债19,2023-09-14,2023-09-14,951.1,950.0,100.0,100,2023-09-15,0,上交所,多种价格（混合式）招标发行,在国债登记公司开立债券账户及在证券登记公司开立股票和基金账户的各类投资者,2023-09-07,2023年记账式附息(十九期)国债,2023
19702,23国债09,2023-09-08,2023-09-08,230.0,230.0,105.44,100,2023-09-11,5,上交所,荷兰式招标发行,在国债登记公司开立债券账户及在证券登记公司开立股票和基金账户的各类投资者,2023-09-01,2023年记账式附息(九期)国债,2023
20595,23贴债57,2023-09-08,2023-09-08,600.0,600.0,99.652,100,2023-09-11,0,上交所,多种价格（混合式）招标发行,在国债登记公司开立债券账户及在证券登记公司开立股票和基金账户的各类投资者,2023-09-07,2023年记账式贴现(五十七期)国债,2023
19708,23国债15,2023-09-06,2023-09-06,950.0,950.0,100.21,100,2023-09-07,2,上交所,多种价格（混合式）招标发行,在国债登记公司开立债券账户及在证券登记公司开立股票和基金账户的各类投资者,2023-09-08,2023年记账式附息(十五期)国债,2023
20593,23贴债55,2023-09-06,2023-09-06,200.0,200.0,99.929,100,2023-09-07,0,上交所,多种价格（混合式）招标发行,在国债登记公司开立债券账户及在证券登记公司开立股票和基金账户的各类投资者,2023-09-05,2023年记账式贴现(五十五期)国债,2023
20594,23贴债56,2023-09-06,2023-09-06,400.0,400.0,99.794,100,2023-09-07,0,上交所,多种价格（混合式）招标发行,在国债登记公司开立债券账户及在证券登记公司开立股票和基金账户的各类投资者,2023-09-05,2023年记账式贴现(五十六期)国债,2023
20591,23贴债53,2023-09-01,2023-09-01,650.0,650.0,99.091,100,2023-09-04,0,上交所,多种价格（混合式）招标发行,在国债登记公司开立债券账户及在证券登记公司开立股票和基金账户的各类投资者,2023-08-25,2023年记账式贴现(五十三期)国债,2023
20592,23贴债54,2023-09-01,2023-09-01,301.0,300.0,99.68,100,2023-09-04,0,上交所,多种价格（混合式）招标发行,在国债登记公司开立债券账户及在证券登记公司开立股票和基金账户的各类投资者,2023-08-31,2023年记账式贴现(五十四期)国债,2023
20589,23贴债51,2023-08-25,2023-08-25,650.0,650.0,99.157,100,2023-08-28,0,上交所,多种价格（混合式）招标发行,在国债登记公司开立债券账户及在证券登记公司开立股票和基金账户的各类投资者,2023-08-18,2023年记账式贴现(五十一期)国债,2023
20590,23贴债52,2023-08-25,2023-08-25,301.0,300.0,99.691,100,2023-08-28,0,上交所,多种价格（混合式）招标发行,在国债登记公司开立债券账户及在证券登记公司开立股票和基金账户的各类投资者,2023-08-24,2023年记账式贴现(五十二期)国债,2023
19709,23国债16,2023-08-24,2023-08-24,950.0,950.0,99.995,100,2023-08-25,1,上交所,多种价格（混合式）招标发行,在国债登记公司开立债券账户及在证券登记公司开立股票和基金账户的各类投资者,2023-08-17,2023年记账式附息(十六期)国债,2023
19721,23国债18,2023-08-24,2023-08-24,951.2,950.0,100.0,100,2023-08-25,0,上交所,多种价格（混合式）招标发行,在国债登记公司开立债券账户及在证券登记公司开立股票和基金账户的各类投资者,2023-08-17,2023年记账式附息(十八期)国债,2023
20588,23贴债50,2023-08-18,2023-08-18,301.0,300.0,99.697,100,2023-08-21,0,上交所,多种价格（混合式）招标发行,在国债登记公司开立债券账户及在证券登记公司开立股票和基金账户的各类投资者,2023-08-17,2023年记账式贴现(五十期)国债,2023
19707,23国债14,2023-08-14,2023-08-14,950.0,950.0,100.76,100,2023-08-15,2,上交所,多种价格（混合式）招标发行,在国债登记公司开立债券账户及在证券登记公司开立股票和基金账户的各类投资者,2023-08-16,2023年记账式附息(十四期)国债,2023
19710,23国债17,2023-08-14,2023-08-14,952.7,950.0,100.0,100,2023-08-15,0,上交所,多种价格（混合式）招标发行,在国债登记公司开立债券账户及在证券登记公司开立股票和基金账户的各类投资者,2023-08-07,2023年记账式附息(十七期)国债,2023
19702,23国债09,2023-08-11,2023-08-11,230.0,230.0,105.08,100,2023-08-14,4,上交所,荷兰式招标发行,在国债登记公司开立债券账户及在证券登记公司开立股票和基金账户的各类投资者,2023-08-04,2023年记账式附息(九期)国债,2023
20587,23贴债49,2023-08-11,2023-08-11,301.0,300.0,99.699,100,2023-08-14,0,上交所,多种价格（混合式）招标发行,在国债登记公司开立债券账户及在证券登记公司开立股票和基金账户的各类投资者,2023-08-10,2023年记账式贴现(四十九期)国债,2023
231707,23储蓄07,2023-08-19,2023-08-10,190.0,190.0,100.0,100,2023-08-21,0,银行间债券市场,其他,个人投资者,2023-08-04,2023年第七期储蓄国债(电子式),2023
231708,23储蓄08,2023-08-19,2023-08-10,190.0,190.0,100.0,100,2023-08-21,0,银行间债券市场,其他,个人投资者,2023-08-04,2023年第八期储蓄国债(电子式),2023
19706,23国债13,2023-08-09,2023-08-09,951.5,950.0,100.23,100,2023-08-10,2,上交所,多种价格（混合式）招标发行,在国债登记公司开立债券账户及在证券登记公司开立股票和基金账户的各类投资者,2023-08-02,2023年记账式附息(十三期)国债,2023
19708,23国债15,2023-08-09,2023-08-09,951.9,950.0,100.28,100,2023-08-10,1,上交所,多种价格（混合式）招标发行,在国债登记公司开立债券账户及在证券登记公司开立股票和基金账户的各类投资者,2023-08-14,2023年记账式附息(十五期)国债,2023
20585,23贴债47,2023-08-09,2023-08-09,202.7,200.0,99.937,100,2023-08-10,0,上交所,多种价格（混合式）招标发行,在国债登记公司开立债券账户及在证券登记公司开立股票和基金账户的各类投资者,2023-08-08,2023年记账式贴现(四十七期)国债,2023
20586,23贴债48,2023-08-09,2023-08-09,201.2,200.0,99.809,100,2023-08-10,0,上交所,多种价格（混合式）招标发行,在国债登记公司开立债券账户及在证券登记公司开立股票和基金账户的各类投资者,2023-08-08,2023年记账式贴现(四十八期)国债,2023
20583,23贴债45,2023-08-04,2023-08-04,650.0,650.0,99.191,100,2023-08-07,0,上交所,多种价格（混合式）招标发行,在国债登记公司开立债券账户及在证券登记公司开立股票和基金账户的各类投资者,2023-07-28,2023年记账式贴现(四十五期)国债,2023
20584,23贴债46,2023-08-04,2023-08-04,300.0,300.0,99.694,100,2023-08-07,0,上交所,多种价格（混合式）招标发行,在国债登记公司开立债券账户及在证券登记公司开立股票和基金账户的各类投资者,2023-08-03,2023年记账式贴现(四十六期)国债,2023
20582,23贴债44,2023-07-28,2023-07-28,300.8,300.0,99.696,100,2023-07-31,0,上交所,多种价格（混合式）招标发行,在国债登记公司开立债券账户及在证券登记公司开立股票和基金账户的各类投资者,2023-07-27,2023年记账式贴现(四十四期)国债,2023
19707,23国债14,2023-07-24,2023-07-24,960.0,960.0,100.58,100,2023-07-25,1,上交所,多种价格（混合式）招标发行,在国债登记公司开立债券账户及在证券登记公司开立股票和基金账户的各类投资者,2023-07-26,2023年记账式附息(十四期)国债,2023
19709,23国债16,2023-07-24,2023-07-24,962.0,960.0,100.0,100,2023-07-25,0,上交所,多种价格（混合式）招标发行,在国债登记公司开立债券账户及在证券登记公司开立股票和基金账户的各类投资者,2023-07-17,2023年记账式附息(十六期)国债,2023
19702,23国债09,2023-07-21,2023-07-21,230.0,230.0,105.04,100,2023-07-24,3,上交所,荷兰式招标发行,在国债登记公司开立债券账户及在证券登记公司开立股票和基金账户的各类投资者,2023-07-14,2023年记账式附息(九期)国债,2023
20581,23贴债43,2023-07-21,2023-07-21,301.0,300.0,99.692,100,2023-07-24,0,上交所,多种价格（混合式）招标发行,在国债登记公司开立债券账户及在证券登记公司开立股票和基金账户的各类投资者,2023-07-20,2023年记账式贴现(四十三期)国债,2023
20579,23贴债41,2023-07-14,2023-07-14,650.0,650.0,99.21,100,2023-07-17,0,上交所,多种价格（混合式）招标发行,在国债登记公司开立债券账户及在证券登记公司开立股票和基金账户的各类投资者,2023-07-07,2023年记账式贴现(四十一期)国债,2023
19708,23国债15,2023-07-14,2023-07-14,960.0,960.0,100.0,100,2023-07-17,0,上交所,多种价格（混合式）招标发行,在国债登记公司开立债券账户及在证券登记公司开立股票和基金账户的各类投资者,2023-07-07,2023年记账式附息(十五期)国债,2023
20580,23贴债42,2023-07-14,2023-07-14,300.0,300.0,99.692,100,2023-07-17,0,上交所,多种价格（混合式）招标发行,在国债登记公司开立债券账户及在证券登记公司开立股票和基金账户的各类投资者,2023-07-13,2023年记账式贴现(四十二期)国债,2023
19705,23国债12,2023-07-12,2023-07-12,960.0,960.0,100.84,100,2023-07-13,2,上交所,多种价格（混合式）招标发行,在国债登记公司开立债券账户及在证券登记公司开立股票和基金账户的各类投资者,2023-07-07,2023年记账式附息(十二期)国债,2023
19706,23国债13,2023-07-12,2023-07-12,965.0,960.0,100.05,100,2023-07-13,1,上交所,多种价格（混合式）招标发行,在国债登记公司开立债券账户及在证券登记公司开立股票和基金账户的各类投资者,2023-07-07,2023年记账式附息(十三期)国债,2023
231705,23储蓄05,2023-07-19,2023-07-10,180.1639,190.0,100.0,100,2023-07-20,0,银行间债券市场,其他,个人投资者,2023-07-07,2023年第五期储蓄国债(电子式),2023
231706,23储蓄06,2023-07-19,2023-07-10,190.0,190.0,100.0,100,2023-07-20,0,银行间债券市场,其他,个人投资者,2023-07-07,2023年第六期储蓄国债(电子式),2023
20578,23贴债40,2023-07-07,2023-07-07,650.0,650.0,99.26,100,2023-07-10,0,上交所,多种价格（混合式）招标发行,在国债登记公司开立债券账户及在证券登记公司开立股票和基金账户的各类投资者,2023-07-04,2023年记账式贴现(四十期)国债,2023
19704,23国债11,2023-07-05,2023-07-05,902.6,900.0,100.65,100,2023-07-06,2,上交所,多种价格（混合式）招标发行,在国债登记公司开立债券账户及在证券登记公司开立股票和基金账户的各类投资者,2023-06-30,2023年记账式附息(十一期)国债,2023
20576,23贴债38,2023-07-05,2023-07-05,403.9,400.0,99.93,100,2023-07-06,0,上交所,多种价格（混合式）招标发行,在国债登记公司开立债券账户及在证券登记公司开立股票和基金账户的各类投资者,2023-07-04,2023年记账式贴现(三十八期)国债,2023
20577,23贴债39,2023-07-05,2023-07-05,403.3,400.0,99.803,100,2023-07-06,0,上交所,多种价格（混合式）招标发行,在国债登记公司开立债券账户及在证券登记公司开立股票和基金账户的各类投资者,2023-07-04,2023年记账式贴现(三十九期)国债,2023
19703,23国债10,2023-06-21,2023-06-21,836.0,830.0,100.589,100,2023-06-26,2,上交所,多种价格（混合式）招标发行,在国债登记公司开立债券账户及在证券登记公司开立股票和基金账户的各类投资者,2023-06-14,2023年记账式附息(十期)国债,2023
19707,23国债14,2023-06-21,2023-06-21,863.0,860.0,100.0,100,2023-06-26,0,上交所,多种价格（混合式）招标发行,在国债登记公司开立债券账户及在证券登记公司开立股票和基金账户的各类投资者,2023-06-14,2023年记账式附息(十四期)国债,2023
19702,23国债09,2023-06-16,2023-06-16,230.0,230.0,103.5,100,2023-06-19,2,上交所,荷兰式招标发行,在国债登记公司开立债券账户及在证券登记公司开立股票和基金账户的各类投资者,2023-06-09,2023年记账式附息(九期)国债,2023
20575,23贴债37,2023-06-16,2023-06-16,504.2,500.0,99.691,100,2023-06-19,0,上交所,多种价格（混合式）招标发行,在国债登记公司开立债券账户及在证券登记公司开立股票和基金账户的各类投资者,2023-06-15,2023年记账式贴现(三十七期)国债,2023
19701,23国债08,2023-06-14,2023-06-14,870.0,870.0,101.77,100,2023-06-15,2,上交所,多种价格（混合式）招标发行,在国债登记公司开立债券账户及在证券登记公司开立股票和基金账户的各类投资者,2023-06-07,2023年记账式附息(八期)国债,2023
19706,23国债13,2023-06-14,2023-06-14,881.4,870.0,100.0,100,2023-06-15,0,上交所,多种价格（混合式）招标发行,在国债登记公司开立债券账户及在证券登记公司开立股票和基金账户的各类投资者,2023-06-07,2023年记账式附息(十三期)国债,2023
231703,23储蓄03,2023-06-19,2023-06-10,190.0,190.0,100.0,100,2023-06-20,0,银行间债券市场,其他,个人投资者,2023-06-08,2023年第三期储蓄国债(电子式),2023
231704,23储蓄04,2023-06-19,2023-06-10,190.0,190.0,100.0,100,2023-06-20,0,银行间债券市场,其他,个人投资者,2023-06-08,2023年第四期储蓄国债(电子式),2023
20573,23贴债35,2023-06-09,2023-06-09,351.1,350.0,99.25,100,2023-06-12,0,上交所,多种价格（混合式）招标发行,在国债登记公司开立债券账户及在证券登记公司开立股票和基金账户的各类投资者,2023-06-02,2023年记账式贴现(三十五期)国债,2023
20574,23贴债36,2023-06-09,2023-06-09,501.6,500.0,99.688,100,2023-06-12,0,上交所,多种价格（混合式）招标发行,在国债登记公司开立债券账户及在证券登记公司开立股票和基金账户的各类投资者,2023-06-08,2023年记账式贴现(三十六期)国债,2023
19704,23国债11,2023-06-07,2023-06-07,878.7,870.0,100.53,100,2023-06-08,1,上交所,多种价格（混合式）招标发行,在国债登记公司开立债券账户及在证券登记公司开立股票和基金账户的各类投资者,2023-05-31,2023年记账式附息(十一期)国债,2023
19705,23国债12,2023-06-07,2023-06-07,861.6,860.0,100.27,100,2023-06-08,1,上交所,多种价格（混合式）招标发行,在国债登记公司开立债券账户及在证券登记公司开立股票和基金账户的各类投资者,2023-05-31,2023年记账式附息(十二期)国债,2023
20571,23贴债33,2023-06-07,2023-06-07,202.0,200.0,99.924,100,2023-06-08,0,上交所,多种价格（混合式）招标发行,在国债登记公司开立债券账户及在证券登记公司开立股票和基金账户的各类投资者,2023-06-06,2023年记账式贴现(三十三期)国债,2023
20572,23贴债34,2023-06-07,2023-06-07,201.6,200.0,99.79,100,2023-06-08,0,上交所,多种价格（混合式）招标发行,在国债登记公司开立债券账户及在证券登记公司开立股票和基金账户的各类投资者,2023-06-06,2023年记账式贴现(三十四期)国债,2023
19700,23国债07,2023-06-02,2023-06-02,230.0,230.0,103.15,100,2023-06-05,1,上交所,荷兰式招标发行,在国债登记公司开立债券账户及在证券登记公司开立股票和基金账户的各类投资者,2023-05-26,2023年记账式附息(七期)国债,2023
20570,23贴债32,2023-06-02,2023-06-02,508.2,500.0,99.655,100,2023-06-05,0,上交所,多种价格（混合式）招标发行,在国债登记公司开立债券账户及在证券登记公司开立股票和基金账户的各类投资者,2023-06-01,2023年记账式贴现(三十二期)国债,2023
20569,23贴债31,2023-05-26,2023-05-26,302.0,300.0,99.643,100,2023-05-29,0,上交所,多种价格（混合式）招标发行,在国债登记公司开立债券账户及在证券登记公司开立股票和基金账户的各类投资者,2023-05-25,2023年记账式贴现(三十一期)国债,2023
19703,23国债10,2023-05-24,2023-05-24,677.6,670.0,100.304,100,2023-05-25,1,上交所,多种价格（混合式）招标发行,在国债登记公司开立债券账户及在证券登记公司开立股票和基金账户的各类投资者,2023-05-17,2023年记账式附息(十期)国债,2023
19705,23国债12,2023-05-24,2023-05-24,700.0,700.0,100.0,100,2023-05-25,0,上交所,多种价格（混合式）招标发行,在国债登记公司开立债券账户及在证券登记公司开立股票和基金账户的各类投资者,2023-05-17,2023年记账式附息(十二期)国债,2023
19702,23国债09,2023-05-19,2023-05-19,230.0,230.0,102.51,100,2023-05-22,1,上交所,荷兰式招标发行,在国债登记公司开立债券账户及在证券登记公司开立股票和基金账户的各类投资者,2023-05-12,2023年记账式附息(九期)国债,2023
20568,23贴债30,2023-05-19,2023-05-19,401.5,400.0,99.593,100,2023-05-22,0,上交所,多种价格（混合式）招标发行,在国债登记公司开立债券账户及在证券登记公司开立股票和基金账户的各类投资者,2023-05-18,2023年记账式贴现(三十期)国债,2023
19698,23国债05,2023-05-17,2023-05-17,867.0,850.0,100.7,100,2023-05-18,2,上交所,多种价格（混合式）招标发行,在国债登记公司开立债券账户及在证券登记公司开立股票和基金账户的各类投资者,2023-05-10,2023年记账式附息(五期)国债,2023
19699,23国债06,2023-05-17,2023-05-17,860.0,850.0,101.29,100,2023-05-18,2,上交所,多种价格（混合式）招标发行,在国债登记公司开立债券账户及在证券登记公司开立股票和基金账户的各类投资者,2023-05-10,2023年记账式附息(六期)国债,2023
19704,23国债11,2023-05-12,2023-05-12,852.2,850.0,100.0,100,2023-05-15,0,上交所,多种价格（混合式）招标发行,在国债登记公司开立债券账户及在证券登记公司开立股票和基金账户的各类投资者,2023-05-06,2023年记账式附息(十一期)国债,2023
20567,23贴债29,2023-05-12,2023-05-12,400.2,400.0,99.588,100,2023-05-15,0,上交所,多种价格（混合式）招标发行,在国债登记公司开立债券账户及在证券登记公司开立股票和基金账户的各类投资者,2023-05-11,2023年记账式贴现(二十九期)国债,2023
19701,23国债08,2023-05-10,2023-05-10,856.9,850.0,100.68,100,2023-05-11,1,上交所,多种价格（混合式）招标发行,在国债登记公司开立债券账户及在证券登记公司开立股票和基金账户的各类投资者,2023-05-04,2023年记账式附息(八期)国债,2023
20565,23贴债27,2023-05-10,2023-05-10,203.4,200.0,99.903,100,2023-05-11,0,上交所,多种价格（混合式）招标发行,在国债登记公司开立债券账户及在证券登记公司开立股票和基金账户的各类投资者,2023-05-09,2023年记账式贴现(二十七期)国债,2023
20566,23贴债28,2023-05-10,2023-05-10,200.7,200.0,99.731,100,2023-05-11,0,上交所,多种价格（混合式）招标发行,在国债登记公司开立债券账户及在证券登记公司开立股票和基金账户的各类投资者,2023-05-09,2023年记账式贴现(二十八期)国债,2023
20563,23贴债25,2023-05-05,2023-05-05,401.3,400.0,99.052,100,2023-05-08,0,上交所,多种价格（混合式）招标发行,在国债登记公司开立债券账户及在证券登记公司开立股票和基金账户的各类投资者,2023-04-25,2023年记账式贴现(二十五期)国债,2023
20564,23贴债26,2023-05-05,2023-05-05,400.0,400.0,99.57,100,2023-05-08,0,上交所,多种价格（混合式）招标发行,在国债登记公司开立债券账户及在证券登记公司开立股票和基金账户的各类投资者,2023-05-04,2023年记账式贴现(二十六期)国债,2023
19697,23国债04,2023-04-24,2023-04-24,831.6,830.0,101.25,100,2023-04-25,2,上交所,多种价格（混合式）招标发行,在国债登记公司开立债券账户及在证券登记公司开立股票和基金账户的各类投资者,2023-04-17,2023年记账式附息(四期)国债,2023
19703,23国债10,2023-04-24,2023-04-24,810.6,810.0,100.0,100,2023-04-25,0,上交所,多种价格（混合式）招标发行,在国债登记公司开立债券账户及在证券登记公司开立股票和基金账户的各类投资者,2023-04-17,2023年记账式附息(十期)国债,2023
20561,23贴债23,2023-04-21,2023-04-21,350.0,350.0,99.047,100,2023-04-24,0,上交所,多种价格（混合式）招标发行,在国债登记公司开立债券账户及在证券登记公司开立股票和基金账户的各类投资者,2023-04-14,2023年记账式贴现(二十三期)国债,2023
20562,23贴债24,2023-04-21,2023-04-21,350.0,350.0,99.567,100,2023-04-24,0,上交所,多种价格（混合式）招标发行,在国债登记公司开立债券账户及在证券登记公司开立股票和基金账户的各类投资者,2023-04-20,2023年记账式贴现(二十四期)国债,2023
19696,23国债03,2023-04-19,2023-04-19,842.8,840.0,100.49,100,2023-04-20,2,上交所,多种价格（混合式）招标发行,在国债登记公司开立债券账户及在证券登记公司开立股票和基金账户的各类投资者,2023-04-24,2023年记账式附息(三期)国债,2023
19699,23国债06,2023-04-19,2023-04-19,831.0,830.0,100.41,100,2023-04-20,1,上交所,多种价格（混合式）招标发行,在国债登记公司开立债券账户及在证券登记公司开立股票和基金账户的各类投资者,2023-04-12,2023年记账式附息(六期)国债,2023
19701,23国债08,2023-04-14,2023-04-14,841.3,840.0,100.0,100,2023-04-17,0,上交所,多种价格（混合式）招标发行,在国债登记公司开立债券账户及在证券登记公司开立股票和基金账户的各类投资者,2023-04-07,2023年记账式附息(八期)国债,2023
19702,23国债09,2023-04-14,2023-04-14,230.0,230.0,100.0,100,2023-04-17,0,上交所,荷兰式招标发行,在国债登记公司开立债券账户及在证券登记公司开立股票和基金账户的各类投资者,2023-04-07,2023年记账式附息(九期)国债,2023
20560,23贴债22,2023-04-14,2023-04-14,400.0,400.0,99.567,100,2023-04-17,0,上交所,多种价格（混合式）招标发行,在国债登记公司开立债券账户及在证券登记公司开立股票和基金账户的各类投资者,2023-04-13,2023年记账式贴现(二十二期)国债,2023
19698,23国债05,2023-04-12,2023-04-12,848.7,840.0,100.2,100,2023-04-13,1,上交所,多种价格（混合式）招标发行,在国债登记公司开立债券账户及在证券登记公司开立股票和基金账户的各类投资者,2023-04-04,2023年记账式附息(五期)国债,2023
20559,23贴债21,2023-04-12,2023-04-12,201.3,200.0,99.732,100,2023-04-13,0,上交所,多种价格（混合式）招标发行,在国债登记公司开立债券账户及在证券登记公司开立股票和基金账户的各类投资者,2023-04-11,2023年记账式贴现(二十一期)国债,2023
20558,23贴债20,2023-04-12,2023-04-12,201.2,200.0,99.894,100,2023-04-13,0,上交所,多种价格（混合式）招标发行,在国债登记公司开立债券账户及在证券登记公司开立股票和基金账户的各类投资者,2023-04-11,2023年记账式贴现(二十期)国债,2023
231701,23储蓄01,2023-04-19,2023-04-10,190.0,190.0,100.0,100,2023-04-20,0,银行间债券市场,其他,个人投资者,2023-04-06,2023年第一期储蓄国债(电子式),2023
231702,23储蓄02,2023-04-19,2023-04-10,190.0,190.0,100.0,100,2023-04-20,0,银行间债券市场,其他,个人投资者,2023-04-06,2023年第二期储蓄国债(电子式),2023
20557,23贴债19,2023-04-07,2023-04-07,400.0,400.0,99.568,100,2023-04-10,0,上交所,多种价格（混合式）招标发行,在国债登记公司开立债券账户及在证券登记公司开立股票和基金账户的各类投资者,2023-04-06,2023年记账式贴现(十九期)国债,2023
101964,23内蒙03,2023-03-30,2023-03-30,200.0,200.0,100.0,100,2023-03-31,0,上交所,荷兰式招标发行,,2023-03-23,96年记帐式(三期)国债,2023
101998,23湖南30,2023-03-24,2023-03-24,2.69,2.69,100.0,100,2023-03-27,0,上交所,荷兰式招标发行,,2023-03-17,1999年记帐式(八期)国债,2023
101995,23湖南27,2023-03-24,2023-03-24,6.5,6.5,100.0,100,2023-03-27,0,上交所,荷兰式招标发行,,2023-03-17,1999年财政部记帐式(五期)国债,2023
101983,23山东21,2023-03-24,2023-03-24,201.85,201.85,100.0,100,2023-03-27,0,上交所,荷兰式招标发行,,2023-03-17,2019年记账式附息(三期)国债,2023
101984,23山东22,2023-03-24,2023-03-24,39.88,39.88,100.0,100,2023-03-27,0,银行间债券市场,荷兰式招标发行,,2023-03-17,2019年记账式附息(四期)国债,2023
101985,23湖南17,2023-03-24,2023-03-24,14.99,14.99,100.0,100,2023-03-27,0,上交所,荷兰式招标发行,,2023-03-17,2019年记账式附息(五期)国债,2023
19699,23国债06,2023-03-24,2023-03-24,880.0,880.0,100.0,100,2023-03-27,0,上交所,多种价格（混合式）招标发行,在国债登记公司开立债券账户及在证券登记公司开立股票和基金账户的各类投资者,2023-03-17,2023年记账式附息(六期)国债,2023
19700,23国债07,2023-03-24,2023-03-24,230.0,230.0,100.0,100,2023-03-27,0,上交所,荷兰式招标发行,在国债登记公司开立债券账户及在证券登记公司开立股票和基金账户的各类投资者,2023-03-17,2023年记账式附息(七期)国债,2023
20556,23贴债18,2023-03-24,2023-03-24,400.0,400.0,99.547,100,2023-03-27,0,上交所,多种价格（混合式）招标发行,在国债登记公司开立债券账户及在证券登记公司开立股票和基金账户的各类投资者,2023-03-23,2023年记账式贴现(十八期)国债,2023
101986,23湖南18,2023-03-24,2023-03-24,19.96,19.96,100.0,100,2023-03-27,0,上交所,荷兰式招标发行,,2023-03-17,2019年记账式附息(十期)国债,2023
101987,23湖南19,2023-03-24,2023-03-24,8.11,8.11,100.0,100,2023-03-27,0,上交所,荷兰式招标发行,,2023-03-17,2019年记账式附息(十二期)国债,2023
101988,23湖南20,2023-03-24,2023-03-24,3.878,3.878,100.0,100,2023-03-27,0,上交所,荷兰式招标发行,,2023-03-17,2019年记账式附息(十三期)国债,2023
101965,23青岛12,2023-03-23,2023-03-23,17.18,17.18,100.0,100,2023-03-24,0,银行间债券市场,荷兰式招标发行,,2023-03-16,96年记帐式(四期)国债,2023
101967,23青岛14,2023-03-23,2023-03-23,2.5,2.5,100.0,100,2023-03-24,0,银行间债券市场,荷兰式招标发行,,2023-03-16,九六年无记名(二期)国债,2023
101971,23青岛18,2023-03-23,2023-03-23,8.5,8.5,100.0,100,2023-03-24,0,银行间债券市场,荷兰式招标发行,,2023-03-16,九七年记帐式(一期)国债,2023
101973,23青岛20,2023-03-23,2023-03-23,5.1,5.1,100.0,100,2023-03-24,0,银行间债券市场,荷兰式招标发行,,2023-03-16,1997年财政部记帐式(二期)国债,2023
101972,23青岛19,2023-03-23,2023-03-23,0.5,0.5,100.0,100,2023-03-24,0,上交所,荷兰式招标发行,,2023-03-16,1997年无记名(一期)国券库(3年),2023
101968,23青岛15,2023-03-23,2023-03-23,23.0,23.0,100.0,100,2023-03-24,0,上交所,荷兰式招标发行,,2023-03-16,1996年财政部记账式(八期)国债,2023
101966,23青岛13,2023-03-23,2023-03-23,4.15,4.15,100.0,100,2023-03-24,0,上交所,荷兰式招标发行,,2023-03-16,1996年财政部记账式(六期)国债,2023
19694,23国债01,2023-03-22,2023-03-22,880.0,880.0,100.254,100,2023-03-23,2,上交所,多种价格（混合式）招标发行,在国债登记公司开立债券账户及在证券登记公司开立股票和基金账户的各类投资者,2023-03-24,2023年记账式附息(一期)国债,2023
19695,23国债02,2023-03-22,2023-03-22,890.0,890.0,100.5,100,2023-03-23,2,上交所,多种价格（混合式）招标发行,在国债登记公司开立债券账户及在证券登记公司开立股票和基金账户的各类投资者,2023-03-24,2023年记账式附息(二期)国债,2023
101962,23云南03,2023-03-17,2023-03-17,149.9675,149.9675,100.0,100,2023-03-20,0,上交所,荷兰式招标发行,,2023-03-10,96年记帐式(二期)国债,2023
101963,23云南04,2023-03-17,2023-03-17,150.6613,150.6613,100.0,100,2023-03-20,0,银行间债券市场,荷兰式招标发行,,2023-03-10,九六年无记名(一期)国债,2023
20555,23贴债17,2023-03-17,2023-03-17,400.0,400.0,99.55,100,2023-03-20,0,上交所,多种价格（混合式）招标发行,在国债登记公司开立债券账户及在证券登记公司开立股票和基金账户的各类投资者,2023-03-16,2023年记账式贴现(十七期)国债,2023
101961,23黑龙江13,2023-03-16,2023-03-16,100.0,100.0,100.0,100,2023-03-17,0,银行间债券市场,荷兰式招标发行,,2023-03-09,96年记帐式(一期)国债,2023
19697,23国债04,2023-03-14,2023-03-14,880.0,880.0,100.56,100,2023-03-15,1,上交所,多种价格（混合式）招标发行,在国债登记公司开立债券账户及在证券登记公司开立股票和基金账户的各类投资者,2023-03-07,2023年记账式附息(四期)国债,2023
19698,23国债05,2023-03-14,2023-03-14,880.0,880.0,100.0,100,2023-03-15,0,上交所,多种价格（混合式）招标发行,在国债登记公司开立债券账户及在证券登记公司开立股票和基金账户的各类投资者,2023-03-07,2023年记账式附息(五期)国债,2023
101953,23湖北32,2023-03-13,2023-03-13,13.29,13.29,100.0,100,2023-03-14,0,上交所,荷兰式招标发行,,2023-03-06,1995年三年期记账式国库券,2023
19689,22国债24,2023-03-10,2023-03-10,230.0,230.0,98.36,100,2023-03-13,5,上交所,荷兰式招标发行,在国债登记公司开立债券账户及在证券登记公司开立股票和基金账户的各类投资者,2023-03-03,2022年记账式附息(二十四期)国债,2023
20554,23贴债16,2023-03-10,2023-03-10,400.0,400.0,99.553,100,2023-03-13,0,上交所,多种价格（混合式）招标发行,在国债登记公司开立债券账户及在证券登记公司开立股票和基金账户的各类投资者,2023-03-09,2023年记账式贴现(十六期)国债,2023
101951,23天津18,2023-03-09,2023-03-09,10.11,10.11,100.0,100,2023-03-10,0,银行间债券市场,荷兰式招标发行,,2023-03-02,95年记帐式(一期)国债,2023
19696,23国债03,2023-03-08,2023-03-08,890.0,890.0,100.07,100,2023-03-09,1,上交所,多种价格（混合式）招标发行,在国债登记公司开立债券账户及在证券登记公司开立股票和基金账户的各类投资者,2023-03-10,2023年记账式附息(三期)国债,2023
20552,23贴债14,2023-03-08,2023-03-08,200.0,200.0,99.889,100,2023-03-09,0,上交所,多种价格（混合式）招标发行,在国债登记公司开立债券账户及在证券登记公司开立股票和基金账户的各类投资者,2023-03-07,2023年记账式贴现(十四期)国债,2023
20553,23贴债15,2023-03-08,2023-03-08,200.0,200.0,99.707,100,2023-03-09,0,上交所,多种价格（混合式）招标发行,在国债登记公司开立债券账户及在证券登记公司开立股票和基金账户的各类投资者,2023-03-07,2023年记账式贴现(十五期)国债,2023
20550,23贴债12,2023-03-03,2023-03-03,300.0,300.0,99.03,100,2023-03-06,0,上交所,多种价格（混合式）招标发行,在国债登记公司开立债券账户及在证券登记公司开立股票和基金账户的各类投资者,2023-02-24,2023年记账式贴现(十二期)国债,2023
20551,23贴债13,2023-03-03,2023-03-03,400.0,400.0,99.547,100,2023-03-06,0,上交所,多种价格（混合式）招标发行,在国债登记公司开立债券账户及在证券登记公司开立股票和基金账户的各类投资者,2023-03-02,2023年记账式贴现(十三期)国债,2023
19697,23国债04,2023-02-24,2023-02-24,650.0,650.0,100.0,100,2023-02-27,0,上交所,多种价格（混合式）招标发行,在国债登记公司开立债券账户及在证券登记公司开立股票和基金账户的各类投资者,2023-02-17,2023年记账式附息(四期)国债,2023
20549,23贴债11,2023-02-24,2023-02-24,200.0,200.0,99.553,100,2023-02-27,0,上交所,多种价格（混合式）招标发行,在国债登记公司开立债券账户及在证券登记公司开立股票和基金账户的各类投资者,2023-02-23,2023年记账式贴现(十一期)国债,2023
230013,23湖南03,2023-02-24,2023-02-24,78.0,78.0,100.0,100,2023-02-27,0,上交所,荷兰式招标发行,,2023-02-17,2023年记账式附息(十三期)国债,2023
230014,23辽宁01,2023-02-24,2023-02-24,42.0,42.0,100.0,100,2023-02-27,0,上交所,荷兰式招标发行,,2023-02-17,2023年记账式附息(十四期)国债,2023
230015,23辽宁02,2023-02-24,2023-02-24,3.92,3.92,100.0,100,2023-02-27,0,上交所,荷兰式招标发行,,2023-02-17,2023年记账式附息(十五期)国债,2023
230016,23辽宁03,2023-02-24,2023-02-24,6.06,6.06,100.0,100,2023-02-27,0,上交所,荷兰式招标发行,,2023-02-17,2023年记账式附息(十六期)国债,2023
230017,23辽宁04,2023-02-24,2023-02-24,15.22,15.22,100.0,100,2023-02-27,0,上交所,荷兰式招标发行,,2023-02-17,2023年记账式附息(十七期)国债,2023
230018,23辽宁05,2023-02-24,2023-02-24,16.7,16.7,100.0,100,2023-02-27,0,上交所,荷兰式招标发行,,2023-02-17,2023年记账式附息(十八期)国债,2023
230019,23辽宁06,2023-02-24,2023-02-24,0.3,0.3,100.0,100,2023-02-27,0,上交所,荷兰式招标发行,,2023-02-17,2023年记账式附息(十九期)国债,2023
230020,23辽宁07,2023-02-24,2023-02-24,1.4,1.4,100.0,100,2023-02-27,0,上交所,荷兰式招标发行,,2023-02-17,2023年记账式附息(二十期)国债,2023
230021,23辽宁08,2023-02-24,2023-02-24,0.4,0.4,100.0,100,2023-02-27,0,上交所,荷兰式招标发行,,2023-02-17,2023年记账式附息(二十一期)国债,2023
230022,23河北09,2023-02-24,2023-02-24,25.44,25.44,100.0,100,2023-02-27,0,上交所,荷兰式招标发行,,2023-02-17,2023年记账式附息(二十二期)国债,2023
230023,23河北10,2023-02-24,2023-02-24,37.84,37.84,100.0,100,2023-02-27,0,上交所,荷兰式招标发行,,2023-02-17,2023年记账式附息(二十三期)国债,2023
230024,23河北11,2023-02-24,2023-02-24,53.51,53.51,100.0,100,2023-02-27,0,上交所,荷兰式招标发行,,2023-02-17,2023年记账式附息(二十四期)国债,2023
230025,23河北12,2023-02-24,2023-02-24,18.12,18.12,100.0,100,2023-02-27,0,上交所,荷兰式招标发行,,2023-02-17,2023年记账式附息(二十五期)国债,2023
230026,23河北13,2023-02-24,2023-02-24,22.31,22.31,100.0,100,2023-02-27,0,上交所,荷兰式招标发行,,2023-02-17,2023年记账式附息(二十六期)国债,2023
230027,23河北14,2023-02-24,2023-02-24,322.94,322.94,100.0,100,2023-02-27,0,上交所,荷兰式招标发行,,2023-02-17,2023年记账式附息(二十七期)国债,2023
230028,23河北15,2023-02-24,2023-02-24,64.21,64.21,100.0,100,2023-02-27,0,上交所,荷兰式招标发行,,2023-02-17,2023年记账式附息(二十八期)国债,2023
230002,23天津06,2023-02-23,2023-02-23,1.5,1.5,100.0,100,2023-02-24,0,上交所,荷兰式招标发行,,2023-02-16,2023年记账式附息(二期)国债,2023
230003,23天津07,2023-02-23,2023-02-23,10.7,10.7,100.0,100,2023-02-24,0,上交所,荷兰式招标发行,,2023-02-16,2023年记账式附息(三期)国债,2023
230004,23天津08,2023-02-23,2023-02-23,1.6,1.6,100.0,100,2023-02-24,0,上交所,荷兰式招标发行,,2023-02-16,2023年记账式附息(四期)国债,2023
230005,23天津09,2023-02-23,2023-02-23,3.0,3.0,100.0,100,2023-02-24,0,上交所,荷兰式招标发行,,2023-02-16,2023年记账式附息(五期)国债,2023
230006,23天津10,2023-02-23,2023-02-23,0.2,0.2,100.0,100,2023-02-24,0,上交所,荷兰式招标发行,,2023-02-16,2023年记账式附息(六期)国债,2023
230007,23天津11,2023-02-23,2023-02-23,0.4,0.4,100.0,100,2023-02-24,0,上交所,荷兰式招标发行,,2023-02-16,2023年记账式附息(七期)国债,2023
230008,23天津12,2023-02-23,2023-02-23,0.8,0.8,100.0,100,2023-02-24,0,上交所,荷兰式招标发行,,2023-02-16,2023年记账式附息(八期)国债,2023
230009,23天津13,2023-02-23,2023-02-23,0.2,0.2,100.0,100,2023-02-24,0,上交所,荷兰式招标发行,,2023-02-16,2023年记账式附息(九期)国债,2023
230010,23天津14,2023-02-23,2023-02-23,2.5,2.5,100.0,100,2023-02-24,0,上交所,荷兰式招标发行,,2023-02-16,2023年记账式附息(十期)国债,2023
230011,23天津15,2023-02-23,2023-02-23,0.8,0.8,100.0,100,2023-02-24,0,上交所,荷兰式招标发行,,2023-02-16,2023年记账式附息(十一期)国债,2023
230012,23天津16,2023-02-23,2023-02-23,7.2,7.2,100.0,100,2023-02-24,0,上交所,荷兰式招标发行,,2023-02-16,2023年记账式附息(十二期)国债,2023
101935,23安徽15,2023-02-22,2023-02-22,38.79,38.79,100.0,100,2023-02-23,0,上交所,荷兰式招标发行,,2023-02-15,93国债,2023
19694,23国债01,2023-02-22,2023-02-22,600.0,600.0,100.063,100,2023-02-23,1,上交所,多种价格（混合式）招标发行,在国债登记公司开立债券账户及在证券登记公司开立股票和基金账户的各类投资者,2023-02-24,2023年记账式附息(一期)国债,2023
19695,23国债02,2023-02-22,2023-02-22,660.0,660.0,100.06,100,2023-02-23,1,上交所,多种价格（混合式）招标发行,在国债登记公司开立债券账户及在证券登记公司开立股票和基金账户的各类投资者,2023-02-24,2023年记账式附息(二期)国债,2023
101914,23厦门08,2023-02-17,2023-02-17,1.1,1.1,100.0,100,2023-02-20,0,上交所,荷兰式招标发行,,2023-02-10,2019年记账式附息(十四期)国债,2023
101915,23厦门09,2023-02-17,2023-02-17,0.4,0.4,100.0,100,2023-02-20,0,上交所,荷兰式招标发行,,2023-02-10,2019年记账式附息(十五期)国债,2023
101917,23厦门11,2023-02-17,2023-02-17,2.0,2.0,100.0,100,2023-02-20,0,上交所,荷兰式招标发行,,2023-02-10,2001年记账式(七期)国债,2023
101918,23厦门12,2023-02-17,2023-02-17,3.5,3.5,100.0,100,2023-02-20,0,上交所,荷兰式招标发行,,2023-02-10,2001年记账式(十期)国债(十年期),2023
101912,23厦门06,2023-02-17,2023-02-17,10.0,10.0,100.0,100,2023-02-20,0,上交所,荷兰式招标发行,,2023-02-10,2001年记账式(十二期)国债,2023
101916,23厦门10,2023-02-17,2023-02-17,2.0,2.0,100.0,100,2023-02-20,0,上交所,荷兰式招标发行,,2023-02-10,2019年记账式附息(十六期)国债,2023
101908,23厦门02,2023-02-17,2023-02-17,122.4,122.4,100.0,100,2023-02-20,0,上交所,荷兰式招标发行,,2023-02-10,2019年记账式附息(八期)国债,2023
20548,23贴债10,2023-02-17,2023-02-17,200.0,200.0,99.558,100,2023-02-20,0,上交所,多种价格（混合式）招标发行,在国债登记公司开立债券账户及在证券登记公司开立股票和基金账户的各类投资者,2023-02-16,2023年记账式贴现(十期)国债,2023
101909,23厦门03,2023-02-17,2023-02-17,3.0,3.0,100.0,100,2023-02-20,0,上交所,荷兰式招标发行,,2023-02-10,2019年记账式附息(九期)国债,2023
101911,23厦门05,2023-02-17,2023-02-17,8.0,8.0,100.0,100,2023-02-20,0,上交所,荷兰式招标发行,,2023-02-10,2019年记账式附息(十一期)国债,2023
19692,22国债27,2023-02-14,2023-02-14,890.0,890.0,100.16,100,2023-02-15,2,上交所,多种价格（混合式）招标发行,在国债登记公司开立债券账户及在证券登记公司开立股票和基金账户的各类投资者,2023-02-16,2022年记账式附息(二十七期)国债,2023
19696,23国债03,2023-02-14,2023-02-14,910.0,910.0,100.0,100,2023-02-15,0,上交所,多种价格（混合式）招标发行,在国债登记公司开立债券账户及在证券登记公司开立股票和基金账户的各类投资者,2023-02-07,2023年记账式附息(三期)国债,2023
101904,23浙江05,2023-02-10,2023-02-10,8.91,8.91,100.0,100,2023-02-13,0,上交所,荷兰式招标发行,,2023-02-03,2000年记账式(四期)国债(10年期),2023
101905,23浙江06,2023-02-10,2023-02-10,21.06,21.06,100.0,100,2023-02-13,0,上交所,荷兰式招标发行,,2023-02-03,2000年记账式(十期)国债,2023
101903,23浙江04,2023-02-10,2023-02-10,4.46,4.46,100.0,100,2023-02-13,0,银行间债券市场,荷兰式招标发行,,2023-02-03,2001年记账式(三期)国债,2023
101901,23浙江02,2023-02-10,2023-02-10,15.0,15.0,100.0,100,2023-02-13,0,银行间债券市场,荷兰式招标发行,,2023-02-03,2019年记账式附息(一期)国债,2023
101902,23浙江03,2023-02-10,2023-02-10,12.51,12.51,100.0,100,2023-02-13,0,上交所,荷兰式招标发行,,2023-02-03,2019年记账式附息(二期)国债,2023
101906,23浙江07,2023-02-10,2023-02-10,41.13,41.13,100.0,100,2023-02-13,0,上交所,荷兰式招标发行,,2023-02-03,2019年记账式附息(六期)国债,2023
101907,23浙江08,2023-02-10,2023-02-10,147.61,147.61,100.0,100,2023-02-13,0,上交所,荷兰式招标发行,,2023-02-03,2019年记账式附息(七期)国债,2023
19689,22国债24,2023-02-10,2023-02-10,230.0,230.0,97.95,100,2023-02-13,4,上交所,荷兰式招标发行,在国债登记公司开立债券账户及在证券登记公司开立股票和基金账户的各类投资者,2023-02-03,2022年记账式附息(二十四期)国债,2023
20547,23贴债09,2023-02-10,2023-02-10,400.0,400.0,99.561,100,2023-02-13,0,上交所,多种价格（混合式）招标发行,在国债登记公司开立债券账户及在证券登记公司开立股票和基金账户的各类投资者,2023-02-09,2023年记账式贴现(九期)国债,2023
19693,22国债28,2023-02-08,2023-02-08,890.0,890.0,100.13,100,2023-02-09,2,上交所,多种价格（混合式）招标发行,在国债登记公司开立债券账户及在证券登记公司开立股票和基金账户的各类投资者,2023-02-01,2022年记账式附息(二十八期)国债,2023
230001,23云南02,2023-02-08,2023-02-08,79.253,79.253,100.0,100,2023-02-09,0,上交所,荷兰式招标发行,,2023-02-01,2023年记账式附息(一期)国债,2023
20545,23贴债07,2023-02-08,2023-02-08,200.0,200.0,99.89,100,2023-02-09,0,上交所,多种价格（混合式）招标发行,在国债登记公司开立债券账户及在证券登记公司开立股票和基金账户的各类投资者,2023-02-07,2023年记账式贴现(七期)国债,2023
20546,23贴债08,2023-02-08,2023-02-08,200.0,200.0,99.713,100,2023-02-09,0,上交所,多种价格（混合式）招标发行,在国债登记公司开立债券账户及在证券登记公司开立股票和基金账户的各类投资者,2023-02-07,2023年记账式贴现(八期)国债,2023
20543,23贴债05,2023-02-03,2023-02-03,300.0,300.0,99.051,100,2023-02-06,0,上交所,多种价格（混合式）招标发行,在国债登记公司开立债券账户及在证券登记公司开立股票和基金账户的各类投资者,2023-01-29,2023年记账式贴现(五期)国债,2023
20544,23贴债06,2023-02-03,2023-02-03,400.0,400.0,99.575,100,2023-02-06,0,上交所,多种价格（混合式）招标发行,在国债登记公司开立债券账户及在证券登记公司开立股票和基金账户的各类投资者,2023-02-02,2023年记账式贴现(六期)国债,2023
19689,22国债24,2023-01-18,2023-01-18,230.0,230.0,97.98,100,2023-01-19,3,上交所,荷兰式招标发行,在国债登记公司开立债券账户及在证券登记公司开立股票和基金账户的各类投资者,2023-01-11,2022年记账式附息(二十四期)国债,2023
19690,22国债25,2023-01-18,2023-01-18,850.0,850.0,99.88,100,2023-01-19,2,上交所,多种价格（混合式）招标发行,在国债登记公司开立债券账户及在证券登记公司开立股票和基金账户的各类投资者,2023-01-11,2022年记账式附息(二十五期)国债,2023
19693,22国债28,2023-01-18,2023-01-18,840.0,840.0,100.07,100,2023-01-19,1,上交所,多种价格（混合式）招标发行,在国债登记公司开立债券账户及在证券登记公司开立股票和基金账户的各类投资者,2023-01-11,2022年记账式附息(二十八期)国债,2023
19694,23国债01,2023-01-13,2023-01-13,850.0,850.0,100.0,100,2023-01-16,0,上交所,多种价格（混合式）招标发行,在国债登记公司开立债券账户及在证券登记公司开立股票和基金账户的各类投资者,2023-01-06,2023年记账式附息(一期)国债,2023
20541,23贴债03,2023-01-13,2023-01-13,300.0,300.0,99.057,100,2023-01-16,0,上交所,多种价格（混合式）招标发行,在国债登记公司开立债券账户及在证券登记公司开立股票和基金账户的各类投资者,2023-01-06,2023年记账式贴现(三期)国债,2023
19695,23国债02,2023-01-13,2023-01-13,860.0,860.0,100.0,100,2023-01-16,0,上交所,多种价格（混合式）招标发行,在国债登记公司开立债券账户及在证券登记公司开立股票和基金账户的各类投资者,2023-01-06,2023年记账式附息(二期)国债,2023
20542,23贴债04,2023-01-13,2023-01-13,400.0,400.0,99.583,100,2023-01-16,0,上交所,多种价格（混合式）招标发行,在国债登记公司开立债券账户及在证券登记公司开立股票和基金账户的各类投资者,2023-01-12,2023年记账式贴现(四期)国债,2023
19691,22国债26,2023-01-11,2023-01-11,860.0,860.0,99.78,100,2023-01-12,2,上交所,多种价格（混合式）招标发行,在国债登记公司开立债券账户及在证券登记公司开立股票和基金账户的各类投资者,2023-01-04,2022年记账式附息(二十六期)国债,2023
19692,22国债27,2023-01-11,2023-01-11,840.0,840.0,99.99,100,2023-01-12,1,上交所,多种价格（混合式）招标发行,在国债登记公司开立债券账户及在证券登记公司开立股票和基金账户的各类投资者,2023-01-04,2022年记账式附息(二十七期)国债,2023
20539,23贴债01,2023-01-11,2023-01-11,200.0,200.0,99.896,100,2023-01-12,0,上交所,多种价格（混合式）招标发行,在国债登记公司开立债券账户及在证券登记公司开立股票和基金账户的各类投资者,2023-01-10,2023年记账式贴现(一期)国债,2023
20540,23贴债02,2023-01-11,2023-01-11,200.0,200.0,99.728,100,2023-01-12,0,上交所,多种价格（混合式）招标发行,在国债登记公司开立债券账户及在证券登记公司开立股票和基金账户的各类投资者,2023-01-10,2023年记账式贴现(二期)国债,2023
19693,22国债28,2022-12-23,2022-12-23,600.0,600.0,100.0,100,2022-12-26,0,上交所,多种价格（混合式）招标发行,在国债登记公司开立债券账户及在证券登记公司开立股票和基金账户的各类投资者,2022-12-16,2022年记账式附息(二十八期)国债,2022
20537,22贴债76,2022-12-23,2022-12-23,450.0,450.0,98.917,100,2022-12-26,0,上交所,多种价格（混合式）招标发行,在国债登记公司开立债券账户及在证券登记公司开立股票和基金账户的各类投资者,2022-12-16,2022年记账式贴现(七十六期)国债,2022
20538,22贴债77,2022-12-23,2022-12-23,450.0,450.0,99.473,100,2022-12-26,0,上交所,多种价格（混合式）招标发行,在国债登记公司开立债券账户及在证券登记公司开立股票和基金账户的各类投资者,2022-12-22,2022年记账式贴现(七十七期)国债,2022
19690,22国债25,2022-12-21,2022-12-21,600.0,600.0,100.07,100,2022-12-22,1,上交所,多种价格（混合式）招标发行,在国债登记公司开立债券账户及在证券登记公司开立股票和基金账户的各类投资者,2022-12-15,2022年记账式附息(二十五期)国债,2022
19680,22国债15,2022-12-16,2022-12-16,200.0,200.0,103.1,100,2022-12-19,3,上交所,荷兰式招标发行,在国债登记公司开立债券账户及在证券登记公司开立股票和基金账户的各类投资者,2022-12-09,2022年记账式附息(十五期)国债,2022
20536,22贴债75,2022-12-16,2022-12-16,500.0,500.0,99.492,100,2022-12-19,0,上交所,多种价格（混合式）招标发行,在国债登记公司开立债券账户及在证券登记公司开立股票和基金账户的各类投资者,2022-12-15,2022年记账式贴现(七十五期)国债,2022
19691,22国债26,2022-12-14,2022-12-14,601.2,600.0,99.51,100,2022-12-15,1,上交所,多种价格（混合式）招标发行,在国债登记公司开立债券账户及在证券登记公司开立股票和基金账户的各类投资者,2022-12-16,2022年记账式附息(二十六期)国债,2022
19692,22国债27,2022-12-14,2022-12-14,603.3,600.0,100.0,100,2022-12-15,0,上交所,多种价格（混合式）招标发行,在国债登记公司开立债券账户及在证券登记公司开立股票和基金账户的各类投资者,2022-12-07,2022年记账式附息(二十七期)国债,2022
20534,22贴债73,2022-12-14,2022-12-14,200.7,200.0,99.874,100,2022-12-15,0,上交所,多种价格（混合式）招标发行,在国债登记公司开立债券账户及在证券登记公司开立股票和基金账户的各类投资者,2022-12-13,2022年记账式贴现(七十三期)国债,2022
20535,22贴债74,2022-12-14,2022-12-14,200.7,200.0,99.665,100,2022-12-15,0,上交所,多种价格（混合式）招标发行,在国债登记公司开立债券账户及在证券登记公司开立股票和基金账户的各类投资者,2022-12-13,2022年记账式贴现(七十四期)国债,2022
2200001,22特别国债,2022-12-12,2022-12-12,7500.0,7500.0,100.0,100,2022-12-12,0,银行间债券市场,其他,,2022-12-09,2022年特别国债,2022
20532,22贴债71,2022-12-09,2022-12-09,451.5,450.0,98.958,100,2022-12-12,0,上交所,多种价格（混合式）招标发行,在国债登记公司开立债券账户及在证券登记公司开立股票和基金账户的各类投资者,2022-12-02,2022年记账式贴现(七十一期)国债,2022
20533,22贴债72,2022-12-09,2022-12-09,501.0,500.0,99.515,100,2022-12-12,0,上交所,多种价格（混合式）招标发行,在国债登记公司开立债券账户及在证券登记公司开立股票和基金账户的各类投资者,2022-12-08,2022年记账式贴现(七十二期)国债,2022
19687,22国债22,2022-12-07,2022-12-07,601.4,600.0,99.27,100,2022-12-08,2,上交所,多种价格（混合式）招标发行,在国债登记公司开立债券账户及在证券登记公司开立股票和基金账户的各类投资者,2022-12-09,2022年记账式附息(二十二期)国债,2022
19688,22国债23,2022-12-07,2022-12-07,600.0,600.0,99.761,100,2022-12-08,2,上交所,多种价格（混合式）招标发行,在国债登记公司开立债券账户及在证券登记公司开立股票和基金账户的各类投资者,2022-11-30,2022年记账式附息(二十三期)国债,2022
19689,22国债24,2022-12-02,2022-12-02,200.0,200.0,97.51,100,2022-12-05,2,上交所,荷兰式招标发行,在国债登记公司开立债券账户及在证券登记公司开立股票和基金账户的各类投资者,2022-11-25,2022年记账式附息(二十四期)国债,2022
20531,22贴债70,2022-12-02,2022-12-02,501.7,500.0,99.526,100,2022-12-05,0,上交所,多种价格（混合式）招标发行,在国债登记公司开立债券账户及在证券登记公司开立股票和基金账户的各类投资者,2022-12-01,2022年记账式贴现(七十期)国债,2022
19684,22国债19,2022-11-30,2022-11-30,621.2,621.2,98.21,100,2022-12-01,2,上交所,多种价格（混合式）招标发行,在国债登记公司开立债券账户及在证券登记公司开立股票和基金账户的各类投资者,2022-12-02,2022年记账式附息(十九期)国债,2022
20529,22贴债68,2022-11-25,2022-11-25,600.0,600.0,99.022,100,2022-11-28,0,上交所,多种价格（混合式）招标发行,在国债登记公司开立债券账户及在证券登记公司开立股票和基金账户的各类投资者,2022-11-18,2022年记账式贴现(六十八期)国债,2022
20530,22贴债69,2022-11-25,2022-11-25,651.1,650.0,99.545,100,2022-11-28,0,上交所,多种价格（混合式）招标发行,在国债登记公司开立债券账户及在证券登记公司开立股票和基金账户的各类投资者,2022-11-24,2022年记账式贴现(六十九期)国债,2022
19691,22国债26,2022-11-24,2022-11-24,670.0,670.0,100.0,100,2022-11-25,0,上交所,多种价格（混合式）招标发行,在国债登记公司开立债券账户及在证券登记公司开立股票和基金账户的各类投资者,2022-11-17,2022年记账式附息(二十六期)国债,2022
19680,22国债15,2022-11-18,2022-11-18,200.0,200.0,103.78,100,2022-11-21,2,上交所,荷兰式招标发行,在国债登记公司开立债券账户及在证券登记公司开立股票和基金账户的各类投资者,2022-11-11,2022年记账式附息(十五期)国债,2022
20528,22贴债67,2022-11-18,2022-11-18,650.0,650.0,99.528,100,2022-11-21,0,上交所,多种价格（混合式）招标发行,在国债登记公司开立债券账户及在证券登记公司开立股票和基金账户的各类投资者,2022-11-17,2022年记账式贴现(六十七期)国债,2022
19690,22国债25,2022-11-14,2022-11-14,662.2,660.0,100.0,100,2022-11-15,0,上交所,多种价格（混合式）招标发行,在国债登记公司开立债券账户及在证券登记公司开立股票和基金账户的各类投资者,2022-11-07,2022年记账式附息(二十五期)国债,2022
20526,22贴债65,2022-11-11,2022-11-11,600.0,600.0,99.168,100,2022-11-14,0,上交所,多种价格（混合式）招标发行,在国债登记公司开立债券账户及在证券登记公司开立股票和基金账户的各类投资者,2022-11-04,2022年记账式贴现(六十五期)国债,2022
20527,22贴债66,2022-11-11,2022-11-11,650.0,650.0,99.61,100,2022-11-14,0,上交所,多种价格（混合式）招标发行,在国债登记公司开立债券账户及在证券登记公司开立股票和基金账户的各类投资者,2022-11-10,2022年记账式贴现(六十六期)国债,2022
19686,22国债21,2022-11-09,2022-11-09,670.0,670.0,100.01,100,2022-11-10,2,上交所,多种价格（混合式）招标发行,在国债登记公司开立债券账户及在证券登记公司开立股票和基金账户的各类投资者,2022-11-02,2022年记账式附息(二十一期)国债,2022
19688,22国债23,2022-11-09,2022-11-09,660.5,660.0,100.003,100,2022-11-10,1,上交所,多种价格（混合式）招标发行,在国债登记公司开立债券账户及在证券登记公司开立股票和基金账户的各类投资者,2022-11-02,2022年记账式附息(二十三期)国债,2022
20525,22贴债64,2022-11-09,2022-11-09,200.1,200.0,99.805,100,2022-11-10,0,上交所,多种价格（混合式）招标发行,在国债登记公司开立债券账户及在证券登记公司开立股票和基金账户的各类投资者,2022-11-08,2022年记账式贴现(六十四期)国债,2022
20524,22贴债63,2022-11-09,2022-11-09,201.3,200.0,99.938,100,2022-11-10,0,上交所,多种价格（混合式）招标发行,在国债登记公司开立债券账户及在证券登记公司开立股票和基金账户的各类投资者,2022-11-08,2022年记账式贴现(六十三期)国债,2022
19689,22国债24,2022-11-04,2022-11-04,200.0,200.0,100.56,100,2022-11-07,1,上交所,荷兰式招标发行,在国债登记公司开立债券账户及在证券登记公司开立股票和基金账户的各类投资者,2022-10-28,2022年记账式附息(二十四期)国债,2022
20523,22贴债62,2022-11-04,2022-11-04,650.0,650.0,99.65,100,2022-11-07,0,上交所,多种价格（混合式）招标发行,在国债登记公司开立债券账户及在证券登记公司开立股票和基金账户的各类投资者,2022-11-03,2022年记账式贴现(六十二期)国债,2022
19685,22国债20,2022-11-02,2022-11-02,674.4,670.0,100.25,100,2022-11-03,2,上交所,多种价格（混合式）招标发行,在国债登记公司开立债券账户及在证券登记公司开立股票和基金账户的各类投资者,2022-10-26,2022年记账式附息(二十期)国债,2022
19687,22国债22,2022-11-02,2022-11-02,676.7,670.0,100.27,100,2022-11-03,1,上交所,多种价格（混合式）招标发行,在国债登记公司开立债券账户及在证券登记公司开立股票和基金账户的各类投资者,2022-10-26,2022年记账式附息(二十二期)国债,2022
20522,22贴债61,2022-10-28,2022-10-28,653.7,650.0,99.657,100,2022-10-31,0,上交所,多种价格（混合式）招标发行,在国债登记公司开立债券账户及在证券登记公司开立股票和基金账户的各类投资者,2022-10-27,2022年记账式贴现(六十一期)国债,2022
19688,22国债23,2022-10-24,2022-10-24,662.4,660.0,100.0,100,2022-10-25,0,上交所,多种价格（混合式）招标发行,在国债登记公司开立债券账户及在证券登记公司开立股票和基金账户的各类投资者,2022-10-17,2022年记账式附息(二十三期)国债,2022
19689,22国债24,2022-10-24,2022-10-24,200.0,200.0,100.0,100,2022-10-25,0,上交所,荷兰式招标发行,在国债登记公司开立债券账户及在证券登记公司开立股票和基金账户的各类投资者,2022-10-17,2022年记账式附息(二十四期)国债,2022
20521,22贴债60,2022-10-21,2022-10-21,650.8,650.0,99.243,100,2022-10-24,0,上交所,多种价格（混合式）招标发行,在国债登记公司开立债券账户及在证券登记公司开立股票和基金账户的各类投资者,2022-10-14,2022年记账式贴现(六十期)国债,2022
19682,22国债17,2022-10-19,2022-10-19,660.0,660.0,100.59,100,2022-10-20,2,上交所,多种价格（混合式）招标发行,在国债登记公司开立债券账户及在证券登记公司开立股票和基金账户的各类投资者,2022-10-12,2022年记账式附息(十七期)国债,2022
19685,22国债20,2022-10-19,2022-10-19,677.2,670.0,100.17,100,2022-10-20,1,上交所,多种价格（混合式）招标发行,在国债登记公司开立债券账户及在证券登记公司开立股票和基金账户的各类投资者,2022-10-12,2022年记账式附息(二十期)国债,2022
20520,22贴债59,2022-10-19,2022-10-19,652.0,650.0,99.676,100,2022-10-20,0,上交所,多种价格（混合式）招标发行,在国债登记公司开立债券账户及在证券登记公司开立股票和基金账户的各类投资者,2022-10-18,2022年记账式贴现(五十九期)国债,2022
19687,22国债22,2022-10-14,2022-10-14,670.0,670.0,100.0,100,2022-10-17,0,上交所,多种价格（混合式）招标发行,在国债登记公司开立债券账户及在证券登记公司开立股票和基金账户的各类投资者,2022-10-09,2022年记账式附息(二十二期)国债,2022
20518,22贴债57,2022-10-14,2022-10-14,650.0,650.0,99.258,100,2022-10-17,0,上交所,多种价格（混合式）招标发行,在国债登记公司开立债券账户及在证券登记公司开立股票和基金账户的各类投资者,2022-10-09,2022年记账式贴现(五十七期)国债,2022
20519,22贴债58,2022-10-14,2022-10-14,650.0,650.0,99.693,100,2022-10-17,0,上交所,多种价格（混合式）招标发行,在国债登记公司开立债券账户及在证券登记公司开立股票和基金账户的各类投资者,2022-10-13,2022年记账式贴现(五十八期)国债,2022
19683,22国债18,2022-10-12,2022-10-12,670.0,670.0,100.15,100,2022-10-13,2,上交所,多种价格（混合式）招标发行,在国债登记公司开立债券账户及在证券登记公司开立股票和基金账户的各类投资者,2022-09-30,2022年记账式附息(十八期)国债,2022
19686,22国债21,2022-10-12,2022-10-12,670.0,670.0,99.59,100,2022-10-13,1,上交所,多种价格（混合式）招标发行,在国债登记公司开立债券账户及在证券登记公司开立股票和基金账户的各类投资者,2022-09-30,2022年记账式附息(二十一期)国债,2022
20516,22贴债55,2022-10-12,2022-10-12,201.1,200.0,99.939,100,2022-10-13,0,上交所,多种价格（混合式）招标发行,在国债登记公司开立债券账户及在证券登记公司开立股票和基金账户的各类投资者,2022-10-11,2022年记账式贴现(五十五期)国债,2022
20517,22贴债56,2022-10-12,2022-10-12,204.6,200.0,99.831,100,2022-10-13,0,上交所,多种价格（混合式）招标发行,在国债登记公司开立债券账户及在证券登记公司开立股票和基金账户的各类投资者,2022-10-11,2022年记账式贴现(五十六期)国债,2022
221707,22储蓄07,2022-10-19,2022-10-10,200.0,200.0,100.0,100,2022-10-20,0,银行间债券市场,其他,个人投资者,2022-09-30,2022年第七期储蓄国债(电子式),2022
221708,22储蓄08,2022-10-19,2022-10-10,200.0,200.0,100.0,100,2022-10-20,0,银行间债券市场,其他,个人投资者,2022-09-30,2022年第八期储蓄国债(电子式),2022
19684,22国债19,2022-09-28,2022-09-28,630.0,630.0,99.31,100,2022-09-29,1,上交所,多种价格（混合式）招标发行,在国债登记公司开立债券账户及在证券登记公司开立股票和基金账户的各类投资者,2022-09-21,2022年记账式附息(十九期)国债,2022
20514,22贴债53,2022-09-23,2022-09-23,653.4,650.0,99.213,100,2022-09-26,0,上交所,多种价格（混合式）招标发行,在国债登记公司开立债券账户及在证券登记公司开立股票和基金账户的各类投资者,2022-09-16,2022年记账式贴现(五十三期)国债,2022
19686,22国债21,2022-09-23,2022-09-23,850.0,850.0,100.0,100,2022-09-26,0,上交所,多种价格（混合式）招标发行,在国债登记公司开立债券账户及在证券登记公司开立股票和基金账户的各类投资者,2022-09-16,2022年记账式附息(二十一期)国债,2022
20515,22贴债54,2022-09-23,2022-09-23,200.9,200.0,99.692,100,2022-09-26,0,上交所,多种价格（混合式）招标发行,在国债登记公司开立债券账户及在证券登记公司开立股票和基金账户的各类投资者,2022-09-22,2022年记账式贴现(五十四期)国债,2022
19683,22国债18,2022-09-21,2022-09-21,851.0,850.0,100.1,100,2022-09-22,1,上交所,多种价格（混合式）招标发行,在国债登记公司开立债券账户及在证券登记公司开立股票和基金账户的各类投资者,2022-09-14,2022年记账式附息(十八期)国债,2022
19680,22国债15,2022-09-16,2022-09-16,300.0,300.0,105.78,100,2022-09-19,1,上交所,荷兰式招标发行,在国债登记公司开立债券账户及在证券登记公司开立股票和基金账户的各类投资者,2022-09-08,2022年记账式附息(十五期)国债,2022
20513,22贴债52,2022-09-16,2022-09-16,200.6,200.0,99.689,100,2022-09-19,0,上交所,多种价格（混合式）招标发行,在国债登记公司开立债券账户及在证券登记公司开立股票和基金账户的各类投资者,2022-09-15,2022年记账式贴现(五十二期)国债,2022
19682,22国债17,2022-09-14,2022-09-14,850.0,850.0,100.74,100,2022-09-15,1,上交所,多种价格（混合式）招标发行,在国债登记公司开立债券账户及在证券登记公司开立股票和基金账户的各类投资者,2022-09-06,2022年记账式附息(十七期)国债,2022
19685,22国债20,2022-09-14,2022-09-14,850.8,850.0,100.0,100,2022-09-15,0,上交所,多种价格（混合式）招标发行,在国债登记公司开立债券账户及在证券登记公司开立股票和基金账户的各类投资者,2022-09-06,2022年记账式附息(二十期)国债,2022
20511,22贴债50,2022-09-09,2022-09-09,653.0,650.0,99.238,100,2022-09-13,0,上交所,多种价格（混合式）招标发行,在国债登记公司开立债券账户及在证券登记公司开立股票和基金账户的各类投资者,2022-09-02,2022年记账式贴现(五十期)国债,2022
20512,22贴债51,2022-09-09,2022-09-09,201.9,200.0,99.688,100,2022-09-13,0,上交所,多种价格（混合式）招标发行,在国债登记公司开立债券账户及在证券登记公司开立股票和基金账户的各类投资者,2022-09-08,2022年记账式贴现(五十一期)国债,2022
19679,22国债14,2022-09-07,2022-09-07,852.3,850.0,100.492,100,2022-09-08,2,上交所,多种价格（混合式）招标发行,在国债登记公司开立债券账户及在证券登记公司开立股票和基金账户的各类投资者,2022-08-31,2022年记账式附息(十四期)国债,2022
19681,22国债16,2022-09-07,2022-09-07,850.0,850.0,101.05,100,2022-09-08,2,上交所,多种价格（混合式）招标发行,在国债登记公司开立债券账户及在证券登记公司开立股票和基金账户的各类投资者,2022-08-31,2022年记账式附息(十六期)国债,2022
20510,22贴债49,2022-09-07,2022-09-07,203.5,200.0,99.796,100,2022-09-08,0,上交所,多种价格（混合式）招标发行,在国债登记公司开立债券账户及在证券登记公司开立股票和基金账户的各类投资者,2022-09-06,2022年记账式贴现(四十九期)国债,2022
20509,22贴债48,2022-09-07,2022-09-07,308.3,300.0,99.927,100,2022-09-08,0,上交所,多种价格（混合式）招标发行,在国债登记公司开立债券账户及在证券登记公司开立股票和基金账户的各类投资者,2022-09-06,2022年记账式贴现(四十八期)国债,2022
19673,22国债08,2022-09-02,2022-09-02,300.0,300.0,105.91,100,2022-09-05,5,上交所,荷兰式招标发行,在国债登记公司开立债券账户及在证券登记公司开立股票和基金账户的各类投资者,2022-08-26,2022年记账式附息(八期)国债,2022
20508,22贴债47,2022-09-02,2022-09-02,303.0,300.0,99.678,100,2022-09-05,0,上交所,多种价格（混合式）招标发行,在国债登记公司开立债券账户及在证券登记公司开立股票和基金账户的各类投资者,2022-09-01,2022年记账式贴现(四十七期)国债,2022
19684,22国债19,2022-08-31,2022-08-31,751.3,750.0,100.0,100,2022-09-01,0,上交所,多种价格（混合式）招标发行,在国债登记公司开立债券账户及在证券登记公司开立股票和基金账户的各类投资者,2022-08-24,2022年记账式附息(十九期)国债,2022
20506,22贴债45,2022-08-26,2022-08-26,650.0,650.0,99.224,100,2022-08-29,0,上交所,多种价格（混合式）招标发行,在国债登记公司开立债券账户及在证券登记公司开立股票和基金账户的各类投资者,2022-08-19,2022年记账式贴现(四十五期)国债,2022
20507,22贴债46,2022-08-26,2022-08-26,300.5,300.0,99.673,100,2022-08-29,0,上交所,多种价格（混合式）招标发行,在国债登记公司开立债券账户及在证券登记公司开立股票和基金账户的各类投资者,2022-08-25,2022年记账式贴现(四十六期)国债,2022
19677,22国债12,2022-08-24,2022-08-24,852.3,850.0,101.7,100,2022-08-25,2,上交所,多种价格（混合式）招标发行,在国债登记公司开立债券账户及在证券登记公司开立股票和基金账户的各类投资者,2022-08-17,2022年记账式附息(十二期)国债,2022
19683,22国债18,2022-08-24,2022-08-24,850.0,850.0,100.0,100,2022-08-25,0,上交所,多种价格（混合式）招标发行,在国债登记公司开立债券账户及在证券登记公司开立股票和基金账户的各类投资者,2022-08-17,2022年记账式附息(十八期)国债,2022
19673,22国债08,2022-08-19,2022-08-19,300.0,300.0,105.28,100,2022-08-22,4,上交所,荷兰式招标发行,在国债登记公司开立债券账户及在证券登记公司开立股票和基金账户的各类投资者,2022-08-12,2022年记账式附息(八期)国债,2022
20505,22贴债44,2022-08-19,2022-08-19,405.5,400.0,99.683,100,2022-08-22,0,上交所,多种价格（混合式）招标发行,在国债登记公司开立债券账户及在证券登记公司开立股票和基金账户的各类投资者,2022-08-18,2022年记账式贴现(四十四期)国债,2022
109911,22天津71,2022-08-16,2022-08-16,28.56,28.56,100.0,100,2022-08-17,0,上交所,荷兰式招标发行,,2022-08-09,2010年记账式贴现(十一期)国债,2022
109912,22天津72,2022-08-16,2022-08-16,145.5493,145.5493,100.0,100,2022-08-17,0,上交所,荷兰式招标发行,,2022-08-09,2010年记账式贴现(十二期)国债,2022
109913,22天津73,2022-08-16,2022-08-16,2.5,2.5,100.0,100,2022-08-17,0,上交所,荷兰式招标发行,,2022-08-09,2010年记账式贴现(十三期)国债,2022
109914,22天津74,2022-08-16,2022-08-16,10.0,10.0,100.0,100,2022-08-17,0,上交所,荷兰式招标发行,,2022-08-09,2010年记账式贴现(十四期)国债,2022
109915,22天津75,2022-08-16,2022-08-16,1.2,1.2,100.0,100,2022-08-17,0,上交所,荷兰式招标发行,,2022-08-09,2010年记账式贴现(十五期)国债,2022
109916,22天津76,2022-08-16,2022-08-16,0.6,0.6,100.0,100,2022-08-17,0,上交所,荷兰式招标发行,,2022-08-09,2010年记账式贴现(十六期)国债,2022
109917,22天津77,2022-08-16,2022-08-16,5.21,5.21,100.0,100,2022-08-17,0,上交所,荷兰式招标发行,,2022-08-09,2010年记账式贴现(十七期)国债,2022
109918,22天津78,2022-08-16,2022-08-16,0.3,0.3,100.0,100,2022-08-17,0,上交所,荷兰式招标发行,,2022-08-09,2010年记账式贴现(十八期)国债,2022
109919,22天津79,2022-08-16,2022-08-16,1.2,1.2,100.0,100,2022-08-17,0,上交所,荷兰式招标发行,,2022-08-09,2010年记账式贴现(十九期)国债,2022
109908,22河北66,2022-08-15,2022-08-15,50.76,50.76,100.0,100,2022-08-16,0,上交所,荷兰式招标发行,,2022-08-08,2010年记账式贴现(八期)国债,2022
109909,22河北67,2022-08-15,2022-08-15,22.56,22.56,100.0,100,2022-08-16,0,上交所,荷兰式招标发行,,2022-08-08,2010年记账式贴现(九期)国债,2022
109910,22河北68,2022-08-15,2022-08-15,20.89,20.89,100.0,100,2022-08-16,0,上交所,荷兰式招标发行,,2022-08-08,2010年记账式贴现(十期)国债,2022
19682,22国债17,2022-08-12,2022-08-12,850.0,850.0,100.0,100,2022-08-15,0,上交所,多种价格（混合式）招标发行,在国债登记公司开立债券账户及在证券登记公司开立股票和基金账户的各类投资者,2022-08-05,2022年记账式附息(十七期)国债,2022
20504,22贴债43,2022-08-12,2022-08-12,404.8,400.0,99.674,100,2022-08-15,0,上交所,多种价格（混合式）招标发行,在国债登记公司开立债券账户及在证券登记公司开立股票和基金账户的各类投资者,2022-08-11,2022年记账式贴现(四十三期)国债,2022
109907,22龙江37,2022-08-11,2022-08-11,51.9834,51.9834,100.0,100,2022-08-12,0,上交所,荷兰式招标发行,,2022-08-04,2010年记账式贴现(七期)国债,2022
19678,22国债13,2022-08-10,2022-08-10,850.0,850.0,100.43,100,2022-08-11,2,上交所,多种价格（混合式）招标发行,在国债登记公司开立债券账户及在证券登记公司开立股票和基金账户的各类投资者,2022-08-03,2022年记账式附息(十三期)国债,2022
19681,22国债16,2022-08-10,2022-08-10,850.0,850.0,100.42,100,2022-08-11,1,上交所,多种价格（混合式）招标发行,在国债登记公司开立债券账户及在证券登记公司开立股票和基金账户的各类投资者,2022-08-03,2022年记账式附息(十六期)国债,2022
221705,22储蓄05,2022-08-19,2022-08-10,200.0,200.0,100.0,100,2022-08-22,0,银行间债券市场,其他,个人投资者,2022-08-04,2022年第五期储蓄国债(电子式),2022
221706,22储蓄06,2022-08-19,2022-08-10,200.0,200.0,100.0,100,2022-08-22,0,银行间债券市场,其他,个人投资者,2022-08-04,2022年第六期储蓄国债(电子式),2022
109903,22甘肃23,2022-08-09,2022-08-09,71.6354,71.6354,100.0,100,2022-08-10,0,上交所,荷兰式招标发行,,2022-08-02,2010年记账式贴现(三期)国债,2022
109904,22青岛32,2022-08-09,2022-08-09,34.22,34.22,100.0,100,2022-08-15,0,上交所,荷兰式招标发行,,2022-08-02,2010年记账式贴现(四期)国债,2022
109905,22青岛33,2022-08-09,2022-08-09,3.42,3.42,100.0,100,2022-08-10,0,上交所,荷兰式招标发行,,2022-08-02,2010年记账式贴现(五期)国债,2022
109906,22青岛34,2022-08-09,2022-08-09,2.55,2.55,100.0,100,2022-08-10,0,上交所,荷兰式招标发行,,2022-08-02,2010年记账式贴现(六期)国债,2022
109901,22云南30,2022-08-08,2022-08-08,57.506,57.506,100.0,100,2022-08-09,0,上交所,荷兰式招标发行,,2022-08-01,2010年记账式贴现(一期)国债,2022
109902,22云南31,2022-08-08,2022-08-08,21.885,21.885,100.0,100,2022-08-09,0,上交所,荷兰式招标发行,,2022-08-01,2010年记账式贴现(二期)国债,2022
20502,22贴债41,2022-08-05,2022-08-05,652.0,650.0,99.262,100,2022-08-08,0,上交所,多种价格（混合式）招标发行,在国债登记公司开立债券账户及在证券登记公司开立股票和基金账户的各类投资者,2022-07-29,2022年记账式贴现(四十一期)国债,2022
20503,22贴债42,2022-08-05,2022-08-05,608.0,600.0,99.684,100,2022-08-08,0,上交所,多种价格（混合式）招标发行,在国债登记公司开立债券账户及在证券登记公司开立股票和基金账户的各类投资者,2022-08-04,2022年记账式贴现(四十二期)国债,2022
19679,22国债14,2022-08-03,2022-08-03,850.0,850.0,100.27,100,2022-08-04,1,上交所,多种价格（混合式）招标发行,在国债登记公司开立债券账户及在证券登记公司开立股票和基金账户的各类投资者,2022-07-27,2022年记账式附息(十四期)国债,2022
20500,22贴债39,2022-08-03,2022-08-03,406.6,400.0,99.926,100,2022-08-04,0,上交所,多种价格（混合式）招标发行,在国债登记公司开立债券账户及在证券登记公司开立股票和基金账户的各类投资者,2022-08-02,2022年记账式贴现(三十九期)国债,2022
20501,22贴债40,2022-08-03,2022-08-03,400.0,400.0,99.782,100,2022-08-04,0,上交所,多种价格（混合式）招标发行,在国债登记公司开立债券账户及在证券登记公司开立股票和基金账户的各类投资者,2022-08-02,2022年记账式贴现(四十期)国债,2022
20498,22贴债37,2022-07-29,2022-07-29,650.0,650.0,99.22,100,2022-08-01,0,上交所,多种价格（混合式）招标发行,在国债登记公司开立债券账户及在证券登记公司开立股票和基金账户的各类投资者,2022-07-22,2022年记账式贴现(三十七期)国债,2022
20499,22贴债38,2022-07-29,2022-07-29,607.0,600.0,99.661,100,2022-08-01,0,上交所,多种价格（混合式）招标发行,在国债登记公司开立债券账户及在证券登记公司开立股票和基金账户的各类投资者,2022-07-28,2022年记账式贴现(三十八期)国债,2022
19681,22国债16,2022-07-22,2022-07-22,850.1,850.0,100.0,100,2022-07-25,0,上交所,多种价格（混合式）招标发行,在国债登记公司开立债券账户及在证券登记公司开立股票和基金账户的各类投资者,2022-07-15,2022年记账式附息(十六期)国债,2022
20497,22贴债36,2022-07-22,2022-07-22,550.5,550.0,99.641,100,2022-07-25,0,上交所,多种价格（混合式）招标发行,在国债登记公司开立债券账户及在证券登记公司开立股票和基金账户的各类投资者,2022-07-21,2022年记账式贴现(三十六期)国债,2022
19675,22国债10,2022-07-20,2022-07-20,850.0,850.0,100.52,100,2022-07-21,2,上交所,多种价格（混合式）招标发行,在国债登记公司开立债券账户及在证券登记公司开立股票和基金账户的各类投资者,2022-07-13,2022年记账式附息(十期)国债,2022
19678,22国债13,2022-07-20,2022-07-20,851.1,850.0,100.14,100,2022-07-21,1,上交所,多种价格（混合式）招标发行,在国债登记公司开立债券账户及在证券登记公司开立股票和基金账户的各类投资者,2022-07-13,2022年记账式附息(十三期)国债,2022
20495,22贴债34,2022-07-15,2022-07-15,650.0,650.0,99.204,100,2022-07-18,0,上交所,多种价格（混合式）招标发行,在国债登记公司开立债券账户及在证券登记公司开立股票和基金账户的各类投资者,2022-07-08,2022年记账式贴现(三十四期)国债,2022
20496,22贴债35,2022-07-15,2022-07-15,557.8,550.0,99.634,100,2022-07-18,0,上交所,多种价格（混合式）招标发行,在国债登记公司开立债券账户及在证券登记公司开立股票和基金账户的各类投资者,2022-07-14,2022年记账式贴现(三十五期)国债,2022
19680,22国债15,2022-07-14,2022-07-14,300.0,300.0,100.0,100,2022-07-15,0,上交所,荷兰式招标发行,在国债登记公司开立债券账户及在证券登记公司开立股票和基金账户的各类投资者,2022-07-07,2022年记账式附息(十五期)国债,2022
19679,22国债14,2022-07-14,2022-07-14,856.5,850.0,100.0,100,2022-07-15,0,上交所,多种价格（混合式）招标发行,在国债登记公司开立债券账户及在证券登记公司开立股票和基金账户的各类投资者,2022-07-07,2022年记账式附息(十四期)国债,2022
221703,22储蓄03,2022-07-19,2022-07-10,200.0,200.0,100.0,100,2022-07-20,0,银行间债券市场,其他,个人投资者,2022-07-08,2022年第三期储蓄国债(电子式),2022
221704,22储蓄04,2022-07-19,2022-07-10,200.0,200.0,100.0,100,2022-07-20,0,银行间债券市场,其他,个人投资者,2022-07-08,2022年第四期储蓄国债(电子式),2022
19673,22国债08,2022-07-08,2022-07-08,300.0,300.0,100.5,100,2022-07-11,3,上交所,荷兰式招标发行,在国债登记公司开立债券账户及在证券登记公司开立股票和基金账户的各类投资者,2022-07-01,2022年记账式附息(八期)国债,2022
20494,22贴债33,2022-07-08,2022-07-08,506.8,500.0,99.643,100,2022-07-11,0,上交所,多种价格（混合式）招标发行,在国债登记公司开立债券账户及在证券登记公司开立股票和基金账户的各类投资者,2022-07-07,2022年记账式贴现(三十三期)国债,2022
19676,22国债11,2022-07-06,2022-07-06,851.0,850.0,99.71,100,2022-07-07,2,上交所,多种价格（混合式）招标发行,在国债登记公司开立债券账户及在证券登记公司开立股票和基金账户的各类投资者,2022-06-30,2022年记账式附息(十一期)国债,2022
19677,22国债12,2022-07-06,2022-07-06,850.0,850.0,99.68,100,2022-07-07,1,上交所,多种价格（混合式）招标发行,在国债登记公司开立债券账户及在证券登记公司开立股票和基金账户的各类投资者,2022-06-30,2022年记账式附息(十二期)国债,2022
20492,22贴债31,2022-07-06,2022-07-06,202.0,200.0,99.909,100,2022-07-07,0,上交所,多种价格（混合式）招标发行,在国债登记公司开立债券账户及在证券登记公司开立股票和基金账户的各类投资者,2022-07-05,2022年记账式贴现(三十一期)国债,2022
20493,22贴债32,2022-07-06,2022-07-06,203.0,200.0,99.771,100,2022-07-07,0,上交所,多种价格（混合式）招标发行,在国债登记公司开立债券账户及在证券登记公司开立股票和基金账户的各类投资者,2022-07-05,2022年记账式贴现(三十二期)国债,2022
20491,22贴债30,2022-07-01,2022-07-01,500.0,500.0,99.615,100,2022-07-04,0,上交所,多种价格（混合式）招标发行,在国债登记公司开立债券账户及在证券登记公司开立股票和基金账户的各类投资者,2022-06-30,2022年记账式贴现(三十期)国债,2022
19678,22国债13,2022-06-24,2022-06-24,600.6,600.0,100.0,100,2022-06-27,0,上交所,多种价格（混合式）招标发行,在国债登记公司开立债券账户及在证券登记公司开立股票和基金账户的各类投资者,2022-06-17,2022年记账式附息(十三期)国债,2022
20490,22贴债29,2022-06-24,2022-06-24,301.0,300.0,99.648,100,2022-06-27,0,上交所,多种价格（混合式）招标发行,在国债登记公司开立债券账户及在证券登记公司开立股票和基金账户的各类投资者,2022-06-23,2022年记账式贴现(二十九期)国债,2022
19675,22国债10,2022-06-22,2022-06-22,601.6,600.0,100.47,100,2022-06-23,1,上交所,多种价格（混合式）招标发行,在国债登记公司开立债券账户及在证券登记公司开立股票和基金账户的各类投资者,2022-06-15,2022年记账式附息(十期)国债,2022
19676,22国债11,2022-06-22,2022-06-22,600.0,600.0,99.95,100,2022-06-23,1,上交所,多种价格（混合式）招标发行,在国债登记公司开立债券账户及在证券登记公司开立股票和基金账户的各类投资者,2022-06-15,2022年记账式附息(十一期)国债,2022
19673,22国债08,2022-06-17,2022-06-17,200.0,200.0,102.07,100,2022-06-20,2,上交所,荷兰式招标发行,在国债登记公司开立债券账户及在证券登记公司开立股票和基金账户的各类投资者,2022-06-10,2022年记账式附息(八期)国债,2022
20487,22贴债26,2022-06-17,2022-06-17,200.6,200.0,99.653,100,2022-06-20,0,上交所,多种价格（混合式）招标发行,在国债登记公司开立债券账户及在证券登记公司开立股票和基金账户的各类投资者,2022-06-16,2022年记账式贴现(二十六期)国债,2022
19677,22国债12,2022-06-14,2022-06-14,510.5,510.0,100.0,100,2022-06-15,0,上交所,多种价格（混合式）招标发行,在国债登记公司开立债券账户及在证券登记公司开立股票和基金账户的各类投资者,2022-06-07,2022年记账式附息(十二期)国债,2022
20489,22贴债28,2022-06-14,2022-06-14,300.0,300.0,99.764,100,2022-06-15,0,上交所,多种价格（混合式）招标发行,在国债登记公司开立债券账户及在证券登记公司开立股票和基金账户的各类投资者,2022-06-13,2022年记账式贴现(二十八期)国债,2022
20488,22贴债27,2022-06-14,2022-06-14,302.1,300.0,99.909,100,2022-06-15,0,上交所,多种价格（混合式）招标发行,在国债登记公司开立债券账户及在证券登记公司开立股票和基金账户的各类投资者,2022-06-13,2022年记账式贴现(二十七期)国债,2022
20485,22贴债24,2022-06-10,2022-06-10,202.4,200.0,99.202,100,2022-06-13,0,上交所,多种价格（混合式）招标发行,在国债登记公司开立债券账户及在证券登记公司开立股票和基金账户的各类投资者,2022-06-02,2022年记账式贴现(二十四期)国债,2022
20486,22贴债25,2022-06-10,2022-06-10,200.0,200.0,99.656,100,2022-06-13,0,上交所,多种价格（混合式）招标发行,在国债登记公司开立债券账户及在证券登记公司开立股票和基金账户的各类投资者,2022-06-09,2022年记账式贴现(二十五期)国债,2022
19672,22国债07,2022-06-08,2022-06-08,515.1,510.0,100.21,100,2022-06-09,2,上交所,多种价格（混合式）招标发行,在国债登记公司开立债券账户及在证券登记公司开立股票和基金账户的各类投资者,2022-05-31,2022年记账式附息(七期)国债,2022
19674,22国债09,2022-06-08,2022-06-08,506.7,500.0,100.26,100,2022-06-09,2,上交所,多种价格（混合式）招标发行,在国债登记公司开立债券账户及在证券登记公司开立股票和基金账户的各类投资者,2022-05-31,2022年记账式附息(九期)国债,2022
20484,22贴债23,2022-05-27,2022-05-27,204.4,200.0,99.652,100,2022-05-30,0,上交所,多种价格（混合式）招标发行,在国债登记公司开立债券账户及在证券登记公司开立股票和基金账户的各类投资者,2022-05-26,2022年记账式贴现(二十三期)国债,2022
19676,22国债11,2022-05-24,2022-05-24,540.1,540.0,100.0,100,2022-05-25,0,上交所,多种价格（混合式）招标发行,在国债登记公司开立债券账户及在证券登记公司开立股票和基金账户的各类投资者,2022-05-17,2022年记账式附息(十一期)国债,2022
19673,22国债08,2022-05-20,2022-05-20,200.0,200.0,101.41,100,2022-05-23,1,上交所,荷兰式招标发行,在国债登记公司开立债券账户及在证券登记公司开立股票和基金账户的各类投资者,2022-05-13,2022年记账式附息(八期)国债,2022
20483,22贴债22,2022-05-20,2022-05-20,201.3,200.0,99.63,100,2022-05-23,0,上交所,多种价格（混合式）招标发行,在国债登记公司开立债券账户及在证券登记公司开立股票和基金账户的各类投资者,2022-05-19,2022年记账式贴现(二十二期)国债,2022
19672,22国债07,2022-05-18,2022-05-18,530.4,530.0,100.19,100,2022-05-19,1,上交所,多种价格（混合式）招标发行,在国债登记公司开立债券账户及在证券登记公司开立股票和基金账户的各类投资者,2022-05-11,2022年记账式附息(七期)国债,2022
19674,22国债09,2022-05-18,2022-05-18,534.2,530.0,100.211,100,2022-05-19,1,上交所,多种价格（混合式）招标发行,在国债登记公司开立债券账户及在证券登记公司开立股票和基金账户的各类投资者,2022-05-11,2022年记账式附息(九期)国债,2022
19675,22国债10,2022-05-13,2022-05-13,530.0,530.0,100.0,100,2022-05-16,0,上交所,多种价格（混合式）招标发行,在国债登记公司开立债券账户及在证券登记公司开立股票和基金账户的各类投资者,2022-05-07,2022年记账式附息(十期)国债,2022
20482,22贴债21,2022-05-13,2022-05-13,200.8,200.0,99.603,100,2022-05-16,0,上交所,多种价格（混合式）招标发行,在国债登记公司开立债券账户及在证券登记公司开立股票和基金账户的各类投资者,2022-05-12,2022年记账式贴现(二十一期)国债,2022
19670,22国债05,2022-05-11,2022-05-11,530.0,530.0,100.46,100,2022-05-12,2,上交所,多种价格（混合式）招标发行,在国债登记公司开立债券账户及在证券登记公司开立股票和基金账户的各类投资者,2022-05-05,2022年记账式附息(五期)国债,2022
19671,22国债06,2022-05-11,2022-05-11,540.8,540.0,100.47,100,2022-05-12,2,上交所,多种价格（混合式）招标发行,在国债登记公司开立债券账户及在证券登记公司开立股票和基金账户的各类投资者,2022-05-05,2022年记账式附息(六期)国债,2022
20480,22贴债19,2022-05-11,2022-05-11,201.1,200.0,99.899,100,2022-05-12,0,上交所,多种价格（混合式）招标发行,在国债登记公司开立债券账户及在证券登记公司开立股票和基金账户的各类投资者,2022-05-10,2022年记账式贴现(十九期)国债,2022
20481,22贴债20,2022-05-11,2022-05-11,201.4,200.0,99.724,100,2022-05-12,0,上交所,多种价格（混合式）招标发行,在国债登记公司开立债券账户及在证券登记公司开立股票和基金账户的各类投资者,2022-05-10,2022年记账式贴现(二十期)国债,2022
20478,22贴债17,2022-05-06,2022-05-06,600.0,600.0,99.101,100,2022-05-09,0,上交所,多种价格（混合式）招标发行,在国债登记公司开立债券账户及在证券登记公司开立股票和基金账户的各类投资者,2022-04-26,2022年记账式贴现(十七期)国债,2022
20479,22贴债18,2022-05-06,2022-05-06,601.7,600.0,99.568,100,2022-05-09,0,上交所,多种价格（混合式）招标发行,在国债登记公司开立债券账户及在证券登记公司开立股票和基金账户的各类投资者,2022-05-05,2022年记账式贴现(十八期)国债,2022
19669,22国债04,2022-04-27,2022-04-27,850.2,850.0,100.07,100,2022-04-28,2,上交所,多种价格（混合式）招标发行,在国债登记公司开立债券账户及在证券登记公司开立股票和基金账户的各类投资者,2022-04-21,2022年记账式附息(四期)国债,2022
19671,22国债06,2022-04-27,2022-04-27,851.9,850.0,100.14,100,2022-04-28,1,上交所,多种价格（混合式）招标发行,在国债登记公司开立债券账户及在证券登记公司开立股票和基金账户的各类投资者,2022-04-21,2022年记账式附息(六期)国债,2022
101825,22江西26,2022-04-26,2022-04-26,0.98,0.98,100.0,100,2022-04-27,0,上交所,荷兰式招标发行,,2022-04-20,2018年记账式附息(二十五期)国债,2022
101826,22江西27,2022-04-26,2022-04-26,7.7449,7.7449,100.0,100,2022-04-27,0,上交所,荷兰式招标发行,,2022-04-20,2018年记账式附息(二十六期)国债,2022
101827,22江西28,2022-04-26,2022-04-26,1.5353,1.5353,100.0,100,2022-04-27,0,上交所,荷兰式招标发行,,2022-04-20,2018年记账式附息(二十七期)国债,2022
101828,22江西29,2022-04-26,2022-04-26,26.8036,26.8036,100.0,100,2022-04-27,0,上交所,荷兰式招标发行,,2022-04-20,2018年记账式附息(二十八期)国债,2022
101824,22龙江13,2022-04-25,2022-04-25,19.9959,19.9959,100.0,100,2022-04-26,0,上交所,荷兰式招标发行,,2022-04-19,2018年记账式附息(二十四期)国债,2022
101823,22龙江12,2022-04-25,2022-04-25,95.9208,95.9208,100.0,100,2022-04-26,0,上交所,荷兰式招标发行,,2022-04-19,2018年记账式附息(二十三期)国债,2022
101810,22天津17,2022-04-22,2022-04-22,67.813,67.813,100.0,100,2022-04-24,0,上交所,荷兰式招标发行,,2022-04-15,2018年记账式附息(十期)国债,2022
101811,22天津18,2022-04-22,2022-04-22,84.34,84.34,100.0,100,2022-04-24,0,上交所,荷兰式招标发行,,2022-04-15,2018年记账式附息(十一期)国债,2022
101812,22天津19,2022-04-22,2022-04-22,0.9,0.9,100.0,100,2022-04-24,0,上交所,荷兰式招标发行,,2022-04-15,2018年记账式附息(十二期)国债,2022
101813,22天津20,2022-04-22,2022-04-22,1.0,1.0,100.0,100,2022-04-24,0,上交所,荷兰式招标发行,,2022-04-15,2018年记账式附息(十三期)国债,2022
101814,22天津21,2022-04-22,2022-04-22,3.0,3.0,100.0,100,2022-04-24,0,上交所,荷兰式招标发行,,2022-04-15,2018年记账式附息(十四期)国债,2022
101815,22天津22,2022-04-22,2022-04-22,13.8,13.8,100.0,100,2022-04-24,0,上交所,荷兰式招标发行,,2022-04-15,2018年记账式附息(十五期)国债,2022
101816,22天津23,2022-04-22,2022-04-22,2.0,2.0,100.0,100,2022-04-24,0,上交所,荷兰式招标发行,,2022-04-15,2018年记账式附息(十六期)国债,2022
101817,22天津24,2022-04-22,2022-04-22,15.0,15.0,100.0,100,2022-04-24,0,上交所,荷兰式招标发行,,2022-04-15,2018年记账式附息(十七期)国债,2022
101818,22天津25,2022-04-22,2022-04-22,0.7,0.7,100.0,100,2022-04-24,0,上交所,荷兰式招标发行,,2022-04-15,2018年记账式附息(十八期)国债,2022
101819,22天津26,2022-04-22,2022-04-22,1.2,1.2,100.0,100,2022-04-24,0,上交所,荷兰式招标发行,,2022-04-15,2018年记账式附息(十九期)国债,2022
101820,22天津27,2022-04-22,2022-04-22,0.5,0.5,100.0,100,2022-04-24,0,上交所,荷兰式招标发行,,2022-04-15,2018年记账式附息(二十期)国债,2022
101821,22江苏10,2022-04-22,2022-04-22,103.06,103.06,100.0,100,2022-04-25,0,上交所,荷兰式招标发行,,2022-04-15,2018年记账式附息(二十一期)国债,2022
101822,22江苏11,2022-04-22,2022-04-22,248.11,248.11,100.0,100,2022-04-25,0,上交所,荷兰式招标发行,,2022-04-15,2018年记账式附息(二十二期)国债,2022
19674,22国债09,2022-04-22,2022-04-22,852.3,850.0,100.0,100,2022-04-25,0,上交所,多种价格（混合式）招标发行,在国债登记公司开立债券账户及在证券登记公司开立股票和基金账户的各类投资者,2022-04-18,2022年记账式附息(九期)国债,2022
20477,22贴债16,2022-04-22,2022-04-22,603.3,600.0,99.563,100,2022-04-25,0,上交所,多种价格（混合式）招标发行,在国债登记公司开立债券账户及在证券登记公司开立股票和基金账户的各类投资者,2022-04-21,2022年记账式贴现(十六期)国债,2022
19668,22国债03,2022-04-20,2022-04-20,760.0,760.0,99.99,100,2022-04-21,2,上交所,多种价格（混合式）招标发行,在国债登记公司开立债券账户及在证券登记公司开立股票和基金账户的各类投资者,2022-04-13,2022年记账式附息(三期)国债,2022
19670,22国债05,2022-04-20,2022-04-20,770.0,770.0,100.28,100,2022-04-21,1,上交所,多种价格（混合式）招标发行,在国债登记公司开立债券账户及在证券登记公司开立股票和基金账户的各类投资者,2022-04-13,2022年记账式附息(五期)国债,2022
101799,22北京18,2022-04-19,2022-04-19,7.99,7.99,100.0,100,2022-04-20,0,上交所,荷兰式招标发行,,2022-04-12,2017年特别国债(三期),2022
101801,22北京20,2022-04-19,2022-04-19,12.1,12.1,100.0,100,2022-04-20,0,上交所,荷兰式招标发行,,2022-04-12,2018年记账式附息(一期)国债,2022
101802,22北京21,2022-04-19,2022-04-19,2.0,2.0,100.0,100,2022-04-20,0,上交所,荷兰式招标发行,,2022-04-12,2018年记账式附息(二期)国债,2022
101803,22北京22,2022-04-19,2022-04-19,182.56,182.56,100.0,100,2022-04-20,0,上交所,荷兰式招标发行,,2022-04-12,2018年记账式附息(三期)国债,2022
101804,22北京23,2022-04-19,2022-04-19,180.5439,180.5439,100.0,100,2022-04-20,0,上交所,荷兰式招标发行,,2022-04-12,2018年记账式附息(四期)国债,2022
101805,22北京24,2022-04-19,2022-04-19,45.0592,45.0592,100.0,100,2022-04-20,0,上交所,荷兰式招标发行,,2022-04-12,2018年记账式附息(五期)国债,2022
101806,22北京25,2022-04-19,2022-04-19,9.0,9.0,100.0,100,2022-04-20,0,上交所,荷兰式招标发行,,2022-04-12,2018年记账式附息(六期)国债,2022
101807,22北京26,2022-04-19,2022-04-19,8.25,8.25,100.0,100,2022-04-20,0,上交所,荷兰式招标发行,,2022-04-12,2018年记账式附息(七期)国债,2022
101808,22北京27,2022-04-19,2022-04-19,4.0,4.0,100.0,100,2022-04-20,0,上交所,荷兰式招标发行,,2022-04-12,2018年记账式附息(八期)国债,2022
101809,22北京28,2022-04-19,2022-04-19,42.15,42.15,100.0,100,2022-04-20,0,上交所,荷兰式招标发行,,2022-04-12,2018年记账式附息(九期)国债,2022
20476,22贴债15,2022-04-15,2022-04-15,600.0,600.0,99.554,100,2022-04-18,0,上交所,多种价格（混合式）招标发行,在国债登记公司开立债券账户及在证券登记公司开立股票和基金账户的各类投资者,2022-04-14,2022年记账式贴现(十五期)国债,2022
19672,22国债07,2022-04-14,2022-04-14,771.6,770.0,100.0,100,2022-04-15,0,上交所,多种价格（混合式）招标发行,在国债登记公司开立债券账户及在证券登记公司开立股票和基金账户的各类投资者,2022-04-07,2022年记账式附息(七期)国债,2022
19673,22国债08,2022-04-14,2022-04-14,200.0,200.0,100.0,100,2022-04-15,0,上交所,荷兰式招标发行,在国债登记公司开立债券账户及在证券登记公司开立股票和基金账户的各类投资者,2022-04-07,2022年记账式附息(八期)国债,2022
221701,22储蓄01,2022-04-19,2022-04-10,250.0,250.0,100.0,100,2022-04-20,0,银行间债券市场,其他,个人投资者,2022-04-07,2022年第一期储蓄国债(电子式),2022
221702,22储蓄02,2022-04-19,2022-04-10,250.0,250.0,100.0,100,2022-04-20,0,银行间债券市场,其他,个人投资者,2022-04-07,2022年第二期储蓄国债(电子式),2022
20474,22贴债13,2022-04-08,2022-04-08,450.3,450.0,99.074,100,2022-04-11,0,上交所,多种价格（混合式）招标发行,在国债登记公司开立债券账户及在证券登记公司开立股票和基金账户的各类投资者,2022-04-02,2022年记账式贴现(十三期)国债,2022
20475,22贴债14,2022-04-08,2022-04-08,450.0,450.0,99.571,100,2022-04-11,0,上交所,多种价格（混合式）招标发行,在国债登记公司开立债券账户及在证券登记公司开立股票和基金账户的各类投资者,2022-04-07,2022年记账式贴现(十四期)国债,2022
101720,22云南10,2022-03-29,2022-03-29,6.0,6.0,100.0,100,2022-03-30,0,上交所,荷兰式招标发行,,2022-03-22,2017年记账式附息(二十期)国债,2022
101721,22云南11,2022-03-29,2022-03-29,63.3294,63.3294,100.0,100,2022-03-30,0,上交所,荷兰式招标发行,,2022-03-22,2017年记账式附息(二十一期)国债,2022
101722,22云南12,2022-03-29,2022-03-29,4.44,4.44,100.0,100,2022-03-30,0,上交所,荷兰式招标发行,,2022-03-22,2017年记账式附息(二十二期)国债,2022
101723,22云南13,2022-03-29,2022-03-29,10.0,10.0,100.0,100,2022-03-30,0,上交所,荷兰式招标发行,,2022-03-22,2017年记账式附息(二十三期)国债,2022
101724,22云南14,2022-03-29,2022-03-29,11.0,11.0,100.0,100,2022-03-30,0,上交所,荷兰式招标发行,,2022-03-22,2017年记账式附息(二十四期)国债,2022
101725,22湖北33,2022-03-29,2022-03-29,1.19,1.19,100.0,100,2022-03-30,0,上交所,荷兰式招标发行,,2022-03-22,2017年记账式附息(二十五期)国债,2022
101726,22湖北34,2022-03-29,2022-03-29,0.42,0.42,100.0,100,2022-03-30,0,上交所,荷兰式招标发行,,2022-03-22,2017年记账式附息(二十六期)国债,2022
101727,22湖北35,2022-03-29,2022-03-29,0.18,0.18,100.0,100,2022-03-30,0,上交所,荷兰式招标发行,,2022-03-22,2017年记账式附息(二十七期)国债,2022
101711,22江西17,2022-03-28,2022-03-28,54.1547,54.1547,100.0,100,2022-03-29,0,上交所,荷兰式招标发行,,2022-03-21,2017年记账式附息(十一期)国债,2022
101712,22江西18,2022-03-28,2022-03-28,44.7779,44.7779,100.0,100,2022-03-29,0,上交所,荷兰式招标发行,,2022-03-21,2017年记账式附息(十二期)国债,2022
101713,22江西19,2022-03-28,2022-03-28,8.15,8.15,100.0,100,2022-03-29,0,上交所,荷兰式招标发行,,2022-03-21,2017年记账式附息(十三期)国债,2022
101714,22江西20,2022-03-28,2022-03-28,21.4914,21.4914,100.0,100,2022-03-29,0,上交所,荷兰式招标发行,,2022-03-21,2017年记账式附息(十四期)国债,2022
101715,22江西21,2022-03-28,2022-03-28,16.6687,16.6687,100.0,100,2022-03-29,0,上交所,荷兰式招标发行,,2022-03-21,2017年记账式附息(十五期)国债,2022
101716,22江西22,2022-03-28,2022-03-28,2.58,2.58,100.0,100,2022-03-29,0,上交所,荷兰式招标发行,,2022-03-21,2017年记账式附息(十六期)国债,2022
101717,22江西23,2022-03-28,2022-03-28,22.184,22.184,100.0,100,2022-03-29,0,上交所,荷兰式招标发行,,2022-03-21,2017年记账式附息(十七期)国债,2022
101718,22江西24,2022-03-28,2022-03-28,13.7781,13.7781,100.0,100,2022-03-29,0,上交所,荷兰式招标发行,,2022-03-21,2017年记账式附息(十八期)国债,2022
101719,22江西25,2022-03-28,2022-03-28,77.781,77.781,100.0,100,2022-03-29,0,上交所,荷兰式招标发行,,2022-03-21,2017年记账式附息(十九期)国债,2022
101708,22陕西16,2022-03-25,2022-03-25,8.65,8.65,100.0,100,2022-03-28,0,上交所,荷兰式招标发行,,2022-03-18,2010年第八期储蓄国债(电子式),2022
101707,22陕西15,2022-03-25,2022-03-25,3.55,3.55,100.0,100,2022-03-28,0,上交所,荷兰式招标发行,,2022-03-18,2010年第七期储蓄国债(电子式),2022
101701,22江苏07,2022-03-25,2022-03-25,56.92,56.92,100.0,100,2022-03-28,0,上交所,荷兰式招标发行,,2022-03-18,2017年记账式附息(一期)国债,2022
101702,22江苏08,2022-03-25,2022-03-25,118.37,118.37,100.0,100,2022-03-28,0,上交所,荷兰式招标发行,,2022-03-18,2017年记账式附息(二期)国债,2022
101703,22江苏09,2022-03-25,2022-03-25,14.68,14.68,100.0,100,2022-03-28,0,上交所,荷兰式招标发行,,2022-03-18,2017年记账式附息(三期)国债,2022
101704,22陕西12,2022-03-25,2022-03-25,43.8,43.8,100.0,100,2022-03-28,0,上交所,荷兰式招标发行,,2022-03-18,2017年记账式附息(四期)国债,2022
101705,22陕西13,2022-03-25,2022-03-25,4.0,4.0,100.0,100,2022-03-28,0,上交所,荷兰式招标发行,,2022-03-18,2017年记账式附息(五期)国债,2022
101706,22陕西14,2022-03-25,2022-03-25,21.82,21.82,100.0,100,2022-03-28,0,上交所,荷兰式招标发行,,2022-03-18,2017年记账式附息(六期)国债,2022
101707,22陕西15,2022-03-25,2022-03-25,3.55,3.55,100.0,100,2022-03-28,0,上交所,荷兰式招标发行,,2022-03-18,2017年记账式附息(七期)国债,2022
101708,22陕西16,2022-03-25,2022-03-25,8.65,8.65,100.0,100,2022-03-28,0,上交所,荷兰式招标发行,,2022-03-18,2017年记账式附息(八期)国债,2022
101709,22陕西17,2022-03-25,2022-03-25,112.51,112.51,100.0,100,2022-03-28,0,上交所,荷兰式招标发行,,2022-03-18,2017年记账式附息(九期)国债,2022
101710,22陕西18,2022-03-25,2022-03-25,5.0,5.0,100.0,100,2022-03-28,0,上交所,荷兰式招标发行,,2022-03-18,2017年记账式附息(十期)国债,2022
20473,22贴债12,2022-03-25,2022-03-25,300.0,300.0,99.53,100,2022-03-28,0,上交所,多种价格（混合式）招标发行,在国债登记公司开立债券账户及在证券登记公司开立股票和基金账户的各类投资者,2022-03-24,2022年记账式贴现(十二期)国债,2022
19669,22国债04,2022-03-23,2022-03-23,730.0,730.0,99.76,100,2022-03-24,1,上交所,多种价格（混合式）招标发行,在国债登记公司开立债券账户及在证券登记公司开立股票和基金账户的各类投资者,2022-03-16,2022年记账式附息(四期)国债,2022
19671,22国债06,2022-03-23,2022-03-23,730.0,730.0,100.0,100,2022-03-24,0,上交所,多种价格（混合式）招标发行,在国债登记公司开立债券账户及在证券登记公司开立股票和基金账户的各类投资者,2022-03-16,2022年记账式附息(六期)国债,2022
20472,22贴债11,2022-03-18,2022-03-18,400.0,400.0,99.535,100,2022-03-21,0,上交所,多种价格（混合式）招标发行,在国债登记公司开立债券账户及在证券登记公司开立股票和基金账户的各类投资者,2022-03-17,2022年记账式贴现(十一期)国债,2022
101615,22龙江05,2022-03-17,2022-03-17,5.1,5.1,100.0,100,2022-03-18,0,上交所,荷兰式招标发行,,2022-03-10,2016年记账式附息(十五期)国债,2022
101616,22龙江06,2022-03-17,2022-03-17,1.7,1.7,100.0,100,2022-03-18,0,上交所,荷兰式招标发行,,2022-03-10,2016年记账式附息(十六期)国债,2022
101617,22龙江07,2022-03-17,2022-03-17,10.6301,10.6301,100.0,100,2022-03-18,0,上交所,荷兰式招标发行,,2022-03-10,2016年记账式附息(十七期)国债,2022
101618,22龙江08,2022-03-17,2022-03-17,4.3899,4.3899,100.0,100,2022-03-18,0,上交所,荷兰式招标发行,,2022-03-10,2016年记账式附息(十八期)国债,2022
101619,22山东19,2022-03-17,2022-03-17,134.65,134.65,100.0,100,2022-03-18,0,上交所,荷兰式招标发行,,2022-03-10,2016年记账式附息(十九期)国债,2022
101620,22山东20,2022-03-17,2022-03-17,23.57,23.57,100.0,100,2022-03-18,0,上交所,荷兰式招标发行,,2022-03-10,2016年记账式附息(二十期)国债,2022
101621,22贵州17,2022-03-17,2022-03-17,0.9041,0.9041,100.0,100,2022-03-18,0,上交所,荷兰式招标发行,,2022-03-10,2016年记账式附息(二十一期)国债,2022
101622,22贵州18,2022-03-17,2022-03-17,18.8355,18.8355,100.0,100,2022-03-18,0,上交所,荷兰式招标发行,,2022-03-10,2016年记账式附息(二十二期)国债,2022
101623,22贵州19,2022-03-17,2022-03-17,6.1646,6.1646,100.0,100,2022-03-18,0,上交所,荷兰式招标发行,,2022-03-10,2016年记账式附息(二十三期)国债,2022
101624,22贵州20,2022-03-17,2022-03-17,3.116,3.116,100.0,100,2022-03-18,0,上交所,荷兰式招标发行,,2022-03-10,2016年记账式附息(二十四期)国债,2022
101625,22贵州21,2022-03-17,2022-03-17,0.8069,0.8069,100.0,100,2022-03-18,0,上交所,荷兰式招标发行,,2022-03-10,2016年记账式附息(二十五期)国债,2022
101626,22贵州22,2022-03-17,2022-03-17,3.9373,3.9373,100.0,100,2022-03-18,0,上交所,荷兰式招标发行,,2022-03-10,2016年记账式附息(二十六期)国债,2022
101609,22广西08,2022-03-16,2022-03-16,83.975,83.975,100.0,100,2022-03-17,0,上交所,荷兰式招标发行,,2022-03-09,2016年记账式附息(九期)国债,2022
101610,22广西09,2022-03-16,2022-03-16,29.15,29.15,100.0,100,2022-03-17,0,上交所,荷兰式招标发行,,2022-03-09,2016年记账式附息(十期)国债,2022
101611,22广西10,2022-03-16,2022-03-16,5.4,5.4,100.0,100,2022-03-17,0,上交所,荷兰式招标发行,,2022-03-09,2016年记账式附息(十一期)国债,2022
101612,22广西11,2022-03-16,2022-03-16,5.03,5.03,100.0,100,2022-03-17,0,上交所,荷兰式招标发行,,2022-03-09,2016年记账式附息(十二期)国债,2022
101613,22广西12,2022-03-16,2022-03-16,30.8932,30.8932,100.0,100,2022-03-17,0,上交所,荷兰式招标发行,,2022-03-09,2016年记账式附息(十三期)国债,2022
101614,22广西13,2022-03-16,2022-03-16,117.8639,117.8639,100.0,100,2022-03-17,0,上交所,荷兰式招标发行,,2022-03-09,2016年记账式附息(十四期)国债,2022
19667,22国债02,2022-03-16,2022-03-16,740.0,740.0,99.6,100,2022-03-17,2,上交所,多种价格（混合式）招标发行,在国债登记公司开立债券账户及在证券登记公司开立股票和基金账户的各类投资者,2022-03-09,2022年记账式附息(二期)国债,2022
19670,22国债05,2022-03-16,2022-03-16,740.0,740.0,100.0,100,2022-03-17,0,上交所,多种价格（混合式）招标发行,在国债登记公司开立债券账户及在证券登记公司开立股票和基金账户的各类投资者,2022-03-09,2022年记账式附息(五期)国债,2022
101603,22广东15,2022-03-15,2022-03-15,59.2949,59.2949,100.0,100,2022-03-16,0,上交所,荷兰式招标发行,,2022-03-08,2016年记账式附息(三期)国债,2022
101604,22广东16,2022-03-15,2022-03-15,145.0462,145.0462,100.0,100,2022-03-16,0,上交所,荷兰式招标发行,,2022-03-08,2016年记账式附息(四期)国债,2022
101605,22广东17,2022-03-15,2022-03-15,75.3676,75.3676,100.0,100,2022-03-16,0,上交所,荷兰式招标发行,,2022-03-08,2016年记账式附息(五期)国债,2022
101606,22广东18,2022-03-15,2022-03-15,121.3381,121.3381,100.0,100,2022-03-16,0,上交所,荷兰式招标发行,,2022-03-08,2016年记账式附息(六期)国债,2022
101607,22广东19,2022-03-15,2022-03-15,158.1682,158.1682,100.0,100,2022-03-16,0,上交所,荷兰式招标发行,,2022-03-08,2016年记账式附息(七期)国债,2022
101608,22广东20,2022-03-15,2022-03-15,2.2,2.2,100.0,100,2022-03-16,0,上交所,荷兰式招标发行,,2022-03-08,2016年记账式附息(八期)国债,2022
101601,22安徽20,2022-03-14,2022-03-14,21.48,21.48,100.0,100,2022-03-15,0,上交所,荷兰式招标发行,,2022-03-07,2016年记账式附息(一期)国债,2022
101602,22安徽21,2022-03-14,2022-03-14,12.0,12.0,100.0,100,2022-03-15,0,上交所,荷兰式招标发行,,2022-03-07,2016年记账式附息(二期)国债,2022
19662,21国债14,2022-03-11,2022-03-11,200.0,200.0,103.49,100,2022-03-14,5,上交所,荷兰式招标发行,在国债登记公司开立债券账户及在证券登记公司开立股票和基金账户的各类投资者,2022-03-04,2021年记账式附息(十四期)国债,2022
20471,22贴债10,2022-03-11,2022-03-11,400.0,400.0,99.546,100,2022-03-14,0,上交所,多种价格（混合式）招标发行,在国债登记公司开立债券账户及在证券登记公司开立股票和基金账户的各类投资者,2022-03-10,2022年记账式贴现(十期)国债,2022
19666,22国债01,2022-03-09,2022-03-09,730.0,730.0,100.377,100,2022-03-10,2,上交所,多种价格（混合式）招标发行,在国债登记公司开立债券账户及在证券登记公司开立股票和基金账户的各类投资者,2022-03-02,2022年记账式附息(一期)国债,2022
19668,22国债03,2022-03-09,2022-03-09,730.0,730.0,99.62,100,2022-03-10,1,上交所,多种价格（混合式）招标发行,在国债登记公司开立债券账户及在证券登记公司开立股票和基金账户的各类投资者,2022-03-02,2022年记账式附息(三期)国债,2022
101526,22天津12,2022-03-08,2022-03-08,7.0,7.0,100.0,100,2022-03-09,0,上交所,荷兰式招标发行,,2022-03-01,2015年记账式附息(二十六期)国债,2022
101527,22天津13,2022-03-08,2022-03-08,4.6,4.6,100.0,100,2022-03-09,0,上交所,荷兰式招标发行,,2022-03-01,2015年记账式附息(二十七期)国债,2022
101528,22天津14,2022-03-08,2022-03-08,4.0,4.0,100.0,100,2022-03-09,0,上交所,荷兰式招标发行,,2022-03-01,2015年记账式附息(二十八期)国债,2022
20469,22贴债08,2022-03-04,2022-03-04,300.0,300.0,99.032,100,2022-03-07,0,上交所,多种价格（混合式）招标发行,在国债登记公司开立债券账户及在证券登记公司开立股票和基金账户的各类投资者,2022-02-25,2022年记账式贴现(八期)国债,2022
20470,22贴债09,2022-03-04,2022-03-04,300.0,300.0,99.555,100,2022-03-07,0,上交所,多种价格（混合式）招标发行,在国债登记公司开立债券账户及在证券登记公司开立股票和基金账户的各类投资者,2022-03-03,2022年记账式贴现(九期)国债,2022
101512,22宁波01,2022-02-28,2022-02-28,6.0,6.0,100.0,100,2022-03-04,0,上交所,荷兰式招标发行,,2022-02-21,2015年记账式附息(十二期)国债,2022
101513,22宁波02,2022-02-28,2022-02-28,11.4,11.4,100.0,100,2022-03-01,0,上交所,荷兰式招标发行,,2022-02-21,2015年记账式附息(十三期)国债,2022
101514,22宁波03,2022-02-28,2022-02-28,5.9,5.9,100.0,100,2022-03-01,0,上交所,荷兰式招标发行,,2022-02-21,2015年记账式附息(十四期)国债,2022
101515,22宁波04,2022-02-28,2022-02-28,7.45,7.45,100.0,100,2022-03-01,0,上交所,荷兰式招标发行,,2022-02-21,2015年记账式附息(十五期)国债,2022
101516,22宁波05,2022-02-28,2022-02-28,26.9,26.9,100.0,100,2022-03-01,0,上交所,荷兰式招标发行,,2022-02-21,2015年记账式附息(十六期)国债,2022
101517,22宁波06,2022-02-28,2022-02-28,33.85,33.85,100.0,100,2022-03-01,0,上交所,荷兰式招标发行,,2022-02-21,2015年记账式附息(十七期)国债,2022
101518,22河北07,2022-02-28,2022-02-28,193.0,193.0,100.0,100,2022-03-01,0,上交所,荷兰式招标发行,,2022-02-21,2015年记账式附息(十八期)国债,2022
101519,22河北08,2022-02-28,2022-02-28,12.07,12.07,100.0,100,2022-03-01,0,上交所,荷兰式招标发行,,2022-02-21,2015年记账式附息(十九期)国债,2022
101520,22河北09,2022-02-28,2022-02-28,10.74,10.74,100.0,100,2022-03-01,0,上交所,荷兰式招标发行,,2022-02-21,2015年记账式附息(二十期)国债,2022
101521,22河北10,2022-02-28,2022-02-28,21.44,21.44,100.0,100,2022-03-01,0,上交所,荷兰式招标发行,,2022-02-21,2015年记账式附息(二十一期)国债,2022
101522,22河北11,2022-02-28,2022-02-28,17.74,17.74,100.0,100,2022-03-01,0,上交所,荷兰式招标发行,,2022-02-21,2015年记账式附息(二十二期)国债,2022
101523,22河北12,2022-02-28,2022-02-28,69.21,69.21,100.0,100,2022-03-01,0,上交所,荷兰式招标发行,,2022-02-21,2015年记账式附息(二十三期)国债,2022
101524,22河北13,2022-02-28,2022-02-28,32.73,32.73,100.0,100,2022-03-01,0,上交所,荷兰式招标发行,,2022-02-21,2015年记账式附息(二十四期)国债,2022
101525,22河北14,2022-02-28,2022-02-28,26.51,26.51,100.0,100,2022-03-01,0,上交所,荷兰式招标发行,,2022-02-21,2015年记账式附息(二十五期)国债,2022
101501,22陕西10,2022-02-25,2022-02-25,30.99,30.99,100.0,100,2022-02-28,0,上交所,荷兰式招标发行,,2022-02-18,2015年记账式附息(一期)国债,2022
101502,22陕西11,2022-02-25,2022-02-25,15.25,15.25,100.0,100,2022-02-28,0,上交所,荷兰式招标发行,,2022-02-18,2015年记账式附息(二期)国债,2022
101503,22青岛09,2022-02-25,2022-02-25,30.14,30.14,100.0,100,2022-02-28,0,上交所,荷兰式招标发行,,2022-02-18,2015年记账式附息(三期)国债,2022
101504,22青岛10,2022-02-25,2022-02-25,12.4,12.4,100.0,100,2022-02-28,0,上交所,荷兰式招标发行,,2022-02-18,2015年记账式附息(四期)国债,2022
101505,22青岛11,2022-02-25,2022-02-25,10.2,10.2,100.0,100,2022-02-28,0,上交所,荷兰式招标发行,,2022-02-18,2015年记账式附息(五期)国债,2022
101506,22青岛12,2022-02-25,2022-02-25,14.6,14.6,100.0,100,2022-02-28,0,上交所,荷兰式招标发行,,2022-02-18,2015年记账式附息(六期)国债,2022
101507,22青岛13,2022-02-25,2022-02-25,10.3,10.3,100.0,100,2022-02-28,0,上交所,荷兰式招标发行,,2022-02-18,2015年记账式附息(七期)国债,2022
101508,22青岛14,2022-02-25,2022-02-25,10.06,10.06,100.0,100,2022-02-28,0,上交所,荷兰式招标发行,,2022-02-18,2015年记账式附息(八期)国债,2022
101509,22青岛15,2022-02-25,2022-02-25,48.4,48.4,100.0,100,2022-02-28,0,上交所,荷兰式招标发行,,2022-02-18,2015年记账式附息(九期)国债,2022
101510,22青岛16,2022-02-25,2022-02-25,3.0,3.0,100.0,100,2022-02-28,0,上交所,荷兰式招标发行,,2022-02-18,2015年记账式附息(十期)国债,2022
101511,22新疆01,2022-02-25,2022-02-25,130.1,130.1,100.0,100,2022-02-28,0,上交所,荷兰式招标发行,,2022-02-18,2015年记账式附息(十一期)国债,2022
20468,22贴债07,2022-02-25,2022-02-25,200.0,200.0,99.554,100,2022-02-28,0,上交所,多种价格（混合式）招标发行,在国债登记公司开立债券账户及在证券登记公司开立股票和基金账户的各类投资者,2022-02-24,2022年记账式贴现(七期)国债,2022
19661,21国债13,2022-02-23,2022-02-23,300.0,300.0,102.02,100,2022-02-24,4,上交所,多种价格（混合式）招标发行,在国债登记公司开立债券账户及在证券登记公司开立股票和基金账户的各类投资者,2022-02-16,2021年记账式附息(十三期)国债,2022
19669,22国债04,2022-02-23,2022-02-23,300.0,300.0,100.0,100,2022-02-24,0,上交所,多种价格（混合式）招标发行,在国债登记公司开立债券账户及在证券登记公司开立股票和基金账户的各类投资者,2022-02-15,2022年记账式附息(四期)国债,2022
101417,22宁夏01,2022-02-21,2022-02-21,20.0,20.0,100.0,100,2022-02-22,0,上交所,荷兰式招标发行,,2022-02-14,2014年记账式附息(十七期)国债,2022
101418,22北京08,2022-02-21,2022-02-21,9.9,9.9,100.0,100,2022-02-22,0,上交所,荷兰式招标发行,,2022-02-14,2014年记账式附息(十八期)国债,2022
101419,22北京09,2022-02-21,2022-02-21,12.46,12.46,100.0,100,2022-02-22,0,上交所,荷兰式招标发行,,2022-02-14,2014年记账式附息(十九期)国债,2022
101420,22北京10,2022-02-21,2022-02-21,6.0,6.0,100.0,100,2022-02-22,0,上交所,荷兰式招标发行,,2022-02-14,2014年记账式附息(二十期)国债,2022
101421,22北京11,2022-02-21,2022-02-21,14.0,14.0,100.0,100,2022-02-22,0,上交所,荷兰式招标发行,,2022-02-14,2014年记账式附息(二十一期)国债,2022
101422,22北京12,2022-02-21,2022-02-21,9.0,9.0,100.0,100,2022-02-22,0,上交所,荷兰式招标发行,,2022-02-14,2014年记账式附息(二十二期)国债,2022
101423,22北京13,2022-02-21,2022-02-21,22.0,22.0,100.0,100,2022-02-22,0,上交所,荷兰式招标发行,,2022-02-14,2014年记账式附息(二十三期)国债,2022
101424,22北京14,2022-02-21,2022-02-21,42.6,42.6,100.0,100,2022-02-22,0,上交所,荷兰式招标发行,,2022-02-14,2014年记账式附息(二十四期)国债,2022
101425,22北京15,2022-02-21,2022-02-21,17.0,17.0,100.0,100,2022-02-22,0,上交所,荷兰式招标发行,,2022-02-14,2014年记账式附息(二十五期)国债,2022
101426,22北京16,2022-02-21,2022-02-21,80.0,80.0,100.0,100,2022-02-22,0,上交所,荷兰式招标发行,,2022-02-14,2014年记账式附息(二十六期)国债,2022
101427,22北京17,2022-02-21,2022-02-21,6.0,6.0,100.0,100,2022-02-22,0,上交所,荷兰式招标发行,,2022-02-14,2014年记账式附息(二十七期)国债,2022
101428,22福建19,2022-02-21,2022-02-21,3.7567,3.7567,100.0,100,2022-02-22,0,上交所,荷兰式招标发行,,2022-02-15,2014年记账式附息(二十八期)国债,2022
101429,22福建20,2022-02-21,2022-02-21,20.9886,20.9886,100.0,100,2022-02-22,0,上交所,荷兰式招标发行,,2022-02-15,2014年记账式附息(二十九期)国债,2022
101430,22福建21,2022-02-21,2022-02-21,7.8672,7.8672,100.0,100,2022-02-22,0,上交所,荷兰式招标发行,,2022-02-15,2014年记账式附息(三十期)国债,2022
101401,22四川26,2022-02-18,2022-02-18,98.76,98.76,100.0,100,2022-02-21,0,上交所,荷兰式招标发行,,2022-02-11,2014年记账式附息(一期)国债,2022
101402,22四川27,2022-02-18,2022-02-18,47.33,47.33,100.0,100,2022-02-21,0,上交所,荷兰式招标发行,,2022-02-11,2014年记账式附息(二期)国债,2022
101403,22四川28,2022-02-18,2022-02-18,31.655,31.655,100.0,100,2022-02-21,0,上交所,荷兰式招标发行,,2022-02-11,2014年记账式附息(三期)国债,2022
101404,22四川29,2022-02-18,2022-02-18,3.36,3.36,100.0,100,2022-02-21,0,上交所,荷兰式招标发行,,2022-02-11,2014年记账式附息(四期)国债,2022
101405,22四川30,2022-02-18,2022-02-18,17.2506,17.2506,100.0,100,2022-02-21,0,上交所,荷兰式招标发行,,2022-02-11,2014年记账式附息(五期)国债,2022
101406,22四川31,2022-02-18,2022-02-18,20.4375,20.4375,100.0,100,2022-02-21,0,上交所,荷兰式招标发行,,2022-02-11,2014年记账式附息(六期)国债,2022
101407,22四川32,2022-02-18,2022-02-18,3.6858,3.6858,100.0,100,2022-02-21,0,上交所,荷兰式招标发行,,2022-02-11,2014年记账式附息(七期)国债,2022
101408,22四川33,2022-02-18,2022-02-18,2.66,2.66,100.0,100,2022-02-21,0,上交所,荷兰式招标发行,,2022-02-11,2014年记账式附息(八期)国债,2022
101409,22四川34,2022-02-18,2022-02-18,5.79,5.79,100.0,100,2022-02-21,0,上交所,荷兰式招标发行,,2022-02-11,2014年记账式附息(九期)国债,2022
101410,22四川35,2022-02-18,2022-02-18,4.74,4.74,100.0,100,2022-02-21,0,上交所,荷兰式招标发行,,2022-02-11,2014年记账式附息(十期)国债,2022
101411,22四川36,2022-02-18,2022-02-18,1.45,1.45,100.0,100,2022-02-21,0,上交所,荷兰式招标发行,,2022-02-11,2014年记账式附息(十一期)国债,2022
101412,22四川37,2022-02-18,2022-02-18,2.6,2.6,100.0,100,2022-02-21,0,上交所,荷兰式招标发行,,2022-02-11,2014年记账式附息(十二期)国债,2022
101413,22四川38,2022-02-18,2022-02-18,10.45,10.45,100.0,100,2022-02-21,0,上交所,荷兰式招标发行,,2022-02-11,2014年记账式附息(十三期)国债,2022
101414,22四川39,2022-02-18,2022-02-18,7.45,7.45,100.0,100,2022-02-21,0,上交所,荷兰式招标发行,,2022-02-11,2014年记账式附息(十四期)国债,2022
101415,22四川40,2022-02-18,2022-02-18,2.4,2.4,100.0,100,2022-02-21,0,上交所,荷兰式招标发行,,2022-02-11,2014年记账式附息(十五期)国债,2022
101416,22四川41,2022-02-18,2022-02-18,1.5,1.5,100.0,100,2022-02-21,0,上交所,荷兰式招标发行,,2022-02-11,2014年记账式附息(十六期)国债,2022
19662,21国债14,2022-02-18,2022-02-18,200.0,200.0,104.91,100,2022-02-21,4,上交所,荷兰式招标发行,在国债登记公司开立债券账户及在证券登记公司开立股票和基金账户的各类投资者,2022-02-23,2021年记账式附息(十四期)国债,2022
20467,22贴债06,2022-02-18,2022-02-18,400.0,400.0,99.579,100,2022-02-21,0,上交所,多种价格（混合式）招标发行,在国债登记公司开立债券账户及在证券登记公司开立股票和基金账户的各类投资者,2022-02-17,2022年记账式贴现(六期)国债,2022
19666,22国债01,2022-02-16,2022-02-16,700.0,700.0,100.436,100,2022-02-17,1,上交所,多种价格（混合式）招标发行,在国债登记公司开立债券账户及在证券登记公司开立股票和基金账户的各类投资者,2022-02-21,2022年记账式附息(一期)国债,2022
19668,22国债03,2022-02-16,2022-02-16,700.0,700.0,100.0,100,2022-02-17,0,上交所,多种价格（混合式）招标发行,在国债登记公司开立债券账户及在证券登记公司开立股票和基金账户的各类投资者,2022-02-09,2022年记账式附息(三期)国债,2022
20465,22贴债04,2022-02-11,2022-02-11,300.0,300.0,99.14,100,2022-02-14,0,上交所,多种价格（混合式）招标发行,在国债登记公司开立债券账户及在证券登记公司开立股票和基金账户的各类投资者,2022-01-29,2022年记账式贴现(四期)国债,2022
20466,22贴债05,2022-02-11,2022-02-11,300.0,300.0,99.625,100,2022-02-14,0,上交所,多种价格（混合式）招标发行,在国债登记公司开立债券账户及在证券登记公司开立股票和基金账户的各类投资者,2022-02-10,2022年记账式贴现(五期)国债,2022
19663,21国债15,2022-02-09,2022-02-09,700.0,700.0,101.58,100,2022-02-10,4,上交所,多种价格（混合式）招标发行,在国债登记公司开立债券账户及在证券登记公司开立股票和基金账户的各类投资者,2022-01-28,2021年记账式附息(十五期)国债,2022
19667,22国债02,2022-02-09,2022-02-09,700.0,700.0,100.04,100,2022-02-10,1,上交所,多种价格（混合式）招标发行,在国债登记公司开立债券账户及在证券登记公司开立股票和基金账户的各类投资者,2022-02-14,2022年记账式附息(二期)国债,2022
101310,22龙江01,2022-01-27,2022-01-27,0.58,0.58,100.0,100,2022-01-28,0,上交所,荷兰式招标发行,,2022-01-20,2013年记账式附息(十期)国债,2022
101311,22龙江02,2022-01-27,2022-01-27,0.72,0.72,100.0,100,2022-01-28,0,上交所,荷兰式招标发行,,2022-01-20,2013年记账式附息(十一期)国债,2022
101312,22龙江03,2022-01-27,2022-01-27,10.09,10.09,100.0,100,2022-01-28,0,上交所,荷兰式招标发行,,2022-01-20,2013年记账式附息(十二期)国债,2022
101313,22龙江04,2022-01-27,2022-01-27,3.79,3.79,100.0,100,2022-01-28,0,上交所,荷兰式招标发行,,2022-01-20,2013年记账式附息(十三期)国债,2022
101314,22江西01,2022-01-27,2022-01-27,137.0,137.0,100.0,100,2022-01-28,0,上交所,荷兰式招标发行,,2022-01-20,2013年记账式附息(十四期)国债,2022
101315,22江西02,2022-01-27,2022-01-27,28.3668,28.3668,100.0,100,2022-01-28,0,上交所,荷兰式招标发行,,2022-01-20,2013年记账式附息(十五期)国债,2022
101316,22江西03,2022-01-27,2022-01-27,25.2078,25.2078,100.0,100,2022-01-28,0,上交所,荷兰式招标发行,,2022-01-20,2013年记账式附息(十六期)国债,2022
101317,22江西04,2022-01-27,2022-01-27,21.0,21.0,100.0,100,2022-01-28,0,上交所,荷兰式招标发行,,2022-01-20,2013年记账式附息(十七期)国债,2022
101318,22江西05,2022-01-27,2022-01-27,16.7,16.7,100.0,100,2022-01-28,0,上交所,荷兰式招标发行,,2022-01-20,2013年记账式附息(十八期)国债,2022
101319,22江西06,2022-01-27,2022-01-27,39.7954,39.7954,100.0,100,2022-01-28,0,上交所,荷兰式招标发行,,2022-01-20,2013年记账式附息(十九期)国债,2022
101320,22江西07,2022-01-27,2022-01-27,34.8191,34.8191,100.0,100,2022-01-28,0,上交所,荷兰式招标发行,,2022-01-20,2013年记账式附息(二十期)国债,2022
101321,22江西08,2022-01-27,2022-01-27,7.642,7.642,100.0,100,2022-01-28,0,上交所,荷兰式招标发行,,2022-01-20,2013年记账式附息(二十一期)国债,2022
101322,22江西09,2022-01-27,2022-01-27,64.5703,64.5703,100.0,100,2022-01-28,0,上交所,荷兰式招标发行,,2022-01-20,2013年记账式附息(二十二期)国债,2022
101323,22江西10,2022-01-27,2022-01-27,30.2217,30.2217,100.0,100,2022-01-28,0,上交所,荷兰式招标发行,,2022-01-20,2013年记账式附息(二十三期)国债,2022
101324,22江西11,2022-01-27,2022-01-27,87.6026,87.6026,100.0,100,2022-01-28,0,上交所,荷兰式招标发行,,2022-01-20,2013年记账式附息(二十四期)国债,2022
101325,22四川01,2022-01-27,2022-01-27,27.895,27.895,100.0,100,2022-01-28,0,上交所,荷兰式招标发行,,2022-01-24,2013年记账式附息(二十五期)国债,2022
101308,22辽宁01,2022-01-26,2022-01-26,7.0,7.0,100.0,100,2022-01-27,0,上交所,荷兰式招标发行,,2022-01-19,2013年记账式附息(八期)国债,2022
101309,22辽宁02,2022-01-26,2022-01-26,10.0,10.0,100.0,100,2022-01-27,0,上交所,荷兰式招标发行,,2022-01-19,2013年记账式附息(九期)国债,2022
19660,21国债12,2022-01-26,2022-01-26,550.0,550.0,101.69,100,2022-01-27,4,上交所,多种价格（混合式）招标发行,在国债登记公司开立债券账户及在证券登记公司开立股票和基金账户的各类投资者,2022-02-07,2021年记账式附息(十二期)国债,2022
19661,21国债13,2022-01-26,2022-01-26,550.0,550.0,102.63,100,2022-01-27,3,上交所,多种价格（混合式）招标发行,在国债登记公司开立债券账户及在证券登记公司开立股票和基金账户的各类投资者,2022-01-19,2021年记账式附息(十三期)国债,2022
101301,22山东05,2022-01-25,2022-01-25,177.87,177.87,100.0,100,2022-01-26,0,上交所,荷兰式招标发行,,2022-01-18,2013年记账式附息(一期)国债,2022
101302,22山东06,2022-01-25,2022-01-25,30.84,30.84,100.0,100,2022-01-26,0,上交所,荷兰式招标发行,,2022-01-18,2013年记账式附息(二期)国债,2022
101303,22山东07,2022-01-25,2022-01-25,65.94,65.94,100.0,100,2022-01-26,0,上交所,荷兰式招标发行,,2022-01-18,2013年记账式附息(三期)国债,2022
101304,22山东08,2022-01-25,2022-01-25,95.62,95.62,100.0,100,2022-01-26,0,上交所,荷兰式招标发行,,2022-01-18,2013年记账式附息(四期)国债,2022
101305,22山东09,2022-01-25,2022-01-25,17.05,17.05,100.0,100,2022-01-26,0,上交所,荷兰式招标发行,,2022-01-18,2013年记账式附息(五期)国债,2022
101306,22山东10,2022-01-25,2022-01-25,23.67,23.67,100.0,100,2022-01-26,0,上交所,荷兰式招标发行,,2022-01-18,2013年记账式附息(六期)国债,2022
101307,22山东11,2022-01-25,2022-01-25,83.97,83.97,100.0,100,2022-01-26,0,上交所,荷兰式招标发行,,2022-01-18,2013年记账式附息(七期)国债,2022
20463,22贴债02,2022-01-21,2022-01-21,200.0,200.0,99.069,100,2022-01-24,0,上交所,多种价格（混合式）招标发行,在国债登记公司开立债券账户及在证券登记公司开立股票和基金账户的各类投资者,2022-01-14,2022年记账式贴现(二期)国债,2022
20464,22贴债03,2022-01-21,2022-01-21,200.0,200.0,99.561,100,2022-01-24,0,上交所,多种价格（混合式）招标发行,在国债登记公司开立债券账户及在证券登记公司开立股票和基金账户的各类投资者,2022-01-20,2022年记账式贴现(三期)国债,2022
101218,22北京01,2022-01-19,2022-01-19,8.09,8.09,100.0,100,2022-01-20,0,上交所,荷兰式招标发行,,2022-01-12,2012年记账式附息(十八期)国债,2022
101219,22北京02,2022-01-19,2022-01-19,11.0,11.0,100.0,100,2022-01-20,0,上交所,荷兰式招标发行,,2022-01-12,2012年记账式附息(十九期)国债,2022
101220,22北京03,2022-01-19,2022-01-19,18.49,18.49,100.0,100,2022-01-20,0,上交所,荷兰式招标发行,,2022-01-12,2012年记账式附息(二十期)国债,2022
101221,22北京04,2022-01-19,2022-01-19,19.7,19.7,100.0,100,2022-01-20,0,上交所,荷兰式招标发行,,2022-01-12,2012年记账式附息(二十一期)国债,2022
19663,21国债15,2022-01-19,2022-01-19,600.0,600.0,101.37,100,2022-01-20,3,上交所,多种价格（混合式）招标发行,在国债登记公司开立债券账户及在证券登记公司开立股票和基金账户的各类投资者,2022-01-12,2021年记账式附息(十五期)国债,2022
19667,22国债02,2022-01-19,2022-01-19,650.0,650.0,100.0,100,2022-01-20,0,上交所,多种价格（混合式）招标发行,在国债登记公司开立债券账户及在证券登记公司开立股票和基金账户的各类投资者,2022-01-12,2022年记账式附息(二期)国债,2022
101215,22湖北01,2022-01-14,2022-01-14,55.2,55.2,100.0,100,2022-01-17,0,上交所,荷兰式招标发行,,2022-01-07,2012年记账式附息(十五期)国债,2022
101216,22湖北02,2022-01-14,2022-01-14,73.6,73.6,100.0,100,2022-01-17,0,上交所,荷兰式招标发行,,2022-01-07,2012年记账式附息(十六期)国债,2022
101217,22湖北03,2022-01-14,2022-01-14,55.2,55.2,100.0,100,2022-01-17,0,上交所,荷兰式招标发行,,2022-01-07,2012年记账式附息(十七期)国债,2022
19662,21国债14,2022-01-14,2022-01-14,200.0,200.0,104.85,100,2022-01-17,3,上交所,荷兰式招标发行,在国债登记公司开立债券账户及在证券登记公司开立股票和基金账户的各类投资者,2022-01-19,2021年记账式附息(十四期)国债,2022
20462,22贴债01,2022-01-14,2022-01-14,300.0,300.0,99.525,100,2022-01-17,0,上交所,多种价格（混合式）招标发行,在国债登记公司开立债券账户及在证券登记公司开立股票和基金账户的各类投资者,2022-01-13,2022年记账式贴现(一期)国债,2022
101206,22河南01,2022-01-13,2022-01-13,12.63,12.63,100.0,100,2022-01-14,0,上交所,荷兰式招标发行,,2022-01-07,2012年记账式附息(六期)国债,2022
101207,22河南02,2022-01-13,2022-01-13,106.53,106.53,100.0,100,2022-01-14,0,上交所,荷兰式招标发行,,2022-01-07,2012年记账式附息(七期)国债,2022
101208,22河南03,2022-01-13,2022-01-13,60.71,60.71,100.0,100,2022-01-14,0,上交所,荷兰式招标发行,,2022-01-07,2012年记账式附息(八期)国债,2022
101209,22河南04,2022-01-13,2022-01-13,9.59,9.59,100.0,100,2022-01-14,0,上交所,荷兰式招标发行,,2022-01-07,2012年记账式附息(九期)国债,2022
101210,22河南05,2022-01-13,2022-01-13,43.91,43.91,100.0,100,2022-01-14,0,上交所,荷兰式招标发行,,2022-01-07,2012年记账式附息(十期)国债,2022
101211,22河南06,2022-01-13,2022-01-13,11.91,11.91,100.0,100,2022-01-14,0,上交所,荷兰式招标发行,,2022-01-07,2012年记账式附息(十一期)国债,2022
101212,22河南07,2022-01-13,2022-01-13,95.3,95.3,100.0,100,2022-01-14,0,上交所,荷兰式招标发行,,2022-01-07,2012年记账式附息(十二期)国债,2022
101213,22河南08,2022-01-13,2022-01-13,26.42,26.42,100.0,100,2022-01-14,0,上交所,荷兰式招标发行,,2022-01-07,2012年记账式附息(十三期)国债,2022
101214,22河南09,2022-01-13,2022-01-13,15.01,15.01,100.0,100,2022-01-14,0,上交所,荷兰式招标发行,,2022-01-07,2012年记账式附息(十四期)国债,2022
19665,21国债17,2022-01-12,2022-01-12,700.0,700.0,101.57,100,2022-01-13,2,上交所,多种价格（混合式）招标发行,在国债登记公司开立债券账户及在证券登记公司开立股票和基金账户的各类投资者,2022-01-10,2021年记账式附息(十七期)国债,2022
19666,22国债01,2022-01-12,2022-01-12,710.0,710.0,100.0,100,2022-01-13,0,上交所,多种价格（混合式）招标发行,在国债登记公司开立债券账户及在证券登记公司开立股票和基金账户的各类投资者,2022-01-10,2022年记账式附息(一期)国债,2022
101204,21深圳83,2021-12-31,2021-12-31,1.0,1.0,100.0,100,2022-01-04,0,上交所,荷兰式招标发行,,2021-12-24,2012年记账式附息(四期)国债,2021
101205,21深圳84,2021-12-31,2021-12-31,9.0,9.0,100.0,100,2022-01-04,0,上交所,荷兰式招标发行,,2021-12-24,2012年记账式附息(五期)国债,2021
101201,21甘肃26,2021-12-30,2021-12-30,5.0,5.0,100.0,100,2021-12-31,0,上交所,荷兰式招标发行,,2021-12-23,2012年记账式附息(一期)国债,2021
101202,21甘肃27,2021-12-30,2021-12-30,1.0,1.0,100.0,100,2021-12-31,0,上交所,荷兰式招标发行,,2021-12-23,2012年记账式附息(二期)国债,2021
101203,21甘肃28,2021-12-30,2021-12-30,11.0,11.0,100.0,100,2021-12-31,0,上交所,荷兰式招标发行,,2021-12-23,2012年记账式附息(三期)国债,2021
20460,21贴债63,2021-12-24,2021-12-24,500.0,500.0,98.873,100,2021-12-27,0,上交所,多种价格（混合式）招标发行,在国债登记公司开立债券账户及在证券登记公司开立股票和基金账户的各类投资者,2021-12-17,2021年记账式贴现(六十三期)国债,2021
20461,21贴债64,2021-12-24,2021-12-24,600.0,600.0,99.434,100,2021-12-27,0,上交所,多种价格（混合式）招标发行,在国债登记公司开立债券账户及在证券登记公司开立股票和基金账户的各类投资者,2021-12-23,2021年记账式贴现(六十四期)国债,2021
19651,21国债03,2021-12-17,2021-12-17,260.0,260.0,108.7,100,2021-12-20,3,上交所,荷兰式招标发行,在国债登记公司开立债券账户及在证券登记公司开立股票和基金账户的各类投资者,2021-12-22,2021年记账式附息(三期)国债,2021
20459,21贴债62,2021-12-17,2021-12-17,600.0,600.0,99.464,100,2021-12-20,0,上交所,多种价格（混合式）招标发行,在国债登记公司开立债券账户及在证券登记公司开立股票和基金账户的各类投资者,2021-12-16,2021年记账式贴现(六十二期)国债,2021
19664,21国债16,2021-12-15,2021-12-15,600.0,600.0,100.263,100,2021-12-16,2,上交所,多种价格（混合式）招标发行,在国债登记公司开立债券账户及在证券登记公司开立股票和基金账户的各类投资者,2021-12-08,2021年记账式附息(十六期)国债,2021
19665,21国债17,2021-12-15,2021-12-15,600.2,600.0,100.789,100,2021-12-16,1,上交所,多种价格（混合式）招标发行,在国债登记公司开立债券账户及在证券登记公司开立股票和基金账户的各类投资者,2021-12-08,2021年记账式附息(十七期)国债,2021
19662,21国债14,2021-12-10,2021-12-10,260.0,260.0,103.53,100,2021-12-13,2,上交所,荷兰式招标发行,在国债登记公司开立债券账户及在证券登记公司开立股票和基金账户的各类投资者,2021-12-15,2021年记账式附息(十四期)国债,2021
20458,21贴债61,2021-12-10,2021-12-10,601.8,600.0,99.47,100,2021-12-13,0,上交所,多种价格（混合式）招标发行,在国债登记公司开立债券账户及在证券登记公司开立股票和基金账户的各类投资者,2021-12-09,2021年记账式贴现(六十一期)国债,2021
19659,21国债11,2021-12-08,2021-12-08,640.9,640.0,100.96,100,2021-12-09,4,上交所,多种价格（混合式）招标发行,在国债登记公司开立债券账户及在证券登记公司开立股票和基金账户的各类投资者,2021-12-13,2021年记账式附息(十一期)国债,2021
19663,21国债15,2021-12-08,2021-12-08,646.4,640.0,100.52,100,2021-12-09,2,上交所,多种价格（混合式）招标发行,在国债登记公司开立债券账户及在证券登记公司开立股票和基金账户的各类投资者,2021-12-01,2021年记账式附息(十五期)国债,2021
20456,21贴债59,2021-12-03,2021-12-03,500.0,500.0,98.892,100,2021-12-06,0,上交所,多种价格（混合式）招标发行,在国债登记公司开立债券账户及在证券登记公司开立股票和基金账户的各类投资者,2021-11-26,2021年记账式贴现(五十九期)国债,2021
20457,21贴债60,2021-12-03,2021-12-03,600.0,600.0,99.468,100,2021-12-06,0,上交所,多种价格（混合式）招标发行,在国债登记公司开立债券账户及在证券登记公司开立股票和基金账户的各类投资者,2021-12-02,2021年记账式贴现(六十期)国债,2021
101107,21内蒙29,2021-12-01,2021-12-01,4.8,4.8,100.0,100,2021-12-02,0,上交所,荷兰式招标发行,,2021-11-24,2011年记账式附息(七期)国债,2021
101108,21内蒙30,2021-12-01,2021-12-01,43.6677,43.6677,100.0,100,2021-12-02,0,上交所,荷兰式招标发行,,2021-11-24,2011年记账式附息(八期)国债,2021
101109,21内蒙31,2021-12-01,2021-12-01,13.7543,13.7543,100.0,100,2021-12-02,0,上交所,荷兰式招标发行,,2021-11-24,2011年记账式附息(九期)国债,2021
101110,21内蒙32,2021-12-01,2021-12-01,55.5,55.5,100.0,100,2021-12-02,0,上交所,荷兰式招标发行,,2021-11-24,2011年记账式附息(十期)国债,2021
101111,21内蒙33,2021-12-01,2021-12-01,4.21,4.21,100.0,100,2021-12-02,0,上交所,荷兰式招标发行,,2021-11-24,2011年记账式附息(十一期)国债,2021
101112,21内蒙34,2021-12-01,2021-12-01,9.7,9.7,100.0,100,2021-12-02,0,上交所,荷兰式招标发行,,2021-11-24,2011年记账式附息(十二期)国债,2021
101113,21内蒙35,2021-12-01,2021-12-01,15.1,15.1,100.0,100,2021-12-02,0,上交所,荷兰式招标发行,,2021-11-24,2011年记账式附息(十三期)国债,2021
101114,21内蒙36,2021-12-01,2021-12-01,13.6,13.6,100.0,100,2021-12-02,0,上交所,荷兰式招标发行,,2021-11-24,2011年记账式附息(十四期)国债,2021
101115,21内蒙37,2021-12-01,2021-12-01,3.5,3.5,100.0,100,2021-12-02,0,上交所,荷兰式招标发行,,2021-11-24,2011年记账式附息(十五期)国债,2021
101116,21内蒙38,2021-12-01,2021-12-01,6.3,6.3,100.0,100,2021-12-02,0,上交所,荷兰式招标发行,,2021-11-24,2011年记账式附息(十六期)国债,2021
101117,21内蒙39,2021-12-01,2021-12-01,0.8,0.8,100.0,100,2021-12-02,0,上交所,荷兰式招标发行,,2021-11-24,2011年记账式附息(十七期)国债,2021
101118,21内蒙40,2021-12-01,2021-12-01,0.7,0.7,100.0,100,2021-12-02,0,上交所,荷兰式招标发行,,2021-11-24,2011年记账式附息(十八期)国债,2021
19660,21国债12,2021-12-01,2021-12-01,620.0,620.0,100.44,100,2021-12-02,3,上交所,多种价格（混合式）招标发行,在国债登记公司开立债券账户及在证券登记公司开立股票和基金账户的各类投资者,2021-12-06,2021年记账式附息(十二期)国债,2021
19661,21国债13,2021-12-01,2021-12-01,620.0,620.0,100.83,100,2021-12-02,2,上交所,多种价格（混合式）招标发行,在国债登记公司开立债券账户及在证券登记公司开立股票和基金账户的各类投资者,2021-11-24,2021年记账式附息(十三期)国债,2021
101101,21鄂157,2021-11-30,2021-11-30,5.22,5.22,100.0,100,2021-12-01,0,上交所,荷兰式招标发行,,2021-11-25,2011年记账式附息(一期)国债,2021
101102,21鄂158,2021-11-30,2021-11-30,0.63,0.63,100.0,100,2021-12-01,0,上交所,荷兰式招标发行,,2021-11-25,2011年记账式附息(二期)国债,2021
101103,21鄂159,2021-11-30,2021-11-30,4.0,4.0,100.0,100,2021-12-01,0,上交所,荷兰式招标发行,,2021-11-25,2011年记账式附息(三期)国债,2021
101104,21河北64,2021-11-30,2021-11-30,15.0,15.0,100.0,100,2021-12-01,0,上交所,荷兰式招标发行,,2021-11-24,2011年记账式附息(四期)国债,2021
101105,21河北65,2021-11-30,2021-11-30,215.0,215.0,100.0,100,2021-12-01,0,上交所,荷兰式招标发行,,2021-11-24,2011年记账式附息(五期)国债,2021
101106,21河北66,2021-11-30,2021-11-30,38.57,38.57,100.0,100,2021-12-01,0,上交所,荷兰式招标发行,,2021-11-24,2011年记账式附息(六期)国债,2021
101119,21湘132,2021-11-30,2021-11-30,23.08,23.08,100.0,100,2021-12-01,0,上交所,荷兰式招标发行,,2021-11-27,2011年记账式附息(十九期)国债,2021
101120,21湘133,2021-11-30,2021-11-30,16.61,16.61,100.0,100,2021-12-01,0,上交所,荷兰式招标发行,,2021-11-27,2011年记账式附息(二十期)国债,2021
101121,21湘134,2021-11-30,2021-11-30,10.1,10.1,100.0,100,2021-12-01,0,上交所,荷兰式招标发行,,2021-11-27,2011年记账式附息(二十一期)国债,2021
101122,21湘135,2021-11-30,2021-11-30,3.25,3.25,100.0,100,2021-12-01,0,上交所,荷兰式招标发行,,2021-11-27,2011年记账式附息(二十二期)国债,2021
101123,21湘136,2021-11-30,2021-11-30,13.78,13.78,100.0,100,2021-12-01,0,上交所,荷兰式招标发行,,2021-11-27,2011年记账式附息(二十三期)国债,2021
101124,21湘137,2021-11-30,2021-11-30,0.81,0.81,100.0,100,2021-12-01,0,上交所,荷兰式招标发行,,2021-11-27,2011年记账式附息(二十四期)国债,2021
101125,21湘138,2021-11-30,2021-11-30,2.85,2.85,100.0,100,2021-12-01,0,上交所,荷兰式招标发行,,2021-11-27,2011年记账式附息(二十五期)国债,2021
101031,21厦门26,2021-11-29,2021-11-29,30.0,30.0,100.0,100,2021-11-30,0,上交所,荷兰式招标发行,,2021-11-22,2010年记账式附息(三十一期)国债,2021
101032,21厦门27,2021-11-29,2021-11-29,5.0,5.0,100.0,100,2021-11-30,0,上交所,荷兰式招标发行,,2021-11-22,2010年记账式附息(三十二期)国债,2021
101033,21厦门28,2021-11-29,2021-11-29,3.0,3.0,100.0,100,2021-11-30,0,上交所,荷兰式招标发行,,2021-11-22,2010年记账式附息(三十三期)国债,2021
101034,21厦门29,2021-11-29,2021-11-29,5.0,5.0,100.0,100,2021-11-30,0,上交所,荷兰式招标发行,,2021-11-22,2010年记账式附息(三十四)期国债,2021
101035,21厦门30,2021-11-29,2021-11-29,1.0,1.0,100.0,100,2021-11-30,0,上交所,荷兰式招标发行,,2021-11-22,2010年记账式附息(三十五期)国债,2021
101036,21贵州65,2021-11-29,2021-11-29,8.8035,8.8035,100.0,100,2021-11-30,0,上交所,荷兰式招标发行,,2021-11-22,2010年记账式附息(三十六期)国债,2021
101037,21贵州66,2021-11-29,2021-11-29,11.9337,11.9337,100.0,100,2021-11-30,0,上交所,荷兰式招标发行,,2021-11-22,2010年记账式附息(三十七期)国债,2021
101038,21贵州67,2021-11-29,2021-11-29,6.446,6.446,100.0,100,2021-11-30,0,上交所,荷兰式招标发行,,2021-11-22,2010年记账式附息(三十八期)国债,2021
101039,21贵州68,2021-11-29,2021-11-29,9.08,9.08,100.0,100,2021-11-30,0,上交所,荷兰式招标发行,,2021-11-22,2010年记账式附息(三十九期)国债,2021
101040,21贵州69,2021-11-29,2021-11-29,9.0005,9.0005,100.0,100,2021-11-30,0,上交所,荷兰式招标发行,,2021-11-22,2010年记账式附息(四十期)国债,2021
101041,21贵州70,2021-11-29,2021-11-29,7.6,7.6,100.0,100,2021-11-30,0,上交所,荷兰式招标发行,,2021-11-22,2010年记账式附息(四十一期)国债,2021
101026,21陕西66,2021-11-26,2021-11-26,4.0,4.0,100.0,100,2021-11-29,0,上交所,荷兰式招标发行,,2021-11-19,2010年记账式附息(二十六期)国债,2021
101027,21陕西67,2021-11-26,2021-11-26,9.27,9.27,100.0,100,2021-11-29,0,上交所,荷兰式招标发行,,2021-11-19,2010年记账式附息(二十七期)国债,2021
101028,21陕西68,2021-11-26,2021-11-26,4.1,4.1,100.0,100,2021-11-29,0,上交所,荷兰式招标发行,,2021-11-19,2010年记账式附息(二十八期)国债,2021
101029,21陕西69,2021-11-26,2021-11-26,10.3716,10.3716,100.0,100,2021-11-29,0,上交所,荷兰式招标发行,,2021-11-19,2010年记账式附息(二十九期)国债,2021
101030,21陕西70,2021-11-26,2021-11-26,22.9,22.9,100.0,100,2021-11-29,0,上交所,荷兰式招标发行,,2021-11-19,2010年记账式附息(三十期)国债,2021
20455,21贴债58,2021-11-26,2021-11-26,501.8,500.0,99.479,100,2021-11-29,0,上交所,多种价格（混合式）招标发行,在国债登记公司开立债券账户及在证券登记公司开立股票和基金账户的各类投资者,2021-11-25,2021年记账式贴现(五十八期)国债,2021
101011,21新疆36,2021-11-25,2021-11-25,18.2,18.2,100.0,100,2021-11-26,0,上交所,荷兰式招标发行,,2021-11-18,2010年记账式附息(十一期)国债,2021
101012,21新疆37,2021-11-25,2021-11-25,7.4,7.4,100.0,100,2021-11-26,0,上交所,荷兰式招标发行,,2021-11-18,2010年记账式附息(十二期)国债,2021
101013,21江西35,2021-11-25,2021-11-25,40.645,40.645,100.0,100,2021-11-26,0,上交所,荷兰式招标发行,,2021-11-18,2010年记账式附息(十三期)国债,2021
101014,21江西36,2021-11-25,2021-11-25,18.1571,18.1571,100.0,100,2021-11-26,0,上交所,荷兰式招标发行,,2021-11-18,2010年记账式附息(十四期)国债,2021
101015,21江西37,2021-11-25,2021-11-25,23.9946,23.9946,100.0,100,2021-11-26,0,上交所,荷兰式招标发行,,2021-11-18,2010年记账式附息(十五期)国债,2021
101016,21江西38,2021-11-25,2021-11-25,19.6093,19.6093,100.0,100,2021-11-26,0,上交所,荷兰式招标发行,,2021-11-18,2010年记账式附息(十六期)国债,2021
101017,21江西39,2021-11-25,2021-11-25,129.5941,129.5941,100.0,100,2021-11-26,0,上交所,荷兰式招标发行,,2021-11-18,2010年记账式附息(十七期)国债,2021
101018,21江西40,2021-11-25,2021-11-25,44.4963,44.4963,100.0,100,2021-11-26,0,上交所,荷兰式招标发行,,2021-11-18,2010年记账式附息(十八期)国债,2021
101019,21江西41,2021-11-25,2021-11-25,125.8426,125.8426,100.0,100,2021-11-26,0,上交所,荷兰式招标发行,,2021-11-18,2010年记账式附息(十九期)国债,2021
101020,21江西42,2021-11-25,2021-11-25,11.2336,11.2336,100.0,100,2021-11-26,0,上交所,荷兰式招标发行,,2021-11-18,2010年记账式附息(二十期)国债,2021
101021,21海南29,2021-11-25,2021-11-25,5.05,5.05,100.0,100,2021-11-26,0,上交所,荷兰式招标发行,,2021-11-18,2010年记账式附息(二十一期)国债,2021
101022,21海南30,2021-11-25,2021-11-25,28.44,28.44,100.0,100,2021-11-26,0,上交所,荷兰式招标发行,,2021-11-18,2010年记账式附息(二十二期)国债,2021
101023,21海南31,2021-11-25,2021-11-25,47.579,47.579,100.0,100,2021-11-26,0,上交所,荷兰式招标发行,,2021-11-18,2010年记账式附息(二十三期)国债,2021
101024,21海南32,2021-11-25,2021-11-25,17.668,17.668,100.0,100,2021-11-26,0,上交所,荷兰式招标发行,,2021-11-18,2010年记账式附息(二十四期)国债,2021
101025,21海南33,2021-11-25,2021-11-25,11.074,11.074,100.0,100,2021-11-26,0,上交所,荷兰式招标发行,,2021-11-18,2010年记账式附息(二十五期)国债,2021
101001,21天津48,2021-11-24,2021-11-24,56.9,56.9,100.0,100,2021-11-25,0,上交所,荷兰式招标发行,,2021-11-17,2010年记账式附息(一期)国债,2021
101002,21天津49,2021-11-24,2021-11-24,1.0,1.0,100.0,100,2021-11-25,0,上交所,荷兰式招标发行,,2021-11-17,2010年记账式附息(二期)国债,2021
101003,21天津50,2021-11-24,2021-11-24,16.8,16.8,100.0,100,2021-11-25,0,上交所,荷兰式招标发行,,2021-11-17,2010年记账式附息(三期)国债,2021
101004,21吉林56,2021-11-24,2021-11-24,2.34,2.34,100.0,100,2021-11-25,0,上交所,荷兰式招标发行,,2021-11-17,2010年记账式附息(四期)国债,2021
101005,21吉林57,2021-11-24,2021-11-24,2.12,2.12,100.0,100,2021-11-25,0,上交所,荷兰式招标发行,,2021-11-17,2010年记账式附息(五期)国债,2021
101006,21吉林58,2021-11-24,2021-11-24,14.2,14.2,100.0,100,2021-11-25,0,上交所,荷兰式招标发行,,2021-11-17,2010年记账式附息(六期)国债,2021
101007,21吉林59,2021-11-24,2021-11-24,9.08,9.08,100.0,100,2021-11-25,0,上交所,荷兰式招标发行,,2021-11-17,2010年记账式附息(七期)国债,2021
101008,21吉林60,2021-11-24,2021-11-24,11.9,11.9,100.0,100,2021-11-25,0,上交所,荷兰式招标发行,,2021-11-17,2010年记账式附息(八期)国债,2021
101009,21吉林61,2021-11-24,2021-11-24,22.81,22.81,100.0,100,2021-11-25,0,上交所,荷兰式招标发行,,2021-11-17,2010年记账式附息(九期)国债,2021
101010,21吉林62,2021-11-24,2021-11-24,45.93,45.93,100.0,100,2021-11-25,0,上交所,荷兰式招标发行,,2021-11-17,2010年记账式附息(十期)国债,2021
20453,21贴债56,2021-11-19,2021-11-19,350.0,350.0,98.921,100,2021-11-22,0,上交所,多种价格（混合式）招标发行,在国债登记公司开立债券账户及在证券登记公司开立股票和基金账户的各类投资者,2021-11-12,2021年记账式贴现(五十六期)国债,2021
20454,21贴债57,2021-11-19,2021-11-19,500.0,500.0,99.474,100,2021-11-22,0,上交所,多种价格（混合式）招标发行,在国债登记公司开立债券账户及在证券登记公司开立股票和基金账户的各类投资者,2021-11-18,2021年记账式贴现(五十七期)国债,2021
19664,21国债16,2021-11-17,2021-11-17,542.9,540.0,100.128,100,2021-11-18,1,上交所,多种价格（混合式）招标发行,在国债登记公司开立债券账户及在证券登记公司开立股票和基金账户的各类投资者,2021-11-10,2021年记账式附息(十六期)国债,2021
19665,21国债17,2021-11-17,2021-11-17,540.0,540.0,100.0,100,2021-11-18,0,上交所,多种价格（混合式）招标发行,在国债登记公司开立债券账户及在证券登记公司开立股票和基金账户的各类投资者,2021-11-10,2021年记账式附息(十七期)国债,2021
19662,21国债14,2021-11-12,2021-11-12,260.0,260.0,101.72,100,2021-11-15,1,上交所,荷兰式招标发行,在国债登记公司开立债券账户及在证券登记公司开立股票和基金账户的各类投资者,2021-11-17,2021年记账式附息(十四期)国债,2021
20452,21贴债55,2021-11-12,2021-11-12,501.7,500.0,99.477,100,2021-11-15,0,上交所,多种价格（混合式）招标发行,在国债登记公司开立债券账户及在证券登记公司开立股票和基金账户的各类投资者,2021-11-11,2021年记账式贴现(五十五期)国债,2021
19659,21国债11,2021-11-10,2021-11-10,566.4,560.0,100.7,100,2021-11-11,3,上交所,多种价格（混合式）招标发行,在国债登记公司开立债券账户及在证券登记公司开立股票和基金账户的各类投资者,2021-11-15,2021年记账式附息(十一期)国债,2021
19663,21国债15,2021-11-10,2021-11-10,574.2,570.0,100.3,100,2021-11-11,1,上交所,多种价格（混合式）招标发行,在国债登记公司开立债券账户及在证券登记公司开立股票和基金账户的各类投资者,2021-11-03,2021年记账式附息(十五期)国债,2021
20450,21贴债53,2021-11-05,2021-11-05,500.0,500.0,98.91,100,2021-11-08,0,上交所,多种价格（混合式）招标发行,在国债登记公司开立债券账户及在证券登记公司开立股票和基金账户的各类投资者,2021-10-29,2021年记账式贴现(五十三期)国债,2021
20451,21贴债54,2021-11-05,2021-11-05,500.6,500.0,99.476,100,2021-11-08,0,上交所,多种价格（混合式）招标发行,在国债登记公司开立债券账户及在证券登记公司开立股票和基金账户的各类投资者,2021-11-04,2021年记账式贴现(五十四期)国债,2021
19660,21国债12,2021-11-03,2021-11-03,680.0,680.0,100.07,100,2021-11-04,2,上交所,多种价格（混合式）招标发行,在国债登记公司开立债券账户及在证券登记公司开立股票和基金账户的各类投资者,2021-11-08,2021年记账式附息(十二期)国债,2021
19661,21国债13,2021-11-03,2021-11-03,680.0,680.0,100.09,100,2021-11-04,1,上交所,多种价格（混合式）招标发行,在国债登记公司开立债券账户及在证券登记公司开立股票和基金账户的各类投资者,2021-10-27,2021年记账式附息(十三期)国债,2021
20449,21贴债52,2021-10-29,2021-10-29,500.0,500.0,99.467,100,2021-11-01,0,上交所,多种价格（混合式）招标发行,在国债登记公司开立债券账户及在证券登记公司开立股票和基金账户的各类投资者,2021-10-28,2021年记账式贴现(五十二期)国债,2021
19657,21国债09,2021-10-27,2021-10-27,350.8,350.0,101.96,100,2021-10-28,5,上交所,多种价格（混合式）招标发行,在国债登记公司开立债券账户及在证券登记公司开立股票和基金账户的各类投资者,2021-11-01,2021年记账式附息(九期)国债,2021
19664,21国债16,2021-10-27,2021-10-27,350.0,350.0,100.0,100,2021-10-28,0,上交所,多种价格（混合式）招标发行,在国债登记公司开立债券账户及在证券登记公司开立股票和基金账户的各类投资者,2021-10-20,2021年记账式附息(十六期)国债,2021
20447,21贴债50,2021-10-22,2021-10-22,500.0,500.0,98.922,100,2021-10-25,0,上交所,多种价格（混合式）招标发行,在国债登记公司开立债券账户及在证券登记公司开立股票和基金账户的各类投资者,2021-10-15,2021年记账式贴现(五十期)国债,2021
20448,21贴债51,2021-10-22,2021-10-22,200.0,200.0,99.509,100,2021-10-25,0,上交所,多种价格（混合式）招标发行,在国债登记公司开立债券账户及在证券登记公司开立股票和基金账户的各类投资者,2021-10-21,2021年记账式贴现(五十一期)国债,2021
19659,21国债11,2021-10-20,2021-10-20,671.9,670.0,99.96,100,2021-10-21,2,上交所,多种价格（混合式）招标发行,在国债登记公司开立债券账户及在证券登记公司开立股票和基金账户的各类投资者,2021-10-25,2021年记账式附息(十一期)国债,2021
19663,21国债15,2021-10-20,2021-10-20,672.9,670.0,100.0,100,2021-10-21,0,上交所,多种价格（混合式）招标发行,在国债登记公司开立债券账户及在证券登记公司开立股票和基金账户的各类投资者,2021-10-13,2021年记账式附息(十五期)国债,2021
19662,21国债14,2021-10-15,2021-10-15,260.0,260.0,100.0,100,2021-10-18,0,上交所,荷兰式招标发行,在国债登记公司开立债券账户及在证券登记公司开立股票和基金账户的各类投资者,2021-10-09,2021年记账式附息(十四期)国债,2021
20446,21贴债49,2021-10-15,2021-10-15,500.0,500.0,99.545,100,2021-10-18,0,上交所,多种价格（混合式）招标发行,在国债登记公司开立债券账户及在证券登记公司开立股票和基金账户的各类投资者,2021-10-14,2021年记账式贴现(四十九期)国债,2021
19660,21国债12,2021-10-13,2021-10-13,680.2,680.0,99.99,100,2021-10-14,1,上交所,多种价格（混合式）招标发行,在国债登记公司开立债券账户及在证券登记公司开立股票和基金账户的各类投资者,2021-10-18,2021年记账式附息(十二期)国债,2021
19661,21国债13,2021-10-13,2021-10-13,681.2,680.0,100.0,100,2021-10-14,0,上交所,多种价格（混合式）招标发行,在国债登记公司开立债券账户及在证券登记公司开立股票和基金账户的各类投资者,2021-09-30,2021年记账式附息(十三期)国债,2021
211709,21储蓄09,2021-10-19,2021-10-10,200.0,200.0,100.0,100,2021-10-20,0,银行间债券市场,其他,个人投资者,2021-09-29,2021年第九期储蓄国债(电子式),2021
211710,21储蓄10,2021-10-19,2021-10-10,200.0,200.0,100.0,100,2021-10-20,0,银行间债券市场,其他,个人投资者,2021-09-29,2021年第十期储蓄国债(电子式),2021
20445,21贴债48,2021-10-08,2021-10-08,500.0,500.0,98.947,100,2021-10-11,0,上交所,多种价格（混合式）招标发行,在国债登记公司开立债券账户及在证券登记公司开立股票和基金账户的各类投资者,2021-09-26,2021年记账式贴现(四十八期)国债,2021
20443,21贴债46,2021-09-24,2021-09-24,302.0,300.0,98.932,100,2021-09-27,0,上交所,多种价格（混合式）招标发行,在国债登记公司开立债券账户及在证券登记公司开立股票和基金账户的各类投资者,2021-09-16,2021年记账式贴现(四十六期)国债,2021
20444,21贴债47,2021-09-24,2021-09-24,153.4,150.0,99.56,100,2021-09-27,0,上交所,多种价格（混合式）招标发行,在国债登记公司开立债券账户及在证券登记公司开立股票和基金账户的各类投资者,2021-09-23,2021年记账式贴现(四十七期)国债,2021
19653,21国债05,2021-09-17,2021-09-17,200.0,200.0,107.24,100,2021-09-22,5,上交所,荷兰式招标发行,在国债登记公司开立债券账户及在证券登记公司开立股票和基金账户的各类投资者,2021-09-10,2021年记账式附息(五期)国债,2021
20442,21贴债45,2021-09-17,2021-09-17,151.0,150.0,99.527,100,2021-09-22,0,上交所,多种价格（混合式）招标发行,在国债登记公司开立债券账户及在证券登记公司开立股票和基金账户的各类投资者,2021-09-16,2021年记账式贴现(四十五期)国债,2021
19657,21国债09,2021-09-15,2021-09-15,570.3,570.0,102.35,100,2021-09-16,4,上交所,多种价格（混合式）招标发行,在国债登记公司开立债券账户及在证券登记公司开立股票和基金账户的各类投资者,2021-09-08,2021年记账式附息(九期)国债,2021
19658,21国债10,2021-09-15,2021-09-15,571.5,570.0,100.091,100,2021-09-16,2,上交所,多种价格（混合式）招标发行,在国债登记公司开立债券账户及在证券登记公司开立股票和基金账户的各类投资者,2021-09-08,2021年记账式附息(十期)国债,2021
19651,21国债03,2021-09-10,2021-09-10,260.0,260.0,106.67,100,2021-09-13,2,上交所,荷兰式招标发行,在国债登记公司开立债券账户及在证券登记公司开立股票和基金账户的各类投资者,2021-09-03,2021年记账式附息(三期)国债,2021
20441,21贴债44,2021-09-10,2021-09-10,302.1,300.0,99.525,100,2021-09-13,0,上交所,多种价格（混合式）招标发行,在国债登记公司开立债券账户及在证券登记公司开立股票和基金账户的各类投资者,2021-09-09,2021年记账式贴现(四十四期)国债,2021
19656,21国债08,2021-09-08,2021-09-08,580.0,580.0,101.0,100,2021-09-09,4,上交所,多种价格（混合式）招标发行,在国债登记公司开立债券账户及在证券登记公司开立股票和基金账户的各类投资者,2021-09-01,2021年记账式附息(八期)国债,2021
19659,21国债11,2021-09-08,2021-09-08,580.1,580.0,100.39,100,2021-09-09,1,上交所,多种价格（混合式）招标发行,在国债登记公司开立债券账户及在证券登记公司开立股票和基金账户的各类投资者,2021-09-01,2021年记账式附息(十一期)国债,2021
20439,21贴债42,2021-09-03,2021-09-03,450.0,450.0,98.95,100,2021-09-06,0,上交所,多种价格（混合式）招标发行,在国债登记公司开立债券账户及在证券登记公司开立股票和基金账户的各类投资者,2021-08-27,2021年记账式贴现(四十二期)国债,2021
20440,21贴债43,2021-09-03,2021-09-03,301.6,300.0,99.519,100,2021-09-06,0,上交所,多种价格（混合式）招标发行,在国债登记公司开立债券账户及在证券登记公司开立股票和基金账户的各类投资者,2021-09-02,2021年记账式贴现(四十三期)国债,2021
19655,21国债07,2021-09-01,2021-09-01,573.0,570.0,102.2,100,2021-09-02,4,上交所,多种价格（混合式）招标发行,在国债登记公司开立债券账户及在证券登记公司开立股票和基金账户的各类投资者,2021-08-25,2021年记账式附息(七期)国债,2021
19660,21国债12,2021-09-01,2021-09-01,580.0,580.0,100.0,100,2021-09-02,0,上交所,多种价格（混合式）招标发行,在国债登记公司开立债券账户及在证券登记公司开立股票和基金账户的各类投资者,2021-08-25,2021年记账式附息(十二期)国债,2021
20438,21贴债41,2021-08-27,2021-08-27,300.0,300.0,99.516,100,2021-08-30,0,上交所,多种价格（混合式）招标发行,在国债登记公司开立债券账户及在证券登记公司开立股票和基金账户的各类投资者,2021-08-26,2021年记账式贴现(四十一期)国债,2021
20436,21贴债39,2021-08-20,2021-08-20,450.0,450.0,99.033,100,2021-08-23,0,上交所,多种价格（混合式）招标发行,在国债登记公司开立债券账户及在证券登记公司开立股票和基金账户的各类投资者,2021-08-13,2021年记账式贴现(三十九期)国债,2021
20437,21贴债40,2021-08-20,2021-08-20,300.0,300.0,99.549,100,2021-08-23,0,上交所,多种价格（混合式）招标发行,在国债登记公司开立债券账户及在证券登记公司开立股票和基金账户的各类投资者,2021-08-19,2021年记账式贴现(四十期)国债,2021
19657,21国债09,2021-08-18,2021-08-18,641.4,640.0,102.25,100,2021-08-19,3,上交所,多种价格（混合式）招标发行,在国债登记公司开立债券账户及在证券登记公司开立股票和基金账户的各类投资者,2021-08-11,2021年记账式附息(九期)国债,2021
19658,21国债10,2021-08-18,2021-08-18,640.2,640.0,100.04,100,2021-08-19,1,上交所,多种价格（混合式）招标发行,在国债登记公司开立债券账户及在证券登记公司开立股票和基金账户的各类投资者,2021-08-11,2021年记账式附息(十期)国债,2021
19653,21国债05,2021-08-13,2021-08-13,260.0,260.0,106.62,100,2021-08-16,4,上交所,荷兰式招标发行,在国债登记公司开立债券账户及在证券登记公司开立股票和基金账户的各类投资者,2021-08-06,2021年记账式附息(五期)国债,2021
20435,21贴债38,2021-08-13,2021-08-13,302.0,300.0,99.559,100,2021-08-16,0,上交所,多种价格（混合式）招标发行,在国债登记公司开立债券账户及在证券登记公司开立股票和基金账户的各类投资者,2021-08-12,2021年记账式贴现(三十八期)国债,2021
19656,21国债08,2021-08-11,2021-08-11,650.7,650.0,100.78,100,2021-08-12,3,上交所,多种价格（混合式）招标发行,在国债登记公司开立债券账户及在证券登记公司开立股票和基金账户的各类投资者,2021-08-04,2021年记账式附息(八期)国债,2021
19659,21国债11,2021-08-11,2021-08-11,650.0,650.0,100.0,100,2021-08-12,0,上交所,多种价格（混合式）招标发行,在国债登记公司开立债券账户及在证券登记公司开立股票和基金账户的各类投资者,2021-08-04,2021年记账式附息(十一期)国债,2021
211707,21储蓄07,2021-08-19,2021-08-10,200.0,200.0,100.0,100,2021-08-20,0,银行间债券市场,其他,个人投资者,2021-08-04,2021年第七期储蓄国债(电子式),2021
211708,21储蓄08,2021-08-19,2021-08-10,200.0,200.0,100.0,100,2021-08-20,0,银行间债券市场,其他,个人投资者,2021-08-04,2021年第八期储蓄国债(电子式),2021
20433,21贴债36,2021-08-06,2021-08-06,451.5,450.0,99.034,100,2021-08-09,0,上交所,多种价格（混合式）招标发行,在国债登记公司开立债券账户及在证券登记公司开立股票和基金账户的各类投资者,2021-07-30,2021年记账式贴现(三十六期)国债,2021
20434,21贴债37,2021-08-06,2021-08-06,300.0,300.0,99.572,100,2021-08-09,0,上交所,多种价格（混合式）招标发行,在国债登记公司开立债券账户及在证券登记公司开立股票和基金账户的各类投资者,2021-08-05,2021年记账式贴现(三十七期)国债,2021
19652,21国债04,2021-08-04,2021-08-04,650.5,650.0,101.8,100,2021-08-05,4,上交所,多种价格（混合式）招标发行,在国债登记公司开立债券账户及在证券登记公司开立股票和基金账户的各类投资者,2021-07-28,2021年记账式附息(四期)国债,2021
19655,21国债07,2021-08-04,2021-08-04,650.2,650.0,101.95,100,2021-08-05,3,上交所,多种价格（混合式）招标发行,在国债登记公司开立债券账户及在证券登记公司开立股票和基金账户的各类投资者,2021-07-28,2021年记账式附息(七期)国债,2021
20432,21贴债35,2021-07-30,2021-07-30,200.7,200.0,99.592,100,2021-08-02,0,上交所,多种价格（混合式）招标发行,在国债登记公司开立债券账户及在证券登记公司开立股票和基金账户的各类投资者,2021-07-29,2021年记账式贴现(三十五期)国债,2021
20430,21贴债33,2021-07-23,2021-07-23,401.3,400.0,99.069,100,2021-07-26,0,上交所,多种价格（混合式）招标发行,在国债登记公司开立债券账户及在证券登记公司开立股票和基金账户的各类投资者,2021-07-16,2021年记账式贴现(三十三期)国债,2021
20431,21贴债34,2021-07-23,2021-07-23,200.7,200.0,99.578,100,2021-07-26,0,上交所,多种价格（混合式）招标发行,在国债登记公司开立债券账户及在证券登记公司开立股票和基金账户的各类投资者,2021-07-22,2021年记账式贴现(三十四期)国债,2021
19657,21国债09,2021-07-21,2021-07-21,700.5,700.0,101.46,100,2021-07-22,2,上交所,多种价格（混合式）招标发行,在国债登记公司开立债券账户及在证券登记公司开立股票和基金账户的各类投资者,2021-07-14,2021年记账式附息(九期)国债,2021
19658,21国债10,2021-07-21,2021-07-21,702.0,700.0,100.0,100,2021-07-22,0,上交所,多种价格（混合式）招标发行,在国债登记公司开立债券账户及在证券登记公司开立股票和基金账户的各类投资者,2021-07-14,2021年记账式附息(十期)国债,2021
20429,21贴债32,2021-07-16,2021-07-16,201.4,200.0,99.574,100,2021-07-19,0,上交所,多种价格（混合式）招标发行,在国债登记公司开立债券账户及在证券登记公司开立股票和基金账户的各类投资者,2021-07-15,2021年记账式贴现(三十二期)国债,2021
19650,21国债02,2021-07-14,2021-07-14,724.8,720.0,102.53,100,2021-07-15,4,上交所,多种价格（混合式）招标发行,在国债登记公司开立债券账户及在证券登记公司开立股票和基金账户的各类投资者,2021-07-07,2021年记账式附息(二期)国债,2021
19656,21国债08,2021-07-14,2021-07-14,720.0,720.0,100.62,100,2021-07-15,2,上交所,多种价格（混合式）招标发行,在国债登记公司开立债券账户及在证券登记公司开立股票和基金账户的各类投资者,2021-07-07,2021年记账式附息(八期)国债,2021
211705,21储蓄05,2021-07-19,2021-07-10,200.0,200.0,100.0,100,2021-07-20,0,银行间债券市场,其他,个人投资者,2021-07-06,2021年第五期储蓄国债(电子式),2021
211706,21储蓄06,2021-07-19,2021-07-10,200.0,200.0,100.0,100,2021-07-20,0,银行间债券市场,其他,个人投资者,2021-07-06,2021年第六期储蓄国债(电子式),2021
19653,21国债05,2021-07-09,2021-07-09,260.0,260.0,103.59,100,2021-07-12,3,上交所,荷兰式招标发行,在国债登记公司开立债券账户及在证券登记公司开立股票和基金账户的各类投资者,2021-07-02,2021年记账式附息(五期)国债,2021
20428,21贴债31,2021-07-09,2021-07-09,201.0,200.0,99.566,100,2021-07-12,0,上交所,多种价格（混合式）招标发行,在国债登记公司开立债券账户及在证券登记公司开立股票和基金账户的各类投资者,2021-07-08,2021年记账式贴现(三十一期)国债,2021
19652,21国债04,2021-07-07,2021-07-07,710.2,710.0,101.02,100,2021-07-08,3,上交所,多种价格（混合式）招标发行,在国债登记公司开立债券账户及在证券登记公司开立股票和基金账户的各类投资者,2021-06-30,2021年记账式附息(四期)国债,2021
19655,21国债07,2021-07-07,2021-07-07,710.0,710.0,100.13,100,2021-07-08,2,上交所,多种价格（混合式）招标发行,在国债登记公司开立债券账户及在证券登记公司开立股票和基金账户的各类投资者,2021-06-30,2021年记账式附息(七期)国债,2021
20427,21贴债30,2021-07-02,2021-07-02,200.0,200.0,99.548,100,2021-07-05,0,上交所,多种价格（混合式）招标发行,在国债登记公司开立债券账户及在证券登记公司开立股票和基金账户的各类投资者,2021-07-01,2021年记账式贴现(三十期)国债,2021
191706,北京2109,2021-06-28,2021-06-28,44.2224,44.2224,100.0,100,2021-06-29,0,深交所,荷兰式招标发行,,2021-06-21,2019年第六期储蓄国债(电子式),2021
191704,江苏2111,2021-06-25,2021-06-25,176.66,176.66,100.0,100,2021-06-28,0,深交所,荷兰式招标发行,,2021-06-18,2019年第四期储蓄国债(电子式),2021
191703,江苏2110,2021-06-25,2021-06-25,187.53,187.53,100.0,100,2021-06-28,0,深交所,荷兰式招标发行,,2021-06-18,2019年第三期储蓄国债(电子式),2021
191705,江苏2112,2021-06-25,2021-06-25,132.19,132.19,100.0,100,2021-06-28,0,深交所,荷兰式招标发行,,2021-06-18,2019年第五期储蓄国债(电子式),2021
20426,21贴债29,2021-06-25,2021-06-25,151.9,150.0,99.554,100,2021-06-28,0,上交所,多种价格（混合式）招标发行,在国债登记公司开立债券账户及在证券登记公司开立股票和基金账户的各类投资者,2021-06-24,2021年记账式贴现(二十九期)国债,2021
191701,新疆2118,2021-06-24,2021-06-24,11.2,11.2,100.0,100,2021-06-25,0,深交所,荷兰式招标发行,,2021-06-17,2019年第一期储蓄国债(电子式),2021
191702,新疆2119,2021-06-24,2021-06-24,36.3,36.3,100.0,100,2021-06-25,0,深交所,荷兰式招标发行,,2021-06-17,2019年第二期储蓄国债(电子式),2021
19651,21国债03,2021-06-18,2021-06-18,350.0,350.0,99.82,100,2021-06-21,1,上交所,荷兰式招标发行,在国债登记公司开立债券账户及在证券登记公司开立股票和基金账户的各类投资者,2021-06-10,2021年记账式附息(三期)国债,2021
20425,21贴债28,2021-06-18,2021-06-18,150.9,150.0,99.556,100,2021-06-21,0,上交所,多种价格（混合式）招标发行,在国债登记公司开立债券账户及在证券登记公司开立股票和基金账户的各类投资者,2021-06-17,2021年记账式贴现(二十八期)国债,2021
19654,21国债06,2021-06-16,2021-06-16,522.8,520.0,100.306,100,2021-06-17,2,上交所,多种价格（混合式）招标发行,在国债登记公司开立债券账户及在证券登记公司开立股票和基金账户的各类投资者,2021-06-08,2021年记账式附息(六期)国债,2021
19657,21国债09,2021-06-16,2021-06-16,521.5,520.0,99.47,100,2021-06-17,1,上交所,多种价格（混合式）招标发行,在国债登记公司开立债券账户及在证券登记公司开立股票和基金账户的各类投资者,2021-06-08,2021年记账式附息(九期)国债,2021
19653,21国债05,2021-06-11,2021-06-11,350.0,350.0,101.99,100,2021-06-15,2,上交所,荷兰式招标发行,在国债登记公司开立债券账户及在证券登记公司开立股票和基金账户的各类投资者,2021-06-04,2021年记账式附息(五期)国债,2021
20424,21贴债27,2021-06-11,2021-06-11,150.5,150.0,99.564,100,2021-06-15,0,上交所,多种价格（混合式）招标发行,在国债登记公司开立债券账户及在证券登记公司开立股票和基金账户的各类投资者,2021-06-10,2021年记账式贴现(二十七期)国债,2021
19650,21国债02,2021-06-09,2021-06-09,582.2,580.0,101.12,100,2021-06-10,3,上交所,多种价格（混合式）招标发行,在国债登记公司开立债券账户及在证券登记公司开立股票和基金账户的各类投资者,2021-06-02,2021年记账式附息(二期)国债,2021
19656,21国债08,2021-06-09,2021-06-09,580.0,580.0,99.92,100,2021-06-10,1,上交所,多种价格（混合式）招标发行,在国债登记公司开立债券账户及在证券登记公司开立股票和基金账户的各类投资者,2021-06-02,2021年记账式附息(八期)国债,2021
20422,21贴债25,2021-06-04,2021-06-04,151.0,150.0,99.028,100,2021-06-07,0,上交所,多种价格（混合式）招标发行,在国债登记公司开立债券账户及在证券登记公司开立股票和基金账户的各类投资者,2021-05-28,2021年记账式贴现(二十五期)国债,2021
20423,21贴债26,2021-06-04,2021-06-04,150.1,150.0,99.566,100,2021-06-07,0,上交所,多种价格（混合式）招标发行,在国债登记公司开立债券账户及在证券登记公司开立股票和基金账户的各类投资者,2021-06-03,2021年记账式贴现(二十六期)国债,2021
19652,21国债04,2021-06-02,2021-06-02,550.3,550.0,100.79,100,2021-06-03,2,上交所,多种价格（混合式）招标发行,在国债登记公司开立债券账户及在证券登记公司开立股票和基金账户的各类投资者,2021-05-26,2021年记账式附息(四期)国债,2021
19655,21国债07,2021-06-02,2021-06-02,552.9,550.0,100.16,100,2021-06-03,1,上交所,多种价格（混合式）招标发行,在国债登记公司开立债券账户及在证券登记公司开立股票和基金账户的各类投资者,2021-05-26,2021年记账式附息(七期)国债,2021
20421,21贴债24,2021-05-28,2021-05-28,151.8,150.0,99.558,100,2021-05-31,0,上交所,多种价格（混合式）招标发行,在国债登记公司开立债券账户及在证券登记公司开立股票和基金账户的各类投资者,2021-05-27,2021年记账式贴现(二十四期)国债,2021
19654,21国债06,2021-05-26,2021-05-26,400.0,400.0,100.318,100,2021-05-27,1,上交所,多种价格（混合式）招标发行,在国债登记公司开立债券账户及在证券登记公司开立股票和基金账户的各类投资者,2021-05-19,2021年记账式附息(六期)国债,2021
19657,21国债09,2021-05-26,2021-05-26,401.6,400.0,100.0,100,2021-05-27,0,上交所,多种价格（混合式）招标发行,在国债登记公司开立债券账户及在证券登记公司开立股票和基金账户的各类投资者,2021-05-19,2021年记账式附息(九期)国债,2021
20420,21贴债23,2021-05-21,2021-05-21,152.0,150.0,99.572,100,2021-05-24,0,上交所,多种价格（混合式）招标发行,在国债登记公司开立债券账户及在证券登记公司开立股票和基金账户的各类投资者,2021-05-20,2021年记账式贴现(二十三期)国债,2021
19650,21国债02,2021-05-19,2021-05-19,402.0,400.0,101.23,100,2021-05-20,2,上交所,多种价格（混合式）招标发行,在国债登记公司开立债券账户及在证券登记公司开立股票和基金账户的各类投资者,2021-05-12,2021年记账式附息(二期)国债,2021
19656,21国债08,2021-05-19,2021-05-19,403.8,400.0,100.0,100,2021-05-20,0,上交所,多种价格（混合式）招标发行,在国债登记公司开立债券账户及在证券登记公司开立股票和基金账户的各类投资者,2021-05-12,2021年记账式附息(八期)国债,2021
19653,21国债05,2021-05-14,2021-05-14,200.0,200.0,102.19,100,2021-05-17,1,上交所,荷兰式招标发行,在国债登记公司开立债券账户及在证券登记公司开立股票和基金账户的各类投资者,2021-05-08,2021年记账式附息(五期)国债,2021
20419,21贴债22,2021-05-14,2021-05-14,151.0,150.0,99.555,100,2021-05-17,0,上交所,多种价格（混合式）招标发行,在国债登记公司开立债券账户及在证券登记公司开立股票和基金账户的各类投资者,2021-05-13,2021年记账式贴现(二十二期)国债,2021
19652,21国债04,2021-05-12,2021-05-12,400.0,400.0,100.78,100,2021-05-13,1,上交所,多种价格（混合式）招标发行,在国债登记公司开立债券账户及在证券登记公司开立股票和基金账户的各类投资者,2021-05-06,2021年记账式附息(四期)国债,2021
19655,21国债07,2021-05-12,2021-05-12,401.2,400.0,100.0,100,2021-05-13,0,上交所,多种价格（混合式）招标发行,在国债登记公司开立债券账户及在证券登记公司开立股票和基金账户的各类投资者,2021-05-06,2021年记账式附息(七期)国债,2021
211703,21储蓄03,2021-05-19,2021-05-10,190.9553,200.0,100.0,100,2021-05-20,0,银行间债券市场,其他,个人投资者,2021-04-28,2021年第三期储蓄国债(电子式),2021
211704,21储蓄04,2021-05-19,2021-05-10,200.0,200.0,100.0,100,2021-05-20,0,银行间债券市场,其他,个人投资者,2021-04-28,2021年第四期储蓄国债(电子式),2021
20417,21贴债20,2021-05-07,2021-05-07,152.3,150.0,99.014,100,2021-05-10,0,上交所,多种价格（混合式）招标发行,在国债登记公司开立债券账户及在证券登记公司开立股票和基金账户的各类投资者,2021-04-27,2021年记账式贴现(二十期)国债,2021
20418,21贴债21,2021-05-07,2021-05-07,150.9,150.0,99.549,100,2021-05-10,0,上交所,多种价格（混合式）招标发行,在国债登记公司开立债券账户及在证券登记公司开立股票和基金账户的各类投资者,2021-05-06,2021年记账式贴现(二十一期)国债,2021
20416,21贴债19,2021-04-23,2021-04-23,153.0,150.0,99.541,100,2021-04-26,0,上交所,多种价格（混合式）招标发行,在国债登记公司开立债券账户及在证券登记公司开立股票和基金账户的各类投资者,2021-04-22,2021年记账式贴现(十九期)国债,2021
19646,20国债16,2021-04-21,2021-04-21,540.0,540.0,,100,2021-04-22,5,上交所,多种价格（混合式）招标发行,在国债登记公司开立债券账户及在证券登记公司开立股票和基金账户的各类投资者,2021-04-14,2020年记账式附息(十六期)国债,2021
19654,21国债06,2021-04-21,2021-04-21,541.7,540.0,100.0,100,2021-04-22,0,上交所,多种价格（混合式）招标发行,在国债登记公司开立债券账户及在证券登记公司开立股票和基金账户的各类投资者,2021-04-14,2021年记账式附息(六期)国债,2021
20415,21贴债18,2021-04-16,2021-04-16,151.0,150.0,99.52,100,2021-04-19,0,上交所,多种价格（混合式）招标发行,在国债登记公司开立债券账户及在证券登记公司开立股票和基金账户的各类投资者,2021-04-15,2021年记账式贴现(十八期)国债,2021
19648,20国债18,2021-04-14,2021-04-14,610.0,610.0,101.43,100,2021-04-15,5,上交所,多种价格（混合式）招标发行,在国债登记公司开立债券账户及在证券登记公司开立股票和基金账户的各类投资者,2021-04-07,2020年记账式附息(十八期)国债,2021
19650,21国债02,2021-04-14,2021-04-14,610.0,610.0,100.69,100,2021-04-15,1,上交所,多种价格（混合式）招标发行,在国债登记公司开立债券账户及在证券登记公司开立股票和基金账户的各类投资者,2021-04-07,2021年记账式附息(二期)国债,2021
211701,21储蓄01,2021-04-19,2021-04-10,200.0,200.0,100.0,100,2021-04-20,0,银行间债券市场,其他,个人投资者,2021-04-06,2021年第一期储蓄国债(电子式),2021
211702,21储蓄02,2021-04-19,2021-04-10,200.0,200.0,100.0,100,2021-04-20,0,银行间债券市场,其他,个人投资者,2021-04-06,2021年第二期储蓄国债(电子式),2021
19653,21国债05,2021-04-09,2021-04-09,350.0,350.0,100.0,100,2021-04-12,0,上交所,荷兰式招标发行,在国债登记公司开立债券账户及在证券登记公司开立股票和基金账户的各类投资者,2021-04-01,2021年记账式附息(五期)国债,2021
20414,21贴债17,2021-04-09,2021-04-09,150.7,150.0,99.524,100,2021-04-12,0,上交所,多种价格（混合式）招标发行,在国债登记公司开立债券账户及在证券登记公司开立股票和基金账户的各类投资者,2021-04-08,2021年记账式贴现(十七期)国债,2021
19647,20国债17,2021-04-07,2021-04-07,580.5,580.0,101.87,100,2021-04-08,4,上交所,多种价格（混合式）招标发行,在国债登记公司开立债券账户及在证券登记公司开立股票和基金账户的各类投资者,2021-03-30,2020年记账式附息(十七期)国债,2021
19652,21国债04,2021-04-07,2021-04-07,570.0,570.0,100.0,100,2021-04-08,0,上交所,多种价格（混合式）招标发行,在国债登记公司开立债券账户及在证券登记公司开立股票和基金账户的各类投资者,2021-03-30,2021年记账式附息(四期)国债,2021
20412,21贴债15,2021-04-02,2021-04-02,150.0,150.0,98.924,100,2021-04-06,0,上交所,多种价格（混合式）招标发行,在国债登记公司开立债券账户及在证券登记公司开立股票和基金账户的各类投资者,2021-03-26,2021年记账式贴现(十五期)国债,2021
20413,21贴债16,2021-04-02,2021-04-02,151.5,150.0,99.528,100,2021-04-06,0,上交所,多种价格（混合式）招标发行,在国债登记公司开立债券账户及在证券登记公司开立股票和基金账户的各类投资者,2021-04-01,2021年记账式贴现(十六期)国债,2021
19642,20国债12,2021-03-26,2021-03-26,300.0,300.0,102.03,100,2021-03-29,5,上交所,荷兰式招标发行,在国债登记公司开立债券账户及在证券登记公司开立股票和基金账户的各类投资者,2021-03-19,2020年记账式附息(十二期)国债,2021
20411,21贴债14,2021-03-26,2021-03-26,200.0,200.0,99.52,100,2021-03-29,0,上交所,多种价格（混合式）招标发行,在国债登记公司开立债券账户及在证券登记公司开立股票和基金账户的各类投资者,2021-03-25,2021年记账式贴现(十四期)国债,2021
19651,21国债03,2021-03-19,2021-03-19,300.0,300.0,100.0,100,2021-03-22,0,上交所,荷兰式招标发行,在国债登记公司开立债券账户及在证券登记公司开立股票和基金账户的各类投资者,2021-03-12,2021年记账式附息(三期)国债,2021
20410,21贴债13,2021-03-19,2021-03-19,200.0,200.0,99.516,100,2021-03-22,0,上交所,多种价格（混合式）招标发行,在国债登记公司开立债券账户及在证券登记公司开立股票和基金账户的各类投资者,2021-03-18,2021年记账式贴现(十三期)国债,2021
19646,20国债16,2021-03-17,2021-03-17,400.0,400.0,101.45,100,2021-03-18,4,上交所,多种价格（混合式）招标发行,在国债登记公司开立债券账户及在证券登记公司开立股票和基金账户的各类投资者,2021-03-10,2020年记账式附息(十六期)国债,2021
19649,21国债01,2021-03-17,2021-03-17,500.0,500.0,100.267,100,2021-03-18,2,上交所,多种价格（混合式）招标发行,在国债登记公司开立债券账户及在证券登记公司开立股票和基金账户的各类投资者,2021-03-10,2021年记账式附息(一期)国债,2021
20409,21贴债12,2021-03-12,2021-03-12,200.0,200.0,99.511,100,2021-03-15,0,上交所,多种价格（混合式）招标发行,在国债登记公司开立债券账户及在证券登记公司开立股票和基金账户的各类投资者,2021-03-11,2021年记账式贴现(十二期)国债,2021
19648,20国债18,2021-03-10,2021-03-10,500.0,500.0,100.95,100,2021-03-11,4,上交所,多种价格（混合式）招标发行,在国债登记公司开立债券账户及在证券登记公司开立股票和基金账户的各类投资者,2021-03-03,2020年记账式附息(十八期)国债,2021
19650,21国债02,2021-03-10,2021-03-10,500.0,500.0,100.0,100,2021-03-11,0,上交所,多种价格（混合式）招标发行,在国债登记公司开立债券账户及在证券登记公司开立股票和基金账户的各类投资者,2021-03-03,2021年记账式附息(二期)国债,2021
20407,21贴债10,2021-03-05,2021-03-05,200.0,200.0,98.921,100,2021-03-08,0,上交所,多种价格（混合式）招标发行,在国债登记公司开立债券账户及在证券登记公司开立股票和基金账户的各类投资者,2021-02-26,2021年记账式贴现(十期)国债,2021
20408,21贴债11,2021-03-05,2021-03-05,200.0,200.0,99.511,100,2021-03-08,0,上交所,多种价格（混合式）招标发行,在国债登记公司开立债券账户及在证券登记公司开立股票和基金账户的各类投资者,2021-03-04,2021年记账式贴现(十一期)国债,2021
19644,20国债14,2021-03-03,2021-03-03,570.0,570.0,101.03,100,2021-03-04,4,上交所,多种价格（混合式）招标发行,在国债登记公司开立债券账户及在证券登记公司开立股票和基金账户的各类投资者,2021-02-24,2020年记账式附息(十四期)国债,2021
19647,20国债17,2021-03-03,2021-03-03,570.0,570.0,101.36,100,2021-03-04,3,上交所,多种价格（混合式）招标发行,在国债登记公司开立债券账户及在证券登记公司开立股票和基金账户的各类投资者,2021-02-24,2020年记账式附息(十七期)国债,2021
20406,21贴债09,2021-02-26,2021-02-26,200.0,200.0,99.529,100,2021-03-01,0,上交所,多种价格（混合式）招标发行,在国债登记公司开立债券账户及在证券登记公司开立股票和基金账户的各类投资者,2021-02-25,2021年记账式贴现(九期)国债,2021
19643,20国债13,2021-02-24,2021-02-24,450.0,450.0,101.26,100,2021-02-25,4,上交所,多种价格（混合式）招标发行,在国债登记公司开立债券账户及在证券登记公司开立股票和基金账户的各类投资者,2021-02-18,2020年记账式附息(十三期)国债,2021
19646,20国债16,2021-02-24,2021-02-24,430.0,430.0,101.38,100,2021-02-25,3,上交所,多种价格（混合式）招标发行,在国债登记公司开立债券账户及在证券登记公司开立股票和基金账户的各类投资者,2021-02-18,2020年记账式附息(十六期)国债,2021
19648,20国债18,2021-02-24,2021-02-24,450.0,450.0,101.07,100,2021-02-25,3,上交所,多种价格（混合式）招标发行,在国债登记公司开立债券账户及在证券登记公司开立股票和基金账户的各类投资者,2021-02-18,2020年记账式附息(十八期)国债,2021
20405,21贴债08,2021-02-19,2021-02-19,200.0,200.0,99.515,100,2021-02-22,0,上交所,多种价格（混合式）招标发行,在国债登记公司开立债券账户及在证券登记公司开立股票和基金账户的各类投资者,2021-02-18,2021年记账式贴现(八期)国债,2021
20403,21贴债06,2021-02-05,2021-02-05,300.0,300.0,98.776,100,2021-02-08,0,上交所,多种价格（混合式）招标发行,在国债登记公司开立债券账户及在证券登记公司开立股票和基金账户的各类投资者,2021-01-29,2021年记账式贴现(六期)国债,2021
20404,21贴债07,2021-02-05,2021-02-05,200.0,200.0,99.411,100,2021-02-08,0,上交所,多种价格（混合式）招标发行,在国债登记公司开立债券账户及在证券登记公司开立股票和基金账户的各类投资者,2021-02-04,2021年记账式贴现(七期)国债,2021
19644,20国债14,2021-02-03,2021-02-03,500.0,500.0,100.86,100,2021-02-04,3,上交所,多种价格（混合式）招标发行,在国债登记公司开立债券账户及在证券登记公司开立股票和基金账户的各类投资者,2021-01-27,2020年记账式附息(十四期)国债,2021
19647,20国债17,2021-02-03,2021-02-03,500.0,500.0,101.32,100,2021-02-04,2,上交所,多种价格（混合式）招标发行,在国债登记公司开立债券账户及在证券登记公司开立股票和基金账户的各类投资者,2021-01-27,2020年记账式附息(十七期)国债,2021
19649,21国债01,2021-02-03,2021-02-03,500.0,500.0,99.915,100,2021-02-04,1,上交所,多种价格（混合式）招标发行,在国债登记公司开立债券账户及在证券登记公司开立股票和基金账户的各类投资者,2021-01-27,2021年记账式附息(一期)国债,2021
20402,21贴债05,2021-01-29,2021-01-29,200.0,200.0,99.34,100,2021-02-01,0,上交所,多种价格（混合式）招标发行,在国债登记公司开立债券账户及在证券登记公司开立股票和基金账户的各类投资者,2021-01-28,2021年记账式贴现(五期)国债,2021
20401,21贴债04,2021-01-22,2021-01-22,300.0,300.0,99.521,100,2021-01-25,0,上交所,多种价格（混合式）招标发行,在国债登记公司开立债券账户及在证券登记公司开立股票和基金账户的各类投资者,2021-01-21,2021年记账式贴现(四期)国债,2021
19646,20国债16,2021-01-20,2021-01-20,660.0,660.0,101.67,100,2021-01-21,2,上交所,多种价格（混合式）招标发行,在国债登记公司开立债券账户及在证券登记公司开立股票和基金账户的各类投资者,2021-01-13,2020年记账式附息(十六期)国债,2021
19649,21国债01,2021-01-20,2021-01-20,590.0,590.0,100.0,100,2021-01-21,0,上交所,多种价格（混合式）招标发行,在国债登记公司开立债券账户及在证券登记公司开立股票和基金账户的各类投资者,2021-01-13,2021年记账式附息(一期)国债,2021
19642,20国债12,2021-01-15,2021-01-15,400.0,400.0,102.96,100,2021-01-18,4,上交所,荷兰式招标发行,在国债登记公司开立债券账户及在证券登记公司开立股票和基金账户的各类投资者,2021-01-08,2020年记账式附息(十二期)国债,2021
20400,21贴债03,2021-01-15,2021-01-15,300.0,300.0,99.562,100,2021-01-18,0,上交所,多种价格（混合式）招标发行,在国债登记公司开立债券账户及在证券登记公司开立股票和基金账户的各类投资者,2021-01-14,2021年记账式贴现(三期)国债,2021
19643,20国债13,2021-01-13,2021-01-13,650.0,650.0,101.38,100,2021-01-14,3,上交所,多种价格（混合式）招标发行,在国债登记公司开立债券账户及在证券登记公司开立股票和基金账户的各类投资者,2021-01-06,2020年记账式附息(十三期)国债,2021
19648,20国债18,2021-01-13,2021-01-13,640.0,640.0,101.08,100,2021-01-14,2,上交所,多种价格（混合式）招标发行,在国债登记公司开立债券账户及在证券登记公司开立股票和基金账户的各类投资者,2021-01-06,2020年记账式附息(十八期)国债,2021
20398,21贴债01,2021-01-08,2021-01-08,300.0,300.0,98.971,100,2021-01-11,0,上交所,多种价格（混合式）招标发行,在国债登记公司开立债券账户及在证券登记公司开立股票和基金账户的各类投资者,2021-01-05,2021年记账式贴现(一期)国债,2021
20399,21贴债02,2021-01-08,2021-01-08,300.0,300.0,99.538,100,2021-01-11,0,上交所,多种价格（混合式）招标发行,在国债登记公司开立债券账户及在证券登记公司开立股票和基金账户的各类投资者,2021-01-07,2021年记账式贴现(二期)国债,2021
19644,20国债14,2021-01-06,2021-01-06,700.0,700.0,100.81,100,2021-01-07,2,上交所,多种价格（混合式）招标发行,在国债登记公司开立债券账户及在证券登记公司开立股票和基金账户的各类投资者,2020-12-31,2020年记账式附息(十四期)国债,2021
19647,20国债17,2021-01-06,2021-01-06,700.0,700.0,101.27,100,2021-01-07,1,上交所,多种价格（混合式）招标发行,在国债登记公司开立债券账户及在证券登记公司开立股票和基金账户的各类投资者,2020-12-31,2020年记账式附息(十七期)国债,2021
