record_date,expense_catg_desc,expense_group_desc,expense_type_desc,month_expense_amt,fytd_expense_amt
2026-03-31,INTEREST EXPENSE ON PUBLIC ISSUES,ACCRUED INTEREST EXPENSE,Treasury Notes,42179301126.00,240492291962.81
2026-03-31,INTEREST EXPENSE ON PUBLIC ISSUES,ACCRUED INTEREST EXPENSE,Treasury Bonds,15160184252.24,86193941519.77
2026-03-31,INTEREST EXPENSE ON PUBLIC ISSUES,ACCRUED INTEREST EXPENSE,Inflation Protected Securities (TIPS),2033804987.09,11607176824.12
2026-03-31,INTEREST EXPENSE ON PUBLIC ISSUES,ACCRUED INTEREST EXPENSE,Int. Expense Inflation Compensation (TIPS),7288681374.15,13993262105.63
2026-03-31,INTEREST EXPENSE ON PUBLIC ISSUES,ACCRUED INTEREST EXPENSE,Treasury Floating Rate Notes (FRN),2230246094.59,13188940870.49
2026-03-31,INTEREST EXPENSE ON PUBLIC ISSUES,ACCRUED INTEREST EXPENSE,Domestic Series - C/I's & Demand Deposits,1315743.69,13377371.57
2026-03-31,INTEREST EXPENSE ON PUBLIC ISSUES,ACCRUED INTEREST EXPENSE,"Foreign Series - C/I, Notes & Bonds",0.00,0.00
2026-03-31,INTEREST EXPENSE ON PUBLIC ISSUES,ACCRUED INTEREST EXPENSE,REA Series,0.00,0.00
2026-03-31,INTEREST EXPENSE ON PUBLIC ISSUES,ACCRUED INTEREST EXPENSE,"State & Local Government-C/I's, Notes & Bonds",215979530.93,1321930349.22
2026-03-31,INTEREST EXPENSE ON PUBLIC ISSUES,ACCRUED INTEREST EXPENSE,Matured Debt,0.00,0.00
2026-03-31,INTEREST EXPENSE ON PUBLIC ISSUES,AMORTIZED DISCOUNT,Treasury Bills,21294123807.86,127092871699.26
2026-03-31,INTEREST EXPENSE ON PUBLIC ISSUES,AMORTIZED DISCOUNT,Treasury Notes,941986956.52,5428562606.60
2026-03-31,INTEREST EXPENSE ON PUBLIC ISSUES,AMORTIZED DISCOUNT,Treasury Bonds,248224903.39,1428303963.70
2026-03-31,INTEREST EXPENSE ON PUBLIC ISSUES,AMORTIZED DISCOUNT,Treasury Inflation Protected Securities (TIPS),159292919.85,918203638.05
2026-03-31,INTEREST EXPENSE ON PUBLIC ISSUES,AMORTIZED DISCOUNT,Treasury Floating Rate Notes (FRN),5611202.97,33943323.26
2026-03-31,INTEREST EXPENSE ON PUBLIC ISSUES,AMORTIZED DISCOUNT,Domestic Series Bonds,49674710.17,285833474.92
2026-03-31,INTEREST EXPENSE ON PUBLIC ISSUES,AMORTIZED DISCOUNT,Foreign Series Bills,0.00,0.00
2026-03-31,INTEREST EXPENSE ON PUBLIC ISSUES,AMORTIZED DISCOUNT,Foreign Series Notes & Bonds,0.00,0.00
2026-03-31,INTEREST EXPENSE ON PUBLIC ISSUES,AMORTIZED PREMIUM,Treasury Notes,-140771173.72,-819186654.86
2026-03-31,INTEREST EXPENSE ON PUBLIC ISSUES,AMORTIZED PREMIUM,Treasury Bonds,-113071188.65,-657616125.59
2026-03-31,INTEREST EXPENSE ON PUBLIC ISSUES,AMORTIZED PREMIUM,Treasury Inflation Protected Securities (TIPS),-333890903.53,-1998515497.12
2026-03-31,INTEREST EXPENSE ON PUBLIC ISSUES,AMORTIZED PREMIUM,Treasury Floating Rate Notes (FRN),-4703055.46,-31750556.26
2026-03-31,INTEREST EXPENSE ON PUBLIC ISSUES,AMORTIZED PREMIUM,Foreign Series Notes & Bonds,0.00,0.00
2026-03-31,INTEREST EXPENSE ON PUBLIC ISSUES,SAVINGS BONDS,Series E and EE,82045409.90,514849718.36
2026-03-31,INTEREST EXPENSE ON PUBLIC ISSUES,SAVINGS BONDS,Series H and HH,0.00,-607.20
2026-03-31,INTEREST EXPENSE ON PUBLIC ISSUES,SAVINGS BONDS,Series I,297272381.07,1691828214.41
2026-03-31,INTEREST EXPENSE ON PUBLIC ISSUES,SAVINGS BONDS,Other,215450.54,1736384.67
2026-03-31,INTEREST EXPENSE ON PUBLIC ISSUES,MISCELLANEOUS INTEREST EXPENSE,Limited Payability,0.00,0.00
2026-03-31,INTEREST EXPENSE ON PUBLIC ISSUES,MISCELLANEOUS INTEREST EXPENSE,Recertified Agency Payments,0.00,0.00
2026-03-31,INTEREST EXPENSE ON GOVT ACCOUNT SERIES,CASH BASIS GAS PAYMENTS,Premium Collected on Issues,-63193575.85,-600665154.45
2026-03-31,INTEREST EXPENSE ON GOVT ACCOUNT SERIES,CASH BASIS GAS PAYMENTS,Premium Paid on Redemptions,0.00,12873777.10
2026-03-31,INTEREST EXPENSE ON GOVT ACCOUNT SERIES,CASH BASIS GAS PAYMENTS,Discount Collected on Redemptions,-3135.46,-16190261.44
2026-03-31,INTEREST EXPENSE ON GOVT ACCOUNT SERIES,CASH BASIS GAS PAYMENTS,Discount Deferred on Redemptions,853931703.18,6670873609.52
2026-03-31,INTEREST EXPENSE ON GOVT ACCOUNT SERIES,CASH BASIS GAS PAYMENTS,Accrued Interest Collected on Issues,-141208483.31,-1153551787.76
2026-03-31,INTEREST EXPENSE ON GOVT ACCOUNT SERIES,CASH BASIS GAS PAYMENTS,Interest Payments,3440425893.34,102479374664.68
2026-03-31,INTEREST EXPENSE ON GOVT ACCOUNT SERIES,CASH BASIS GAS PAYMENTS,Inflation Compensation,6565567056.89,12369416488.44
2026-03-31,INTEREST EXPENSE ON GOVT ACCOUNT SERIES,CASH BASIS GAS PAYMENTS,Restoration of Interest,0.00,443612949.17
2026-03-31,INTEREST EXPENSE ON GOVT ACCOUNT SERIES,ACCRUAL BASIS GAS EXPENSE,Zero Coupon Bonds Amortized Discount,393377084.52,2134360400.13
2026-02-28,INTEREST EXPENSE ON PUBLIC ISSUES,ACCRUED INTEREST EXPENSE,Treasury Notes,37760417857.71,198312990836.81
2026-02-28,INTEREST EXPENSE ON PUBLIC ISSUES,ACCRUED INTEREST EXPENSE,Treasury Bonds,13500566656.68,71033757267.53
2026-02-28,INTEREST EXPENSE ON PUBLIC ISSUES,ACCRUED INTEREST EXPENSE,Inflation Protected Securities (TIPS),2064637781.26,9573371837.03
2026-02-28,INTEREST EXPENSE ON PUBLIC ISSUES,ACCRUED INTEREST EXPENSE,Int. Expense Inflation Compensation (TIPS),-994045177.96,6704580731.48
2026-02-28,INTEREST EXPENSE ON PUBLIC ISSUES,ACCRUED INTEREST EXPENSE,Treasury Floating Rate Notes (FRN),1913490597.74,10958694775.90
2026-02-28,INTEREST EXPENSE ON PUBLIC ISSUES,ACCRUED INTEREST EXPENSE,Domestic Series - C/I's & Demand Deposits,1143197.23,12061627.88
2026-02-28,INTEREST EXPENSE ON PUBLIC ISSUES,ACCRUED INTEREST EXPENSE,"Foreign Series - C/I, Notes & Bonds",0.00,0.00
2026-02-28,INTEREST EXPENSE ON PUBLIC ISSUES,ACCRUED INTEREST EXPENSE,REA Series,0.00,0.00
2026-02-28,INTEREST EXPENSE ON PUBLIC ISSUES,ACCRUED INTEREST EXPENSE,"State & Local Government-C/I's, Notes & Bonds",182506022.33,1105950818.29
2026-02-28,INTEREST EXPENSE ON PUBLIC ISSUES,ACCRUED INTEREST EXPENSE,Matured Debt,0.00,0.00
2026-02-28,INTEREST EXPENSE ON PUBLIC ISSUES,AMORTIZED DISCOUNT,Treasury Bills,18989755645.04,105798747891.40
2026-02-28,INTEREST EXPENSE ON PUBLIC ISSUES,AMORTIZED DISCOUNT,Treasury Notes,850188934.08,4486575650.08
2026-02-28,INTEREST EXPENSE ON PUBLIC ISSUES,AMORTIZED DISCOUNT,Treasury Bonds,222935153.96,1180079060.31
2026-02-28,INTEREST EXPENSE ON PUBLIC ISSUES,AMORTIZED DISCOUNT,Treasury Inflation Protected Securities (TIPS),143341319.57,758910718.20
2026-02-28,INTEREST EXPENSE ON PUBLIC ISSUES,AMORTIZED DISCOUNT,Treasury Floating Rate Notes (FRN),4972653.46,28332120.29
2026-02-28,INTEREST EXPENSE ON PUBLIC ISSUES,AMORTIZED DISCOUNT,Domestic Series Bonds,44597113.55,236158764.75
2026-02-28,INTEREST EXPENSE ON PUBLIC ISSUES,AMORTIZED DISCOUNT,Foreign Series Bills,0.00,0.00
2026-02-28,INTEREST EXPENSE ON PUBLIC ISSUES,AMORTIZED DISCOUNT,Foreign Series Notes & Bonds,0.00,0.00
2026-02-28,INTEREST EXPENSE ON PUBLIC ISSUES,AMORTIZED PREMIUM,Treasury Notes,-126449975.41,-678415481.14
2026-02-28,INTEREST EXPENSE ON PUBLIC ISSUES,AMORTIZED PREMIUM,Treasury Bonds,-101789036.73,-544544936.94
2026-02-28,INTEREST EXPENSE ON PUBLIC ISSUES,AMORTIZED PREMIUM,Treasury Inflation Protected Securities (TIPS),-301717147.49,-1664624593.59
2026-02-28,INTEREST EXPENSE ON PUBLIC ISSUES,AMORTIZED PREMIUM,Treasury Floating Rate Notes (FRN),-4232653.80,-27047500.80
2026-02-28,INTEREST EXPENSE ON PUBLIC ISSUES,AMORTIZED PREMIUM,Foreign Series Notes & Bonds,0.00,0.00
2026-02-28,INTEREST EXPENSE ON PUBLIC ISSUES,SAVINGS BONDS,Series E and EE,81951270.08,432804308.46
2026-02-28,INTEREST EXPENSE ON PUBLIC ISSUES,SAVINGS BONDS,Series H and HH,-862.20,-607.20
2026-02-28,INTEREST EXPENSE ON PUBLIC ISSUES,SAVINGS BONDS,Series I,293288278.17,1394555833.34
2026-02-28,INTEREST EXPENSE ON PUBLIC ISSUES,SAVINGS BONDS,Other,155457.25,1520934.13
2026-02-28,INTEREST EXPENSE ON PUBLIC ISSUES,MISCELLANEOUS INTEREST EXPENSE,Limited Payability,0.00,0.00
2026-02-28,INTEREST EXPENSE ON PUBLIC ISSUES,MISCELLANEOUS INTEREST EXPENSE,Recertified Agency Payments,0.00,0.00
2026-02-28,INTEREST EXPENSE ON GOVT ACCOUNT SERIES,CASH BASIS GAS PAYMENTS,Premium Collected on Issues,-217300270.84,-537471578.60
2026-02-28,INTEREST EXPENSE ON GOVT ACCOUNT SERIES,CASH BASIS GAS PAYMENTS,Premium Paid on Redemptions,0.00,12873777.10
2026-02-28,INTEREST EXPENSE ON GOVT ACCOUNT SERIES,CASH BASIS GAS PAYMENTS,Discount Collected on Redemptions,0.00,-16187125.98
2026-02-28,INTEREST EXPENSE ON GOVT ACCOUNT SERIES,CASH BASIS GAS PAYMENTS,Discount Deferred on Redemptions,1160408063.12,5816941906.34
2026-02-28,INTEREST EXPENSE ON GOVT ACCOUNT SERIES,CASH BASIS GAS PAYMENTS,Accrued Interest Collected on Issues,-324984239.98,-1012343304.45
2026-02-28,INTEREST EXPENSE ON GOVT ACCOUNT SERIES,CASH BASIS GAS PAYMENTS,Interest Payments,18848424750.04,99038948771.34
2026-02-28,INTEREST EXPENSE ON GOVT ACCOUNT SERIES,CASH BASIS GAS PAYMENTS,Inflation Compensation,-861224525.70,5803849431.55
2026-02-28,INTEREST EXPENSE ON GOVT ACCOUNT SERIES,CASH BASIS GAS PAYMENTS,Restoration of Interest,0.00,443612949.17
2026-02-28,INTEREST EXPENSE ON GOVT ACCOUNT SERIES,ACCRUAL BASIS GAS EXPENSE,Zero Coupon Bonds Amortized Discount,352322770.04,1740983315.61
2026-01-31,INTEREST EXPENSE ON PUBLIC ISSUES,ACCRUED INTEREST EXPENSE,Treasury Notes,41264983343.89,160552572979.10
2026-01-31,INTEREST EXPENSE ON PUBLIC ISSUES,ACCRUED INTEREST EXPENSE,Treasury Bonds,14775462252.75,57533190610.85
2026-01-31,INTEREST EXPENSE ON PUBLIC ISSUES,ACCRUED INTEREST EXPENSE,Inflation Protected Securities (TIPS),1650817022.23,7508734055.77
2026-01-31,INTEREST EXPENSE ON PUBLIC ISSUES,ACCRUED INTEREST EXPENSE,Int. Expense Inflation Compensation (TIPS),-8670916311.12,7698625909.44
2026-01-31,INTEREST EXPENSE ON PUBLIC ISSUES,ACCRUED INTEREST EXPENSE,Treasury Floating Rate Notes (FRN),2266649566.06,9045204178.16
2026-01-31,INTEREST EXPENSE ON PUBLIC ISSUES,ACCRUED INTEREST EXPENSE,Domestic Series - C/I's & Demand Deposits,1212849.83,10918430.65
2026-01-31,INTEREST EXPENSE ON PUBLIC ISSUES,ACCRUED INTEREST EXPENSE,"Foreign Series - C/I, Notes & Bonds",0.00,0.00
2026-01-31,INTEREST EXPENSE ON PUBLIC ISSUES,ACCRUED INTEREST EXPENSE,REA Series,0.00,0.00
2026-01-31,INTEREST EXPENSE ON PUBLIC ISSUES,ACCRUED INTEREST EXPENSE,"State & Local Government-C/I's, Notes & Bonds",216919833.62,923444795.96
2026-01-31,INTEREST EXPENSE ON PUBLIC ISSUES,ACCRUED INTEREST EXPENSE,Matured Debt,0.00,0.00
2026-01-31,INTEREST EXPENSE ON PUBLIC ISSUES,AMORTIZED DISCOUNT,Treasury Bills,20793052858.51,86808992246.36
2026-01-31,INTEREST EXPENSE ON PUBLIC ISSUES,AMORTIZED DISCOUNT,Treasury Notes,937826014.78,3636386716.00
2026-01-31,INTEREST EXPENSE ON PUBLIC ISSUES,AMORTIZED DISCOUNT,Treasury Bonds,244220586.13,957143906.35
2026-01-31,INTEREST EXPENSE ON PUBLIC ISSUES,AMORTIZED DISCOUNT,Treasury Inflation Protected Securities (TIPS),159296031.59,615569398.63
2026-01-31,INTEREST EXPENSE ON PUBLIC ISSUES,AMORTIZED DISCOUNT,Treasury Floating Rate Notes (FRN),5307188.59,23359466.83
2026-01-31,INTEREST EXPENSE ON PUBLIC ISSUES,AMORTIZED DISCOUNT,Domestic Series Bonds,48905211.43,191561651.20
2026-01-31,INTEREST EXPENSE ON PUBLIC ISSUES,AMORTIZED DISCOUNT,Foreign Series Bills,0.00,0.00
2026-01-31,INTEREST EXPENSE ON PUBLIC ISSUES,AMORTIZED DISCOUNT,Foreign Series Notes & Bonds,0.00,0.00
2026-01-31,INTEREST EXPENSE ON PUBLIC ISSUES,AMORTIZED PREMIUM,Treasury Notes,-139226811.12,-551965505.73
2026-01-31,INTEREST EXPENSE ON PUBLIC ISSUES,AMORTIZED PREMIUM,Treasury Bonds,-112469127.51,-442755900.21
2026-01-31,INTEREST EXPENSE ON PUBLIC ISSUES,AMORTIZED PREMIUM,Treasury Inflation Protected Securities (TIPS),-336247093.48,-1362907446.10
2026-01-31,INTEREST EXPENSE ON PUBLIC ISSUES,AMORTIZED PREMIUM,Treasury Floating Rate Notes (FRN),-6722549.17,-22814847.00
2026-01-31,INTEREST EXPENSE ON PUBLIC ISSUES,AMORTIZED PREMIUM,Foreign Series Notes & Bonds,0.00,0.00
2026-01-31,INTEREST EXPENSE ON PUBLIC ISSUES,SAVINGS BONDS,Series E and EE,86060896.74,350853038.38
2026-01-31,INTEREST EXPENSE ON PUBLIC ISSUES,SAVINGS BONDS,Series H and HH,0.00,255.00
2026-01-31,INTEREST EXPENSE ON PUBLIC ISSUES,SAVINGS BONDS,Series I,285182674.97,1101267555.17
2026-01-31,INTEREST EXPENSE ON PUBLIC ISSUES,SAVINGS BONDS,Other,176128.46,1365476.88
2026-01-31,INTEREST EXPENSE ON PUBLIC ISSUES,MISCELLANEOUS INTEREST EXPENSE,Limited Payability,0.00,0.00
2026-01-31,INTEREST EXPENSE ON PUBLIC ISSUES,MISCELLANEOUS INTEREST EXPENSE,Recertified Agency Payments,0.00,0.00
2026-01-31,INTEREST EXPENSE ON GOVT ACCOUNT SERIES,CASH BASIS GAS PAYMENTS,Premium Collected on Issues,-165780326.28,-320171307.76
2026-01-31,INTEREST EXPENSE ON GOVT ACCOUNT SERIES,CASH BASIS GAS PAYMENTS,Premium Paid on Redemptions,0.00,12873777.10
2026-01-31,INTEREST EXPENSE ON GOVT ACCOUNT SERIES,CASH BASIS GAS PAYMENTS,Discount Collected on Redemptions,0.00,-16187125.98
2026-01-31,INTEREST EXPENSE ON GOVT ACCOUNT SERIES,CASH BASIS GAS PAYMENTS,Discount Deferred on Redemptions,1836405592.54,4656533843.22
2026-01-31,INTEREST EXPENSE ON GOVT ACCOUNT SERIES,CASH BASIS GAS PAYMENTS,Accrued Interest Collected on Issues,-124402386.16,-687359064.47
2026-01-31,INTEREST EXPENSE ON GOVT ACCOUNT SERIES,CASH BASIS GAS PAYMENTS,Interest Payments,3942941076.84,80190524021.30
2026-01-31,INTEREST EXPENSE ON GOVT ACCOUNT SERIES,CASH BASIS GAS PAYMENTS,Inflation Compensation,-7458504903.34,6665073957.25
2026-01-31,INTEREST EXPENSE ON GOVT ACCOUNT SERIES,CASH BASIS GAS PAYMENTS,Restoration of Interest,0.00,443612949.17
2026-01-31,INTEREST EXPENSE ON GOVT ACCOUNT SERIES,ACCRUAL BASIS GAS EXPENSE,Zero Coupon Bonds Amortized Discount,387012982.41,1388660545.57
2025-12-31,INTEREST EXPENSE ON PUBLIC ISSUES,ACCRUED INTEREST EXPENSE,Treasury Notes,40650966145.29,119287589635.21
2025-12-31,INTEREST EXPENSE ON PUBLIC ISSUES,ACCRUED INTEREST EXPENSE,Treasury Bonds,14625950672.79,42757728358.10
2025-12-31,INTEREST EXPENSE ON PUBLIC ISSUES,ACCRUED INTEREST EXPENSE,Inflation Protected Securities (TIPS),1440216950.31,5857917033.54
2025-12-31,INTEREST EXPENSE ON PUBLIC ISSUES,ACCRUED INTEREST EXPENSE,Int. Expense Inflation Compensation (TIPS),5571113515.04,16369542220.56
2025-12-31,INTEREST EXPENSE ON PUBLIC ISSUES,ACCRUED INTEREST EXPENSE,Treasury Floating Rate Notes (FRN),2234593507.84,6778554612.10
2025-12-31,INTEREST EXPENSE ON PUBLIC ISSUES,ACCRUED INTEREST EXPENSE,Domestic Series - C/I's & Demand Deposits,1850940.21,9705580.82
2025-12-31,INTEREST EXPENSE ON PUBLIC ISSUES,ACCRUED INTEREST EXPENSE,"Foreign Series - C/I, Notes & Bonds",0.00,0.00
2025-12-31,INTEREST EXPENSE ON PUBLIC ISSUES,ACCRUED INTEREST EXPENSE,REA Series,0.00,0.00
2025-12-31,INTEREST EXPENSE ON PUBLIC ISSUES,ACCRUED INTEREST EXPENSE,"State & Local Government-C/I's, Notes & Bonds",232392593.45,706524962.34
2025-12-31,INTEREST EXPENSE ON PUBLIC ISSUES,ACCRUED INTEREST EXPENSE,Matured Debt,0.00,0.00
2025-12-31,INTEREST EXPENSE ON PUBLIC ISSUES,AMORTIZED DISCOUNT,Treasury Bills,21850461497.12,66015939387.85
2025-12-31,INTEREST EXPENSE ON PUBLIC ISSUES,AMORTIZED DISCOUNT,Treasury Notes,917204123.45,2698560701.22
2025-12-31,INTEREST EXPENSE ON PUBLIC ISSUES,AMORTIZED DISCOUNT,Treasury Bonds,241848380.98,712923320.22
2025-12-31,INTEREST EXPENSE ON PUBLIC ISSUES,AMORTIZED DISCOUNT,Treasury Inflation Protected Securities (TIPS),154284179.91,456273367.04
2025-12-31,INTEREST EXPENSE ON PUBLIC ISSUES,AMORTIZED DISCOUNT,Treasury Floating Rate Notes (FRN),5280069.89,18052278.24
2025-12-31,INTEREST EXPENSE ON PUBLIC ISSUES,AMORTIZED DISCOUNT,Domestic Series Bonds,48388300.61,142656439.77
2025-12-31,INTEREST EXPENSE ON PUBLIC ISSUES,AMORTIZED DISCOUNT,Foreign Series Bills,0.00,0.00
2025-12-31,INTEREST EXPENSE ON PUBLIC ISSUES,AMORTIZED DISCOUNT,Foreign Series Notes & Bonds,0.00,0.00
2025-12-31,INTEREST EXPENSE ON PUBLIC ISSUES,AMORTIZED PREMIUM,Treasury Notes,-138940103.42,-412738694.61
2025-12-31,INTEREST EXPENSE ON PUBLIC ISSUES,AMORTIZED PREMIUM,Treasury Bonds,-112675828.51,-330286772.70
2025-12-31,INTEREST EXPENSE ON PUBLIC ISSUES,AMORTIZED PREMIUM,Treasury Inflation Protected Securities (TIPS),-339084245.61,-1026660352.62
2025-12-31,INTEREST EXPENSE ON PUBLIC ISSUES,AMORTIZED PREMIUM,Treasury Floating Rate Notes (FRN),-5875183.95,-16092297.83
2025-12-31,INTEREST EXPENSE ON PUBLIC ISSUES,AMORTIZED PREMIUM,Foreign Series Notes & Bonds,0.00,0.00
2025-12-31,INTEREST EXPENSE ON PUBLIC ISSUES,SAVINGS BONDS,Series E and EE,94909052.63,264792141.64
2025-12-31,INTEREST EXPENSE ON PUBLIC ISSUES,SAVINGS BONDS,Series H and HH,0.00,255.00
2025-12-31,INTEREST EXPENSE ON PUBLIC ISSUES,SAVINGS BONDS,Series I,280977718.85,816084880.20
2025-12-31,INTEREST EXPENSE ON PUBLIC ISSUES,SAVINGS BONDS,Other,607020.68,1189348.42
2025-12-31,INTEREST EXPENSE ON PUBLIC ISSUES,MISCELLANEOUS INTEREST EXPENSE,Limited Payability,0.00,0.00
2025-12-31,INTEREST EXPENSE ON PUBLIC ISSUES,MISCELLANEOUS INTEREST EXPENSE,Recertified Agency Payments,0.00,0.00
2025-12-31,INTEREST EXPENSE ON GOVT ACCOUNT SERIES,CASH BASIS GAS PAYMENTS,Premium Collected on Issues,-95094199.99,-154390981.48
2025-12-31,INTEREST EXPENSE ON GOVT ACCOUNT SERIES,CASH BASIS GAS PAYMENTS,Premium Paid on Redemptions,0.00,12873777.10
2025-12-31,INTEREST EXPENSE ON GOVT ACCOUNT SERIES,CASH BASIS GAS PAYMENTS,Discount Collected on Redemptions,-124.32,-16187125.98
2025-12-31,INTEREST EXPENSE ON GOVT ACCOUNT SERIES,CASH BASIS GAS PAYMENTS,Discount Deferred on Redemptions,928351154.93,2820128250.68
2025-12-31,INTEREST EXPENSE ON GOVT ACCOUNT SERIES,CASH BASIS GAS PAYMENTS,Accrued Interest Collected on Issues,-157829938.24,-562956678.31
2025-12-31,INTEREST EXPENSE ON GOVT ACCOUNT SERIES,CASH BASIS GAS PAYMENTS,Interest Payments,60334574295.10,76247582944.46
2025-12-31,INTEREST EXPENSE ON GOVT ACCOUNT SERIES,CASH BASIS GAS PAYMENTS,Inflation Compensation,4774454952.46,14123578860.59
2025-12-31,INTEREST EXPENSE ON GOVT ACCOUNT SERIES,CASH BASIS GAS PAYMENTS,Restoration of Interest,443612949.17,443612949.17
2025-12-31,INTEREST EXPENSE ON GOVT ACCOUNT SERIES,ACCRUAL BASIS GAS EXPENSE,Zero Coupon Bonds Amortized Discount,383345344.17,1001647563.16
2025-11-30,INTEREST EXPENSE ON PUBLIC ISSUES,ACCRUED INTEREST EXPENSE,Treasury Notes,38918149239.10,78636623489.92
2025-11-30,INTEREST EXPENSE ON PUBLIC ISSUES,ACCRUED INTEREST EXPENSE,Treasury Bonds,13932991186.04,28131777685.31
2025-11-30,INTEREST EXPENSE ON PUBLIC ISSUES,ACCRUED INTEREST EXPENSE,Inflation Protected Securities (TIPS),2477535402.34,4417700083.23
2025-11-30,INTEREST EXPENSE ON PUBLIC ISSUES,ACCRUED INTEREST EXPENSE,Int. Expense Inflation Compensation (TIPS),4950053832.58,10798428705.52
2025-11-30,INTEREST EXPENSE ON PUBLIC ISSUES,ACCRUED INTEREST EXPENSE,Treasury Floating Rate Notes (FRN),2150186689.08,4543961104.26
2025-11-30,INTEREST EXPENSE ON PUBLIC ISSUES,ACCRUED INTEREST EXPENSE,Domestic Series - C/I's & Demand Deposits,3349323.76,7854640.61
2025-11-30,INTEREST EXPENSE ON PUBLIC ISSUES,ACCRUED INTEREST EXPENSE,"Foreign Series - C/I, Notes & Bonds",0.00,0.00
2025-11-30,INTEREST EXPENSE ON PUBLIC ISSUES,ACCRUED INTEREST EXPENSE,REA Series,0.00,0.00
2025-11-30,INTEREST EXPENSE ON PUBLIC ISSUES,ACCRUED INTEREST EXPENSE,"State & Local Government-C/I's, Notes & Bonds",225766801.12,474132368.89
2025-11-30,INTEREST EXPENSE ON PUBLIC ISSUES,ACCRUED INTEREST EXPENSE,Matured Debt,0.00,0.00
2025-11-30,INTEREST EXPENSE ON PUBLIC ISSUES,AMORTIZED DISCOUNT,Treasury Bills,21763100845.89,44165477890.73
2025-11-30,INTEREST EXPENSE ON PUBLIC ISSUES,AMORTIZED DISCOUNT,Treasury Notes,875039645.38,1781356577.77
2025-11-30,INTEREST EXPENSE ON PUBLIC ISSUES,AMORTIZED DISCOUNT,Treasury Bonds,232208918.44,471074939.24
2025-11-30,INTEREST EXPENSE ON PUBLIC ISSUES,AMORTIZED DISCOUNT,Treasury Inflation Protected Securities (TIPS),149278609.56,301989187.13
2025-11-30,INTEREST EXPENSE ON PUBLIC ISSUES,AMORTIZED DISCOUNT,Treasury Floating Rate Notes (FRN),5089505.73,12772208.35
2025-11-30,INTEREST EXPENSE ON PUBLIC ISSUES,AMORTIZED DISCOUNT,Domestic Series Bonds,46537912.29,94268139.16
2025-11-30,INTEREST EXPENSE ON PUBLIC ISSUES,AMORTIZED DISCOUNT,Foreign Series Bills,0.00,0.00
2025-11-30,INTEREST EXPENSE ON PUBLIC ISSUES,AMORTIZED DISCOUNT,Foreign Series Notes & Bonds,0.00,0.00
2025-11-30,INTEREST EXPENSE ON PUBLIC ISSUES,AMORTIZED PREMIUM,Treasury Notes,-134984320.49,-273798591.19
2025-11-30,INTEREST EXPENSE ON PUBLIC ISSUES,AMORTIZED PREMIUM,Treasury Bonds,-108339374.63,-217610944.19
2025-11-30,INTEREST EXPENSE ON PUBLIC ISSUES,AMORTIZED PREMIUM,Treasury Inflation Protected Securities (TIPS),-328011723.18,-687576107.01
2025-11-30,INTEREST EXPENSE ON PUBLIC ISSUES,AMORTIZED PREMIUM,Treasury Floating Rate Notes (FRN),-5057935.87,-10217113.88
2025-11-30,INTEREST EXPENSE ON PUBLIC ISSUES,AMORTIZED PREMIUM,Foreign Series Notes & Bonds,0.00,0.00
2025-11-30,INTEREST EXPENSE ON PUBLIC ISSUES,SAVINGS BONDS,Series E and EE,88348835.37,169883089.01
2025-11-30,INTEREST EXPENSE ON PUBLIC ISSUES,SAVINGS BONDS,Series H and HH,255.00,255.00
2025-11-30,INTEREST EXPENSE ON PUBLIC ISSUES,SAVINGS BONDS,Series I,276048277.76,535107161.35
2025-11-30,INTEREST EXPENSE ON PUBLIC ISSUES,SAVINGS BONDS,Other,130209.90,582327.74
2025-11-30,INTEREST EXPENSE ON PUBLIC ISSUES,MISCELLANEOUS INTEREST EXPENSE,Limited Payability,0.00,0.00
2025-11-30,INTEREST EXPENSE ON PUBLIC ISSUES,MISCELLANEOUS INTEREST EXPENSE,Recertified Agency Payments,0.00,0.00
2025-11-30,INTEREST EXPENSE ON GOVT ACCOUNT SERIES,CASH BASIS GAS PAYMENTS,Premium Collected on Issues,-35023232.93,-59296781.49
2025-11-30,INTEREST EXPENSE ON GOVT ACCOUNT SERIES,CASH BASIS GAS PAYMENTS,Premium Paid on Redemptions,0.00,12873777.10
2025-11-30,INTEREST EXPENSE ON GOVT ACCOUNT SERIES,CASH BASIS GAS PAYMENTS,Discount Collected on Redemptions,-16185192.88,-16187001.66
2025-11-30,INTEREST EXPENSE ON GOVT ACCOUNT SERIES,CASH BASIS GAS PAYMENTS,Discount Deferred on Redemptions,960724447.93,1891777095.75
2025-11-30,INTEREST EXPENSE ON GOVT ACCOUNT SERIES,CASH BASIS GAS PAYMENTS,Accrued Interest Collected on Issues,-88727727.17,-405126740.07
2025-11-30,INTEREST EXPENSE ON GOVT ACCOUNT SERIES,CASH BASIS GAS PAYMENTS,Interest Payments,5313249716.97,15913008649.36
2025-11-30,INTEREST EXPENSE ON GOVT ACCOUNT SERIES,CASH BASIS GAS PAYMENTS,Inflation Compensation,4281956610.44,9349123908.13
2025-11-30,INTEREST EXPENSE ON GOVT ACCOUNT SERIES,CASH BASIS GAS PAYMENTS,Restoration of Interest,0.00,0.00
2025-11-30,INTEREST EXPENSE ON GOVT ACCOUNT SERIES,ACCRUAL BASIS GAS EXPENSE,Zero Coupon Bonds Amortized Discount,321235375.90,618302218.99
2025-10-31,INTEREST EXPENSE ON PUBLIC ISSUES,ACCRUED INTEREST EXPENSE,Treasury Notes,39718474250.82,39718474250.82
2025-10-31,INTEREST EXPENSE ON PUBLIC ISSUES,ACCRUED INTEREST EXPENSE,Treasury Bonds,14198786499.27,14198786499.27
2025-10-31,INTEREST EXPENSE ON PUBLIC ISSUES,ACCRUED INTEREST EXPENSE,Inflation Protected Securities (TIPS),1940164680.89,1940164680.89
2025-10-31,INTEREST EXPENSE ON PUBLIC ISSUES,ACCRUED INTEREST EXPENSE,Int. Expense Inflation Compensation (TIPS),5848374872.94,5848374872.94
2025-10-31,INTEREST EXPENSE ON PUBLIC ISSUES,ACCRUED INTEREST EXPENSE,Treasury Floating Rate Notes (FRN),2393774415.18,2393774415.18
2025-10-31,INTEREST EXPENSE ON PUBLIC ISSUES,ACCRUED INTEREST EXPENSE,Domestic Series - C/I's & Demand Deposits,4505316.85,4505316.85
2025-10-31,INTEREST EXPENSE ON PUBLIC ISSUES,ACCRUED INTEREST EXPENSE,"Foreign Series - C/I, Notes & Bonds",0.00,0.00
2025-10-31,INTEREST EXPENSE ON PUBLIC ISSUES,ACCRUED INTEREST EXPENSE,REA Series,0.00,0.00
2025-10-31,INTEREST EXPENSE ON PUBLIC ISSUES,ACCRUED INTEREST EXPENSE,"State & Local Government-C/I's, Notes & Bonds",248365567.77,248365567.77
2025-10-31,INTEREST EXPENSE ON PUBLIC ISSUES,ACCRUED INTEREST EXPENSE,Matured Debt,0.00,0.00
2025-10-31,INTEREST EXPENSE ON PUBLIC ISSUES,AMORTIZED DISCOUNT,Treasury Bills,22402377044.84,22402377044.84
2025-10-31,INTEREST EXPENSE ON PUBLIC ISSUES,AMORTIZED DISCOUNT,Treasury Notes,906316932.39,906316932.39
2025-10-31,INTEREST EXPENSE ON PUBLIC ISSUES,AMORTIZED DISCOUNT,Treasury Bonds,238866020.80,238866020.80
2025-10-31,INTEREST EXPENSE ON PUBLIC ISSUES,AMORTIZED DISCOUNT,Treasury Inflation Protected Securities (TIPS),152710577.57,152710577.57
2025-10-31,INTEREST EXPENSE ON PUBLIC ISSUES,AMORTIZED DISCOUNT,Treasury Floating Rate Notes (FRN),7682702.62,7682702.62
2025-10-31,INTEREST EXPENSE ON PUBLIC ISSUES,AMORTIZED DISCOUNT,Domestic Series Bonds,47730226.87,47730226.87
2025-10-31,INTEREST EXPENSE ON PUBLIC ISSUES,AMORTIZED DISCOUNT,Foreign Series Bills,0.00,0.00
2025-10-31,INTEREST EXPENSE ON PUBLIC ISSUES,AMORTIZED DISCOUNT,Foreign Series Notes & Bonds,0.00,0.00
2025-10-31,INTEREST EXPENSE ON PUBLIC ISSUES,AMORTIZED PREMIUM,Treasury Notes,-138814270.70,-138814270.70
2025-10-31,INTEREST EXPENSE ON PUBLIC ISSUES,AMORTIZED PREMIUM,Treasury Bonds,-109271569.56,-109271569.56
2025-10-31,INTEREST EXPENSE ON PUBLIC ISSUES,AMORTIZED PREMIUM,Treasury Inflation Protected Securities (TIPS),-359564383.83,-359564383.83
2025-10-31,INTEREST EXPENSE ON PUBLIC ISSUES,AMORTIZED PREMIUM,Treasury Floating Rate Notes (FRN),-5159178.01,-5159178.01
2025-10-31,INTEREST EXPENSE ON PUBLIC ISSUES,AMORTIZED PREMIUM,Foreign Series Notes & Bonds,0.00,0.00
2025-10-31,INTEREST EXPENSE ON PUBLIC ISSUES,SAVINGS BONDS,Series E and EE,81534253.64,81534253.64
2025-10-31,INTEREST EXPENSE ON PUBLIC ISSUES,SAVINGS BONDS,Series H and HH,0.00,0.00
2025-10-31,INTEREST EXPENSE ON PUBLIC ISSUES,SAVINGS BONDS,Series I,259058883.59,259058883.59
2025-10-31,INTEREST EXPENSE ON PUBLIC ISSUES,SAVINGS BONDS,Other,452117.84,452117.84
2025-10-31,INTEREST EXPENSE ON PUBLIC ISSUES,MISCELLANEOUS INTEREST EXPENSE,Limited Payability,0.00,0.00
2025-10-31,INTEREST EXPENSE ON PUBLIC ISSUES,MISCELLANEOUS INTEREST EXPENSE,Recertified Agency Payments,0.00,0.00
2025-10-31,INTEREST EXPENSE ON GOVT ACCOUNT SERIES,CASH BASIS GAS PAYMENTS,Premium Collected on Issues,-24273548.56,-24273548.56
2025-10-31,INTEREST EXPENSE ON GOVT ACCOUNT SERIES,CASH BASIS GAS PAYMENTS,Premium Paid on Redemptions,12873777.10,12873777.10
2025-10-31,INTEREST EXPENSE ON GOVT ACCOUNT SERIES,CASH BASIS GAS PAYMENTS,Discount Collected on Redemptions,-1808.78,-1808.78
2025-10-31,INTEREST EXPENSE ON GOVT ACCOUNT SERIES,CASH BASIS GAS PAYMENTS,Discount Deferred on Redemptions,931052647.82,931052647.82
2025-10-31,INTEREST EXPENSE ON GOVT ACCOUNT SERIES,CASH BASIS GAS PAYMENTS,Accrued Interest Collected on Issues,-316399012.90,-316399012.90
2025-10-31,INTEREST EXPENSE ON GOVT ACCOUNT SERIES,CASH BASIS GAS PAYMENTS,Interest Payments,10599758932.39,10599758932.39
2025-10-31,INTEREST EXPENSE ON GOVT ACCOUNT SERIES,CASH BASIS GAS PAYMENTS,Inflation Compensation,5067167297.69,5067167297.69
2025-10-31,INTEREST EXPENSE ON GOVT ACCOUNT SERIES,CASH BASIS GAS PAYMENTS,Restoration of Interest,0.00,0.00
2025-10-31,INTEREST EXPENSE ON GOVT ACCOUNT SERIES,ACCRUAL BASIS GAS EXPENSE,Zero Coupon Bonds Amortized Discount,297066843.09,297066843.09
2025-09-30,INTEREST EXPENSE ON PUBLIC ISSUES,ACCRUED INTEREST EXPENSE,Treasury Notes,37902183496.65,424922055437.11
2025-09-30,INTEREST EXPENSE ON PUBLIC ISSUES,ACCRUED INTEREST EXPENSE,Treasury Bonds,13605213279.35,157274505177.90
2025-09-30,INTEREST EXPENSE ON PUBLIC ISSUES,ACCRUED INTEREST EXPENSE,Inflation Protected Securities (TIPS),1211129161.15,20845728614.05
2025-09-30,INTEREST EXPENSE ON PUBLIC ISSUES,ACCRUED INTEREST EXPENSE,Int. Expense Inflation Compensation (TIPS),3690663647.76,54299127869.31
2025-09-30,INTEREST EXPENSE ON PUBLIC ISSUES,ACCRUED INTEREST EXPENSE,Treasury Floating Rate Notes (FRN),2308550612.36,28537482204.64
2025-09-30,INTEREST EXPENSE ON PUBLIC ISSUES,ACCRUED INTEREST EXPENSE,Domestic Series - C/I's & Demand Deposits,4852968.64,97852413.35
2025-09-30,INTEREST EXPENSE ON PUBLIC ISSUES,ACCRUED INTEREST EXPENSE,"Foreign Series - C/I, Notes & Bonds",0.00,0.00
2025-09-30,INTEREST EXPENSE ON PUBLIC ISSUES,ACCRUED INTEREST EXPENSE,REA Series,0.00,0.00
2025-09-30,INTEREST EXPENSE ON PUBLIC ISSUES,ACCRUED INTEREST EXPENSE,"State & Local Government-C/I's, Notes & Bonds",250825504.86,3260277184.62
2025-09-30,INTEREST EXPENSE ON PUBLIC ISSUES,ACCRUED INTEREST EXPENSE,Matured Debt,0.00,0.00
2025-09-30,INTEREST EXPENSE ON PUBLIC ISSUES,AMORTIZED DISCOUNT,Treasury Bills,22057736923.49,271740756767.31
2025-09-30,INTEREST EXPENSE ON PUBLIC ISSUES,AMORTIZED DISCOUNT,Treasury Notes,867113815.35,10380790960.07
2025-09-30,INTEREST EXPENSE ON PUBLIC ISSUES,AMORTIZED DISCOUNT,Treasury Bonds,231012838.16,2758862791.75
2025-09-30,INTEREST EXPENSE ON PUBLIC ISSUES,AMORTIZED DISCOUNT,Treasury Inflation Protected Securities (TIPS),147603734.29,1790715274.94
2025-09-30,INTEREST EXPENSE ON PUBLIC ISSUES,AMORTIZED DISCOUNT,Treasury Floating Rate Notes (FRN),6728477.65,92483632.43
2025-09-30,INTEREST EXPENSE ON PUBLIC ISSUES,AMORTIZED DISCOUNT,Domestic Series Bonds,45833340.38,541925565.22
2025-09-30,INTEREST EXPENSE ON PUBLIC ISSUES,AMORTIZED DISCOUNT,Foreign Series Bills,0.00,0.00
2025-09-30,INTEREST EXPENSE ON PUBLIC ISSUES,AMORTIZED DISCOUNT,Foreign Series Notes & Bonds,0.00,0.00
2025-09-30,INTEREST EXPENSE ON PUBLIC ISSUES,AMORTIZED PREMIUM,Treasury Notes,-130363001.61,-1504437617.05
2025-09-30,INTEREST EXPENSE ON PUBLIC ISSUES,AMORTIZED PREMIUM,Treasury Bonds,-104154849.82,-1261691213.49
2025-09-30,INTEREST EXPENSE ON PUBLIC ISSUES,AMORTIZED PREMIUM,Treasury Inflation Protected Securities (TIPS),-370173743.12,-4687089062.68
2025-09-30,INTEREST EXPENSE ON PUBLIC ISSUES,AMORTIZED PREMIUM,Treasury Floating Rate Notes (FRN),-4972030.91,-58441346.14
2025-09-30,INTEREST EXPENSE ON PUBLIC ISSUES,AMORTIZED PREMIUM,Foreign Series Notes & Bonds,0.00,0.00
2025-09-30,INTEREST EXPENSE ON PUBLIC ISSUES,SAVINGS BONDS,Series E and EE,81197530.71,1362546644.34
2025-09-30,INTEREST EXPENSE ON PUBLIC ISSUES,SAVINGS BONDS,Series H and HH,-1650.00,-728.75
2025-09-30,INTEREST EXPENSE ON PUBLIC ISSUES,SAVINGS BONDS,Series I,250151625.04,3276688670.54
2025-09-30,INTEREST EXPENSE ON PUBLIC ISSUES,SAVINGS BONDS,Other,201038.04,2984716.37
2025-09-30,INTEREST EXPENSE ON PUBLIC ISSUES,MISCELLANEOUS INTEREST EXPENSE,Limited Payability,0.00,0.00
2025-09-30,INTEREST EXPENSE ON PUBLIC ISSUES,MISCELLANEOUS INTEREST EXPENSE,Recertified Agency Payments,0.00,0.00
2025-09-30,INTEREST EXPENSE ON GOVT ACCOUNT SERIES,CASH BASIS GAS PAYMENTS,Premium Collected on Issues,-93499075.36,-9475922594.29
2025-09-30,INTEREST EXPENSE ON GOVT ACCOUNT SERIES,CASH BASIS GAS PAYMENTS,Premium Paid on Redemptions,0.00,10479962.50
2025-09-30,INTEREST EXPENSE ON GOVT ACCOUNT SERIES,CASH BASIS GAS PAYMENTS,Discount Collected on Redemptions,-10397419.33,-1160289345.34
2025-09-30,INTEREST EXPENSE ON GOVT ACCOUNT SERIES,CASH BASIS GAS PAYMENTS,Discount Deferred on Redemptions,2153560792.30,14336311288.08
2025-09-30,INTEREST EXPENSE ON GOVT ACCOUNT SERIES,CASH BASIS GAS PAYMENTS,Accrued Interest Collected on Issues,-120238463.97,-1972195329.28
2025-09-30,INTEREST EXPENSE ON GOVT ACCOUNT SERIES,CASH BASIS GAS PAYMENTS,Interest Payments,4012496765.85,192665756447.63
2025-09-30,INTEREST EXPENSE ON GOVT ACCOUNT SERIES,CASH BASIS GAS PAYMENTS,Inflation Compensation,2990753635.26,44178198816.94
2025-09-30,INTEREST EXPENSE ON GOVT ACCOUNT SERIES,CASH BASIS GAS PAYMENTS,Restoration of Interest,0.00,4411452875.92
2025-09-30,INTEREST EXPENSE ON GOVT ACCOUNT SERIES,ACCRUAL BASIS GAS EXPENSE,Zero Coupon Bonds Amortized Discount,285647292.74,3358366552.31
2025-08-31,INTEREST EXPENSE ON PUBLIC ISSUES,ACCRUED INTEREST EXPENSE,Treasury Notes,38667995684.93,387019871940.46
2025-08-31,INTEREST EXPENSE ON PUBLIC ISSUES,ACCRUED INTEREST EXPENSE,Treasury Bonds,13978362304.57,143669291898.55
2025-08-31,INTEREST EXPENSE ON PUBLIC ISSUES,ACCRUED INTEREST EXPENSE,Inflation Protected Securities (TIPS),2515978110.10,19634599452.90
2025-08-31,INTEREST EXPENSE ON PUBLIC ISSUES,ACCRUED INTEREST EXPENSE,Int. Expense Inflation Compensation (TIPS),6464598495.11,50608464221.55
2025-08-31,INTEREST EXPENSE ON PUBLIC ISSUES,ACCRUED INTEREST EXPENSE,Treasury Floating Rate Notes (FRN),2395364962.25,26228931592.28
2025-08-31,INTEREST EXPENSE ON PUBLIC ISSUES,ACCRUED INTEREST EXPENSE,Domestic Series - C/I's & Demand Deposits,4641690.18,92999444.71
2025-08-31,INTEREST EXPENSE ON PUBLIC ISSUES,ACCRUED INTEREST EXPENSE,"Foreign Series - C/I, Notes & Bonds",0.00,0.00
2025-08-31,INTEREST EXPENSE ON PUBLIC ISSUES,ACCRUED INTEREST EXPENSE,REA Series,0.00,0.00
2025-08-31,INTEREST EXPENSE ON PUBLIC ISSUES,ACCRUED INTEREST EXPENSE,"State & Local Government-C/I's, Notes & Bonds",243470539.04,3009451679.76
2025-08-31,INTEREST EXPENSE ON PUBLIC ISSUES,ACCRUED INTEREST EXPENSE,Matured Debt,0.00,0.00
2025-08-31,INTEREST EXPENSE ON PUBLIC ISSUES,AMORTIZED DISCOUNT,Treasury Bills,22239206555.95,249683019843.82
2025-08-31,INTEREST EXPENSE ON PUBLIC ISSUES,AMORTIZED DISCOUNT,Treasury Notes,895439512.87,9513677144.72
2025-08-31,INTEREST EXPENSE ON PUBLIC ISSUES,AMORTIZED DISCOUNT,Treasury Bonds,239416589.25,2527849953.59
2025-08-31,INTEREST EXPENSE ON PUBLIC ISSUES,AMORTIZED DISCOUNT,Treasury Inflation Protected Securities (TIPS),151862822.37,1643111540.65
2025-08-31,INTEREST EXPENSE ON PUBLIC ISSUES,AMORTIZED DISCOUNT,Treasury Floating Rate Notes (FRN),6029714.19,85755154.78
2025-08-31,INTEREST EXPENSE ON PUBLIC ISSUES,AMORTIZED DISCOUNT,Domestic Series Bonds,47069211.18,496092224.84
2025-08-31,INTEREST EXPENSE ON PUBLIC ISSUES,AMORTIZED DISCOUNT,Foreign Series Bills,0.00,0.00
2025-08-31,INTEREST EXPENSE ON PUBLIC ISSUES,AMORTIZED DISCOUNT,Foreign Series Notes & Bonds,0.00,0.00
2025-08-31,INTEREST EXPENSE ON PUBLIC ISSUES,AMORTIZED PREMIUM,Treasury Notes,-132282844.63,-1374074615.44
2025-08-31,INTEREST EXPENSE ON PUBLIC ISSUES,AMORTIZED PREMIUM,Treasury Bonds,-107636257.08,-1157536363.67
2025-08-31,INTEREST EXPENSE ON PUBLIC ISSUES,AMORTIZED PREMIUM,Treasury Inflation Protected Securities (TIPS),-383060418.21,-4316915319.56
2025-08-31,INTEREST EXPENSE ON PUBLIC ISSUES,AMORTIZED PREMIUM,Treasury Floating Rate Notes (FRN),-5116442.67,-53469315.23
2025-08-31,INTEREST EXPENSE ON PUBLIC ISSUES,AMORTIZED PREMIUM,Foreign Series Notes & Bonds,0.00,0.00
2025-08-31,INTEREST EXPENSE ON PUBLIC ISSUES,SAVINGS BONDS,Series E and EE,80914424.13,1281349113.63
2025-08-31,INTEREST EXPENSE ON PUBLIC ISSUES,SAVINGS BONDS,Series H and HH,0.00,921.25
2025-08-31,INTEREST EXPENSE ON PUBLIC ISSUES,SAVINGS BONDS,Series I,239936716.04,3026537045.50
2025-08-31,INTEREST EXPENSE ON PUBLIC ISSUES,SAVINGS BONDS,Other,126706.86,2783678.33
2025-08-31,INTEREST EXPENSE ON PUBLIC ISSUES,MISCELLANEOUS INTEREST EXPENSE,Limited Payability,0.00,0.00
2025-08-31,INTEREST EXPENSE ON PUBLIC ISSUES,MISCELLANEOUS INTEREST EXPENSE,Recertified Agency Payments,0.00,0.00
2025-08-31,INTEREST EXPENSE ON GOVT ACCOUNT SERIES,CASH BASIS GAS PAYMENTS,Premium Collected on Issues,-54108819.54,-9382423518.93
2025-08-31,INTEREST EXPENSE ON GOVT ACCOUNT SERIES,CASH BASIS GAS PAYMENTS,Premium Paid on Redemptions,0.00,10479962.50
2025-08-31,INTEREST EXPENSE ON GOVT ACCOUNT SERIES,CASH BASIS GAS PAYMENTS,Discount Collected on Redemptions,-1207775.46,-1149891926.01
2025-08-31,INTEREST EXPENSE ON GOVT ACCOUNT SERIES,CASH BASIS GAS PAYMENTS,Discount Deferred on Redemptions,960761323.17,12182750495.78
2025-08-31,INTEREST EXPENSE ON GOVT ACCOUNT SERIES,CASH BASIS GAS PAYMENTS,Accrued Interest Collected on Issues,-79749605.96,-1851956865.31
2025-08-31,INTEREST EXPENSE ON GOVT ACCOUNT SERIES,CASH BASIS GAS PAYMENTS,Interest Payments,17556355144.86,188653259681.78
2025-08-31,INTEREST EXPENSE ON GOVT ACCOUNT SERIES,CASH BASIS GAS PAYMENTS,Inflation Compensation,5247404614.72,41187445181.68
2025-08-31,INTEREST EXPENSE ON GOVT ACCOUNT SERIES,CASH BASIS GAS PAYMENTS,Restoration of Interest,0.00,4411452875.92
2025-08-31,INTEREST EXPENSE ON GOVT ACCOUNT SERIES,ACCRUAL BASIS GAS EXPENSE,Zero Coupon Bonds Amortized Discount,294446014.30,3072719259.57
2025-07-31,INTEREST EXPENSE ON PUBLIC ISSUES,ACCRUED INTEREST EXPENSE,Treasury Notes,38172051342.71,348351876255.53
2025-07-31,INTEREST EXPENSE ON PUBLIC ISSUES,ACCRUED INTEREST EXPENSE,Treasury Bonds,13902220257.51,129690929593.98
2025-07-31,INTEREST EXPENSE ON PUBLIC ISSUES,ACCRUED INTEREST EXPENSE,Inflation Protected Securities (TIPS),1863921626.26,17118621342.80
2025-07-31,INTEREST EXPENSE ON PUBLIC ISSUES,ACCRUED INTEREST EXPENSE,Int. Expense Inflation Compensation (TIPS),4361688456.85,44143865726.44
2025-07-31,INTEREST EXPENSE ON PUBLIC ISSUES,ACCRUED INTEREST EXPENSE,Treasury Floating Rate Notes (FRN),2582947461.32,23833566630.03
2025-07-31,INTEREST EXPENSE ON PUBLIC ISSUES,ACCRUED INTEREST EXPENSE,Domestic Series - C/I's & Demand Deposits,5373292.72,88357754.53
2025-07-31,INTEREST EXPENSE ON PUBLIC ISSUES,ACCRUED INTEREST EXPENSE,"Foreign Series - C/I, Notes & Bonds",0.00,0.00
2025-07-31,INTEREST EXPENSE ON PUBLIC ISSUES,ACCRUED INTEREST EXPENSE,REA Series,0.00,0.00
2025-07-31,INTEREST EXPENSE ON PUBLIC ISSUES,ACCRUED INTEREST EXPENSE,"State & Local Government-C/I's, Notes & Bonds",253696010.87,2765981140.72
2025-07-31,INTEREST EXPENSE ON PUBLIC ISSUES,ACCRUED INTEREST EXPENSE,Matured Debt,0.00,0.00
2025-07-31,INTEREST EXPENSE ON PUBLIC ISSUES,AMORTIZED DISCOUNT,Treasury Bills,20998770378.52,227443813287.87
2025-07-31,INTEREST EXPENSE ON PUBLIC ISSUES,AMORTIZED DISCOUNT,Treasury Notes,896042438.84,8618237631.85
2025-07-31,INTEREST EXPENSE ON PUBLIC ISSUES,AMORTIZED DISCOUNT,Treasury Bonds,239882055.35,2288433364.34
2025-07-31,INTEREST EXPENSE ON PUBLIC ISSUES,AMORTIZED DISCOUNT,Treasury Inflation Protected Securities (TIPS),154131217.52,1491248718.28
2025-07-31,INTEREST EXPENSE ON PUBLIC ISSUES,AMORTIZED DISCOUNT,Treasury Floating Rate Notes (FRN),7884885.63,79725440.59
2025-07-31,INTEREST EXPENSE ON PUBLIC ISSUES,AMORTIZED DISCOUNT,Domestic Series Bonds,46940772.60,449023013.66
2025-07-31,INTEREST EXPENSE ON PUBLIC ISSUES,AMORTIZED DISCOUNT,Foreign Series Bills,0.00,0.00
2025-07-31,INTEREST EXPENSE ON PUBLIC ISSUES,AMORTIZED DISCOUNT,Foreign Series Notes & Bonds,0.00,0.00
2025-07-31,INTEREST EXPENSE ON PUBLIC ISSUES,AMORTIZED PREMIUM,Treasury Notes,-132483296.80,-1241791770.81
2025-07-31,INTEREST EXPENSE ON PUBLIC ISSUES,AMORTIZED PREMIUM,Treasury Bonds,-107429212.82,-1049900106.59
2025-07-31,INTEREST EXPENSE ON PUBLIC ISSUES,AMORTIZED PREMIUM,Treasury Inflation Protected Securities (TIPS),-385059803.43,-3933854901.35
2025-07-31,INTEREST EXPENSE ON PUBLIC ISSUES,AMORTIZED PREMIUM,Treasury Floating Rate Notes (FRN),-5094862.08,-48352872.56
2025-07-31,INTEREST EXPENSE ON PUBLIC ISSUES,AMORTIZED PREMIUM,Foreign Series Notes & Bonds,0.00,0.00
2025-07-31,INTEREST EXPENSE ON PUBLIC ISSUES,SAVINGS BONDS,Series E and EE,81966350.76,1200434689.50
2025-07-31,INTEREST EXPENSE ON PUBLIC ISSUES,SAVINGS BONDS,Series H and HH,-438.75,921.25
2025-07-31,INTEREST EXPENSE ON PUBLIC ISSUES,SAVINGS BONDS,Series I,241645893.95,2786600329.46
2025-07-31,INTEREST EXPENSE ON PUBLIC ISSUES,SAVINGS BONDS,Other,169846.41,2656971.47
2025-07-31,INTEREST EXPENSE ON PUBLIC ISSUES,MISCELLANEOUS INTEREST EXPENSE,Limited Payability,0.00,0.00
2025-07-31,INTEREST EXPENSE ON PUBLIC ISSUES,MISCELLANEOUS INTEREST EXPENSE,Recertified Agency Payments,0.00,0.00
2025-07-31,INTEREST EXPENSE ON GOVT ACCOUNT SERIES,CASH BASIS GAS PAYMENTS,Premium Collected on Issues,-24056394.64,-9328314699.39
2025-07-31,INTEREST EXPENSE ON GOVT ACCOUNT SERIES,CASH BASIS GAS PAYMENTS,Premium Paid on Redemptions,0.00,10479962.50
2025-07-31,INTEREST EXPENSE ON GOVT ACCOUNT SERIES,CASH BASIS GAS PAYMENTS,Discount Collected on Redemptions,-1367029.76,-1148684150.55
2025-07-31,INTEREST EXPENSE ON GOVT ACCOUNT SERIES,CASH BASIS GAS PAYMENTS,Discount Deferred on Redemptions,953439621.55,11221989172.61
2025-07-31,INTEREST EXPENSE ON GOVT ACCOUNT SERIES,CASH BASIS GAS PAYMENTS,Accrued Interest Collected on Issues,-124341380.85,-1772207259.35
2025-07-31,INTEREST EXPENSE ON GOVT ACCOUNT SERIES,CASH BASIS GAS PAYMENTS,Interest Payments,4097685862.13,171096904536.92
2025-07-31,INTEREST EXPENSE ON GOVT ACCOUNT SERIES,CASH BASIS GAS PAYMENTS,Inflation Compensation,3537071595.15,35940040566.96
2025-07-31,INTEREST EXPENSE ON GOVT ACCOUNT SERIES,CASH BASIS GAS PAYMENTS,Restoration of Interest,4411452875.92,4411452875.92
2025-07-31,INTEREST EXPENSE ON GOVT ACCOUNT SERIES,ACCRUAL BASIS GAS EXPENSE,Zero Coupon Bonds Amortized Discount,295220702.53,2778273245.27
2025-06-30,INTEREST EXPENSE ON PUBLIC ISSUES,ACCRUED INTEREST EXPENSE,Treasury Notes,36347721408.26,310179824912.82
2025-06-30,INTEREST EXPENSE ON PUBLIC ISSUES,ACCRUED INTEREST EXPENSE,Treasury Bonds,13299755455.46,115788709336.47
2025-06-30,INTEREST EXPENSE ON PUBLIC ISSUES,ACCRUED INTEREST EXPENSE,Inflation Protected Securities (TIPS),1403761756.57,15254699716.54
2025-06-30,INTEREST EXPENSE ON PUBLIC ISSUES,ACCRUED INTEREST EXPENSE,Int. Expense Inflation Compensation (TIPS),6469198146.42,39782177269.59
2025-06-30,INTEREST EXPENSE ON PUBLIC ISSUES,ACCRUED INTEREST EXPENSE,Treasury Floating Rate Notes (FRN),2409603252.81,21250619168.71
2025-06-30,INTEREST EXPENSE ON PUBLIC ISSUES,ACCRUED INTEREST EXPENSE,Domestic Series - C/I's & Demand Deposits,5773283.70,82984461.81
2025-06-30,INTEREST EXPENSE ON PUBLIC ISSUES,ACCRUED INTEREST EXPENSE,"Foreign Series - C/I, Notes & Bonds",0.00,0.00
2025-06-30,INTEREST EXPENSE ON PUBLIC ISSUES,ACCRUED INTEREST EXPENSE,REA Series,0.00,0.00
2025-06-30,INTEREST EXPENSE ON PUBLIC ISSUES,ACCRUED INTEREST EXPENSE,"State & Local Government-C/I's, Notes & Bonds",250839971.13,2512285129.85
2025-06-30,INTEREST EXPENSE ON PUBLIC ISSUES,ACCRUED INTEREST EXPENSE,Matured Debt,0.00,0.00
2025-06-30,INTEREST EXPENSE ON PUBLIC ISSUES,AMORTIZED DISCOUNT,Treasury Bills,20527558435.40,206445042909.35
2025-06-30,INTEREST EXPENSE ON PUBLIC ISSUES,AMORTIZED DISCOUNT,Treasury Notes,867311219.42,7722195193.01
2025-06-30,INTEREST EXPENSE ON PUBLIC ISSUES,AMORTIZED DISCOUNT,Treasury Bonds,231034740.47,2048551308.99
2025-06-30,INTEREST EXPENSE ON PUBLIC ISSUES,AMORTIZED DISCOUNT,Treasury Inflation Protected Securities (TIPS),153201848.74,1337117500.76
2025-06-30,INTEREST EXPENSE ON PUBLIC ISSUES,AMORTIZED DISCOUNT,Treasury Floating Rate Notes (FRN),7659749.05,71840554.96
2025-06-30,INTEREST EXPENSE ON PUBLIC ISSUES,AMORTIZED DISCOUNT,Domestic Series Bonds,45339951.21,402082241.06
2025-06-30,INTEREST EXPENSE ON PUBLIC ISSUES,AMORTIZED DISCOUNT,Foreign Series Bills,0.00,0.00
2025-06-30,INTEREST EXPENSE ON PUBLIC ISSUES,AMORTIZED DISCOUNT,Foreign Series Notes & Bonds,0.00,0.00
2025-06-30,INTEREST EXPENSE ON PUBLIC ISSUES,AMORTIZED PREMIUM,Treasury Notes,-127959224.46,-1109308474.01
2025-06-30,INTEREST EXPENSE ON PUBLIC ISSUES,AMORTIZED PREMIUM,Treasury Bonds,-103486352.60,-942470893.77
2025-06-30,INTEREST EXPENSE ON PUBLIC ISSUES,AMORTIZED PREMIUM,Treasury Inflation Protected Securities (TIPS),-374505775.67,-3548795097.92
2025-06-30,INTEREST EXPENSE ON PUBLIC ISSUES,AMORTIZED PREMIUM,Treasury Floating Rate Notes (FRN),-4885582.04,-43258010.48
2025-06-30,INTEREST EXPENSE ON PUBLIC ISSUES,AMORTIZED PREMIUM,Foreign Series Notes & Bonds,0.00,0.00
2025-06-30,INTEREST EXPENSE ON PUBLIC ISSUES,SAVINGS BONDS,Series E and EE,83564609.26,1118468338.74
2025-06-30,INTEREST EXPENSE ON PUBLIC ISSUES,SAVINGS BONDS,Series H and HH,0.00,1360.00
2025-06-30,INTEREST EXPENSE ON PUBLIC ISSUES,SAVINGS BONDS,Series I,238086456.16,2544954435.51
2025-06-30,INTEREST EXPENSE ON PUBLIC ISSUES,SAVINGS BONDS,Other,566205.45,2487125.06
2025-06-30,INTEREST EXPENSE ON PUBLIC ISSUES,MISCELLANEOUS INTEREST EXPENSE,Limited Payability,0.00,0.00
2025-06-30,INTEREST EXPENSE ON PUBLIC ISSUES,MISCELLANEOUS INTEREST EXPENSE,Recertified Agency Payments,0.00,0.00
2025-06-30,INTEREST EXPENSE ON GOVT ACCOUNT SERIES,CASH BASIS GAS PAYMENTS,Premium Collected on Issues,-31306959.91,-9304258304.75
2025-06-30,INTEREST EXPENSE ON GOVT ACCOUNT SERIES,CASH BASIS GAS PAYMENTS,Premium Paid on Redemptions,0.00,10479962.50
2025-06-30,INTEREST EXPENSE ON GOVT ACCOUNT SERIES,CASH BASIS GAS PAYMENTS,Discount Collected on Redemptions,-715248.23,-1147317120.79
2025-06-30,INTEREST EXPENSE ON GOVT ACCOUNT SERIES,CASH BASIS GAS PAYMENTS,Discount Deferred on Redemptions,818571006.94,10268549551.06
2025-06-30,INTEREST EXPENSE ON GOVT ACCOUNT SERIES,CASH BASIS GAS PAYMENTS,Accrued Interest Collected on Issues,-84633859.01,-1647865878.50
2025-06-30,INTEREST EXPENSE ON GOVT ACCOUNT SERIES,CASH BASIS GAS PAYMENTS,Interest Payments,56677882576.65,166999218674.79
2025-06-30,INTEREST EXPENSE ON GOVT ACCOUNT SERIES,CASH BASIS GAS PAYMENTS,Inflation Compensation,5234221549.71,32402968971.81
2025-06-30,INTEREST EXPENSE ON GOVT ACCOUNT SERIES,CASH BASIS GAS PAYMENTS,Restoration of Interest,0.00,0.00
2025-06-30,INTEREST EXPENSE ON GOVT ACCOUNT SERIES,ACCRUAL BASIS GAS EXPENSE,Zero Coupon Bonds Amortized Discount,280525019.31,2483052542.74
2025-05-31,INTEREST EXPENSE ON PUBLIC ISSUES,ACCRUED INTEREST EXPENSE,Treasury Notes,37106297528.44,273832103504.56
2025-05-31,INTEREST EXPENSE ON PUBLIC ISSUES,ACCRUED INTEREST EXPENSE,Treasury Bonds,13625051728.63,102488953881.01
2025-05-31,INTEREST EXPENSE ON PUBLIC ISSUES,ACCRUED INTEREST EXPENSE,Inflation Protected Securities (TIPS),2187381055.82,13850937959.97
2025-05-31,INTEREST EXPENSE ON PUBLIC ISSUES,ACCRUED INTEREST EXPENSE,Int. Expense Inflation Compensation (TIPS),4561951267.24,33312979123.17
2025-05-31,INTEREST EXPENSE ON PUBLIC ISSUES,ACCRUED INTEREST EXPENSE,Treasury Floating Rate Notes (FRN),2387255676.85,18841015915.90
2025-05-31,INTEREST EXPENSE ON PUBLIC ISSUES,ACCRUED INTEREST EXPENSE,Domestic Series - C/I's & Demand Deposits,7947446.06,77211178.11
2025-05-31,INTEREST EXPENSE ON PUBLIC ISSUES,ACCRUED INTEREST EXPENSE,"Foreign Series - C/I, Notes & Bonds",0.00,0.00
2025-05-31,INTEREST EXPENSE ON PUBLIC ISSUES,ACCRUED INTEREST EXPENSE,REA Series,0.00,0.00
2025-05-31,INTEREST EXPENSE ON PUBLIC ISSUES,ACCRUED INTEREST EXPENSE,"State & Local Government-C/I's, Notes & Bonds",263361610.67,2261445158.72
2025-05-31,INTEREST EXPENSE ON PUBLIC ISSUES,ACCRUED INTEREST EXPENSE,Matured Debt,0.00,0.00
2025-05-31,INTEREST EXPENSE ON PUBLIC ISSUES,AMORTIZED DISCOUNT,Treasury Bills,21817505735.97,185917484473.95
2025-05-31,INTEREST EXPENSE ON PUBLIC ISSUES,AMORTIZED DISCOUNT,Treasury Notes,893963459.05,6854883973.59
2025-05-31,INTEREST EXPENSE ON PUBLIC ISSUES,AMORTIZED DISCOUNT,Treasury Bonds,238485789.66,1817516568.52
2025-05-31,INTEREST EXPENSE ON PUBLIC ISSUES,AMORTIZED DISCOUNT,Treasury Inflation Protected Securities (TIPS),157194610.12,1183915652.02
2025-05-31,INTEREST EXPENSE ON PUBLIC ISSUES,AMORTIZED DISCOUNT,Treasury Floating Rate Notes (FRN),7879905.26,64180805.91
2025-05-31,INTEREST EXPENSE ON PUBLIC ISSUES,AMORTIZED DISCOUNT,Domestic Series Bonds,46560277.20,356742289.85
2025-05-31,INTEREST EXPENSE ON PUBLIC ISSUES,AMORTIZED DISCOUNT,Foreign Series Bills,0.00,0.00
2025-05-31,INTEREST EXPENSE ON PUBLIC ISSUES,AMORTIZED DISCOUNT,Foreign Series Notes & Bonds,0.00,0.00
2025-05-31,INTEREST EXPENSE ON PUBLIC ISSUES,AMORTIZED PREMIUM,Treasury Notes,-132608029.40,-981349249.55
2025-05-31,INTEREST EXPENSE ON PUBLIC ISSUES,AMORTIZED PREMIUM,Treasury Bonds,-107332687.39,-838984541.17
2025-05-31,INTEREST EXPENSE ON PUBLIC ISSUES,AMORTIZED PREMIUM,Treasury Inflation Protected Securities (TIPS),-387295926.53,-3174289322.25
2025-05-31,INTEREST EXPENSE ON PUBLIC ISSUES,AMORTIZED PREMIUM,Treasury Floating Rate Notes (FRN),-4729183.11,-38372428.44
2025-05-31,INTEREST EXPENSE ON PUBLIC ISSUES,AMORTIZED PREMIUM,Foreign Series Notes & Bonds,0.00,0.00
2025-05-31,INTEREST EXPENSE ON PUBLIC ISSUES,SAVINGS BONDS,Series E and EE,81465832.46,1034903729.48
2025-05-31,INTEREST EXPENSE ON PUBLIC ISSUES,SAVINGS BONDS,Series H and HH,0.00,1360.00
2025-05-31,INTEREST EXPENSE ON PUBLIC ISSUES,SAVINGS BONDS,Series I,235812487.41,2306867979.35
2025-05-31,INTEREST EXPENSE ON PUBLIC ISSUES,SAVINGS BONDS,Other,123386.44,1920919.61
2025-05-31,INTEREST EXPENSE ON PUBLIC ISSUES,MISCELLANEOUS INTEREST EXPENSE,Limited Payability,0.00,0.00
2025-05-31,INTEREST EXPENSE ON PUBLIC ISSUES,MISCELLANEOUS INTEREST EXPENSE,Recertified Agency Payments,0.00,0.00
2025-05-31,INTEREST EXPENSE ON GOVT ACCOUNT SERIES,CASH BASIS GAS PAYMENTS,Premium Collected on Issues,-31024431.63,-9272951344.84
2025-05-31,INTEREST EXPENSE ON GOVT ACCOUNT SERIES,CASH BASIS GAS PAYMENTS,Premium Paid on Redemptions,0.00,10479962.50
2025-05-31,INTEREST EXPENSE ON GOVT ACCOUNT SERIES,CASH BASIS GAS PAYMENTS,Discount Collected on Redemptions,0.00,-1146601872.56
2025-05-31,INTEREST EXPENSE ON GOVT ACCOUNT SERIES,CASH BASIS GAS PAYMENTS,Discount Deferred on Redemptions,863616597.35,9449978544.12
2025-05-31,INTEREST EXPENSE ON GOVT ACCOUNT SERIES,CASH BASIS GAS PAYMENTS,Accrued Interest Collected on Issues,-120318250.35,-1563232019.49
2025-05-31,INTEREST EXPENSE ON GOVT ACCOUNT SERIES,CASH BASIS GAS PAYMENTS,Interest Payments,4519061887.48,110321336098.14
2025-05-31,INTEREST EXPENSE ON GOVT ACCOUNT SERIES,CASH BASIS GAS PAYMENTS,Inflation Compensation,3723560500.71,27168747422.10
2025-05-31,INTEREST EXPENSE ON GOVT ACCOUNT SERIES,CASH BASIS GAS PAYMENTS,Restoration of Interest,0.00,0.00
2025-05-31,INTEREST EXPENSE ON GOVT ACCOUNT SERIES,ACCRUAL BASIS GAS EXPENSE,Zero Coupon Bonds Amortized Discount,289236975.10,2202527523.43
2025-04-30,INTEREST EXPENSE ON PUBLIC ISSUES,ACCRUED INTEREST EXPENSE,Treasury Notes,35467271673.50,236725805976.12
2025-04-30,INTEREST EXPENSE ON PUBLIC ISSUES,ACCRUED INTEREST EXPENSE,Treasury Bonds,13071647629.41,88863902152.38
2025-04-30,INTEREST EXPENSE ON PUBLIC ISSUES,ACCRUED INTEREST EXPENSE,Inflation Protected Securities (TIPS),1716649348.71,11663556904.15
2025-04-30,INTEREST EXPENSE ON PUBLIC ISSUES,ACCRUED INTEREST EXPENSE,Int. Expense Inflation Compensation (TIPS),9073428976.27,28751027855.93
2025-04-30,INTEREST EXPENSE ON PUBLIC ISSUES,ACCRUED INTEREST EXPENSE,Treasury Floating Rate Notes (FRN),2414923403.57,16453760239.05
2025-04-30,INTEREST EXPENSE ON PUBLIC ISSUES,ACCRUED INTEREST EXPENSE,Domestic Series - C/I's & Demand Deposits,8669345.64,69263732.05
2025-04-30,INTEREST EXPENSE ON PUBLIC ISSUES,ACCRUED INTEREST EXPENSE,"Foreign Series - C/I, Notes & Bonds",0.00,0.00
2025-04-30,INTEREST EXPENSE ON PUBLIC ISSUES,ACCRUED INTEREST EXPENSE,REA Series,0.00,0.00
2025-04-30,INTEREST EXPENSE ON PUBLIC ISSUES,ACCRUED INTEREST EXPENSE,"State & Local Government-C/I's, Notes & Bonds",257512320.38,1998083548.05
2025-04-30,INTEREST EXPENSE ON PUBLIC ISSUES,ACCRUED INTEREST EXPENSE,Matured Debt,0.00,0.00
2025-04-30,INTEREST EXPENSE ON PUBLIC ISSUES,AMORTIZED DISCOUNT,Treasury Bills,21531249727.38,164099978737.98
2025-04-30,INTEREST EXPENSE ON PUBLIC ISSUES,AMORTIZED DISCOUNT,Treasury Notes,865982839.05,5960920514.54
2025-04-30,INTEREST EXPENSE ON PUBLIC ISSUES,AMORTIZED DISCOUNT,Treasury Bonds,230047869.63,1579030778.86
2025-04-30,INTEREST EXPENSE ON PUBLIC ISSUES,AMORTIZED DISCOUNT,Treasury Inflation Protected Securities (TIPS),150482820.91,1026721041.90
2025-04-30,INTEREST EXPENSE ON PUBLIC ISSUES,AMORTIZED DISCOUNT,Treasury Floating Rate Notes (FRN),7896503.19,56300900.65
2025-04-30,INTEREST EXPENSE ON PUBLIC ISSUES,AMORTIZED DISCOUNT,Domestic Series Bonds,44837868.53,310182012.65
2025-04-30,INTEREST EXPENSE ON PUBLIC ISSUES,AMORTIZED DISCOUNT,Foreign Series Bills,0.00,0.00
2025-04-30,INTEREST EXPENSE ON PUBLIC ISSUES,AMORTIZED DISCOUNT,Foreign Series Notes & Bonds,0.00,0.00
2025-04-30,INTEREST EXPENSE ON PUBLIC ISSUES,AMORTIZED PREMIUM,Treasury Notes,-126662034.39,-848741220.15
2025-04-30,INTEREST EXPENSE ON PUBLIC ISSUES,AMORTIZED PREMIUM,Treasury Bonds,-104586900.03,-731651853.78
2025-04-30,INTEREST EXPENSE ON PUBLIC ISSUES,AMORTIZED PREMIUM,Treasury Inflation Protected Securities (TIPS),-384689717.21,-2786993395.72
2025-04-30,INTEREST EXPENSE ON PUBLIC ISSUES,AMORTIZED PREMIUM,Treasury Floating Rate Notes (FRN),-5273029.54,-33643245.33
2025-04-30,INTEREST EXPENSE ON PUBLIC ISSUES,AMORTIZED PREMIUM,Foreign Series Notes & Bonds,0.00,0.00
2025-04-30,INTEREST EXPENSE ON PUBLIC ISSUES,SAVINGS BONDS,Series E and EE,143953554.16,953437897.02
2025-04-30,INTEREST EXPENSE ON PUBLIC ISSUES,SAVINGS BONDS,Series H and HH,0.00,1360.00
2025-04-30,INTEREST EXPENSE ON PUBLIC ISSUES,SAVINGS BONDS,Series I,255446743.17,2071055491.94
2025-04-30,INTEREST EXPENSE ON PUBLIC ISSUES,SAVINGS BONDS,Other,440388.82,1797533.17
2025-04-30,INTEREST EXPENSE ON PUBLIC ISSUES,MISCELLANEOUS INTEREST EXPENSE,Limited Payability,0.00,0.00
2025-04-30,INTEREST EXPENSE ON PUBLIC ISSUES,MISCELLANEOUS INTEREST EXPENSE,Recertified Agency Payments,0.00,0.00
2025-04-30,INTEREST EXPENSE ON GOVT ACCOUNT SERIES,CASH BASIS GAS PAYMENTS,Premium Collected on Issues,-19647114.55,-9241926913.21
2025-04-30,INTEREST EXPENSE ON GOVT ACCOUNT SERIES,CASH BASIS GAS PAYMENTS,Premium Paid on Redemptions,0.00,10479962.50
2025-04-30,INTEREST EXPENSE ON GOVT ACCOUNT SERIES,CASH BASIS GAS PAYMENTS,Discount Collected on Redemptions,-913534.69,-1146601872.56
2025-04-30,INTEREST EXPENSE ON GOVT ACCOUNT SERIES,CASH BASIS GAS PAYMENTS,Discount Deferred on Redemptions,844433909.31,8586361946.77
2025-04-30,INTEREST EXPENSE ON GOVT ACCOUNT SERIES,CASH BASIS GAS PAYMENTS,Accrued Interest Collected on Issues,-77790480.28,-1442913769.14
2025-04-30,INTEREST EXPENSE ON GOVT ACCOUNT SERIES,CASH BASIS GAS PAYMENTS,Interest Payments,8585070261.15,105802274210.66
2025-04-30,INTEREST EXPENSE ON GOVT ACCOUNT SERIES,CASH BASIS GAS PAYMENTS,Inflation Compensation,7421263640.04,23445186921.39
2025-04-30,INTEREST EXPENSE ON GOVT ACCOUNT SERIES,CASH BASIS GAS PAYMENTS,Restoration of Interest,0.00,0.00
2025-04-30,INTEREST EXPENSE ON GOVT ACCOUNT SERIES,ACCRUAL BASIS GAS EXPENSE,Zero Coupon Bonds Amortized Discount,278711555.56,1913290548.33
2025-03-31,INTEREST EXPENSE ON PUBLIC ISSUES,ACCRUED INTEREST EXPENSE,Treasury Notes,36083916182.16,201258534302.62
2025-03-31,INTEREST EXPENSE ON PUBLIC ISSUES,ACCRUED INTEREST EXPENSE,Treasury Bonds,13357727972.74,75792254522.97
2025-03-31,INTEREST EXPENSE ON PUBLIC ISSUES,ACCRUED INTEREST EXPENSE,Inflation Protected Securities (TIPS),1742889941.15,9946907555.44
2025-03-31,INTEREST EXPENSE ON PUBLIC ISSUES,ACCRUED INTEREST EXPENSE,Int. Expense Inflation Compensation (TIPS),12726520527.71,19677598879.66
2025-03-31,INTEREST EXPENSE ON PUBLIC ISSUES,ACCRUED INTEREST EXPENSE,Treasury Floating Rate Notes (FRN),2404483095.97,14038836835.48
2025-03-31,INTEREST EXPENSE ON PUBLIC ISSUES,ACCRUED INTEREST EXPENSE,Domestic Series - C/I's & Demand Deposits,8927337.25,60594386.41
2025-03-31,INTEREST EXPENSE ON PUBLIC ISSUES,ACCRUED INTEREST EXPENSE,"Foreign Series - C/I, Notes & Bonds",0.00,0.00
2025-03-31,INTEREST EXPENSE ON PUBLIC ISSUES,ACCRUED INTEREST EXPENSE,REA Series,0.00,0.00
2025-03-31,INTEREST EXPENSE ON PUBLIC ISSUES,ACCRUED INTEREST EXPENSE,"State & Local Government-C/I's, Notes & Bonds",250207455.85,1740571227.67
2025-03-31,INTEREST EXPENSE ON PUBLIC ISSUES,ACCRUED INTEREST EXPENSE,Matured Debt,0.00,0.00
2025-03-31,INTEREST EXPENSE ON PUBLIC ISSUES,AMORTIZED DISCOUNT,Treasury Bills,22952937537.61,142568729010.60
2025-03-31,INTEREST EXPENSE ON PUBLIC ISSUES,AMORTIZED DISCOUNT,Treasury Notes,890115827.37,5094937675.49
2025-03-31,INTEREST EXPENSE ON PUBLIC ISSUES,AMORTIZED DISCOUNT,Treasury Bonds,236670944.30,1348982909.23
2025-03-31,INTEREST EXPENSE ON PUBLIC ISSUES,AMORTIZED DISCOUNT,Treasury Inflation Protected Securities (TIPS),155507520.61,876238220.99
2025-03-31,INTEREST EXPENSE ON PUBLIC ISSUES,AMORTIZED DISCOUNT,Treasury Floating Rate Notes (FRN),7965114.46,48404397.46
2025-03-31,INTEREST EXPENSE ON PUBLIC ISSUES,AMORTIZED DISCOUNT,Domestic Series Bonds,46114015.66,265344144.12
2025-03-31,INTEREST EXPENSE ON PUBLIC ISSUES,AMORTIZED DISCOUNT,Foreign Series Bills,0.00,0.00
2025-03-31,INTEREST EXPENSE ON PUBLIC ISSUES,AMORTIZED DISCOUNT,Foreign Series Notes & Bonds,0.00,0.00
2025-03-31,INTEREST EXPENSE ON PUBLIC ISSUES,AMORTIZED PREMIUM,Treasury Notes,-124607825.10,-722079185.76
2025-03-31,INTEREST EXPENSE ON PUBLIC ISSUES,AMORTIZED PREMIUM,Treasury Bonds,-107615408.57,-627064953.75
2025-03-31,INTEREST EXPENSE ON PUBLIC ISSUES,AMORTIZED PREMIUM,Treasury Inflation Protected Securities (TIPS),-406652174.99,-2402303678.51
2025-03-31,INTEREST EXPENSE ON PUBLIC ISSUES,AMORTIZED PREMIUM,Treasury Floating Rate Notes (FRN),-5456550.33,-28370215.79
2025-03-31,INTEREST EXPENSE ON PUBLIC ISSUES,AMORTIZED PREMIUM,Foreign Series Notes & Bonds,0.00,0.00
2025-03-31,INTEREST EXPENSE ON PUBLIC ISSUES,SAVINGS BONDS,Series E and EE,119543437.63,809484342.86
2025-03-31,INTEREST EXPENSE ON PUBLIC ISSUES,SAVINGS BONDS,Series H and HH,0.00,1360.00
2025-03-31,INTEREST EXPENSE ON PUBLIC ISSUES,SAVINGS BONDS,Series I,267137786.91,1815608748.77
2025-03-31,INTEREST EXPENSE ON PUBLIC ISSUES,SAVINGS BONDS,Other,155556.05,1357144.35
2025-03-31,INTEREST EXPENSE ON PUBLIC ISSUES,MISCELLANEOUS INTEREST EXPENSE,Limited Payability,0.00,0.00
2025-03-31,INTEREST EXPENSE ON PUBLIC ISSUES,MISCELLANEOUS INTEREST EXPENSE,Recertified Agency Payments,0.00,0.00
2025-03-31,INTEREST EXPENSE ON GOVT ACCOUNT SERIES,CASH BASIS GAS PAYMENTS,Premium Collected on Issues,-33065208.97,-9222279798.66
2025-03-31,INTEREST EXPENSE ON GOVT ACCOUNT SERIES,CASH BASIS GAS PAYMENTS,Premium Paid on Redemptions,0.00,10479962.50
2025-03-31,INTEREST EXPENSE ON GOVT ACCOUNT SERIES,CASH BASIS GAS PAYMENTS,Discount Collected on Redemptions,0.00,-1145688337.87
2025-03-31,INTEREST EXPENSE ON GOVT ACCOUNT SERIES,CASH BASIS GAS PAYMENTS,Discount Deferred on Redemptions,1111687451.58,7741928037.46
2025-03-31,INTEREST EXPENSE ON GOVT ACCOUNT SERIES,CASH BASIS GAS PAYMENTS,Accrued Interest Collected on Issues,-109624092.68,-1365123288.86
2025-03-31,INTEREST EXPENSE ON GOVT ACCOUNT SERIES,CASH BASIS GAS PAYMENTS,Interest Payments,2160525167.09,97217203949.51
2025-03-31,INTEREST EXPENSE ON GOVT ACCOUNT SERIES,CASH BASIS GAS PAYMENTS,Inflation Compensation,10391215805.61,16023923281.35
2025-03-31,INTEREST EXPENSE ON GOVT ACCOUNT SERIES,CASH BASIS GAS PAYMENTS,Restoration of Interest,0.00,0.00
2025-03-31,INTEREST EXPENSE ON GOVT ACCOUNT SERIES,ACCRUAL BASIS GAS EXPENSE,Zero Coupon Bonds Amortized Discount,286203300.91,1634578992.77
2025-02-28,INTEREST EXPENSE ON PUBLIC ISSUES,ACCRUED INTEREST EXPENSE,Treasury Notes,32031155995.40,165174618120.46
2025-02-28,INTEREST EXPENSE ON PUBLIC ISSUES,ACCRUED INTEREST EXPENSE,Treasury Bonds,11876439620.42,62434526550.23
2025-02-28,INTEREST EXPENSE ON PUBLIC ISSUES,ACCRUED INTEREST EXPENSE,Inflation Protected Securities (TIPS),1522744624.89,8204017614.29
2025-02-28,INTEREST EXPENSE ON PUBLIC ISSUES,ACCRUED INTEREST EXPENSE,Int. Expense Inflation Compensation (TIPS),642942958.21,6951078351.95
2025-02-28,INTEREST EXPENSE ON PUBLIC ISSUES,ACCRUED INTEREST EXPENSE,Treasury Floating Rate Notes (FRN),2066557885.27,11634353739.51
2025-02-28,INTEREST EXPENSE ON PUBLIC ISSUES,ACCRUED INTEREST EXPENSE,Domestic Series - C/I's & Demand Deposits,8067181.75,51667049.16
2025-02-28,INTEREST EXPENSE ON PUBLIC ISSUES,ACCRUED INTEREST EXPENSE,"Foreign Series - C/I, Notes & Bonds",0.00,0.00
2025-02-28,INTEREST EXPENSE ON PUBLIC ISSUES,ACCRUED INTEREST EXPENSE,REA Series,0.00,0.00
2025-02-28,INTEREST EXPENSE ON PUBLIC ISSUES,ACCRUED INTEREST EXPENSE,"State & Local Government-C/I's, Notes & Bonds",217018609.48,1490363771.82
2025-02-28,INTEREST EXPENSE ON PUBLIC ISSUES,ACCRUED INTEREST EXPENSE,Matured Debt,0.00,0.00
2025-02-28,INTEREST EXPENSE ON PUBLIC ISSUES,AMORTIZED DISCOUNT,Treasury Bills,21473730970.50,119615791472.99
2025-02-28,INTEREST EXPENSE ON PUBLIC ISSUES,AMORTIZED DISCOUNT,Treasury Notes,799433449.07,4204821848.12
2025-02-28,INTEREST EXPENSE ON PUBLIC ISSUES,AMORTIZED DISCOUNT,Treasury Bonds,211767214.02,1112311964.93
2025-02-28,INTEREST EXPENSE ON PUBLIC ISSUES,AMORTIZED DISCOUNT,Treasury Inflation Protected Securities (TIPS),140079478.17,720730700.38
2025-02-28,INTEREST EXPENSE ON PUBLIC ISSUES,AMORTIZED DISCOUNT,Treasury Floating Rate Notes (FRN),7139761.98,40439283.00
2025-02-28,INTEREST EXPENSE ON PUBLIC ISSUES,AMORTIZED DISCOUNT,Domestic Series Bonds,41400383.65,219230128.46
2025-02-28,INTEREST EXPENSE ON PUBLIC ISSUES,AMORTIZED DISCOUNT,Foreign Series Bills,0.00,0.00
2025-02-28,INTEREST EXPENSE ON PUBLIC ISSUES,AMORTIZED DISCOUNT,Foreign Series Notes & Bonds,0.00,0.00
2025-02-28,INTEREST EXPENSE ON PUBLIC ISSUES,AMORTIZED PREMIUM,Treasury Notes,-109649895.02,-597471360.66
2025-02-28,INTEREST EXPENSE ON PUBLIC ISSUES,AMORTIZED PREMIUM,Treasury Bonds,-96928233.67,-519449545.18
2025-02-28,INTEREST EXPENSE ON PUBLIC ISSUES,AMORTIZED PREMIUM,Treasury Inflation Protected Securities (TIPS),-367530615.18,-1995651503.52
2025-02-28,INTEREST EXPENSE ON PUBLIC ISSUES,AMORTIZED PREMIUM,Treasury Floating Rate Notes (FRN),-4753013.26,-22913665.46
2025-02-28,INTEREST EXPENSE ON PUBLIC ISSUES,AMORTIZED PREMIUM,Foreign Series Notes & Bonds,0.00,0.00
2025-02-28,INTEREST EXPENSE ON PUBLIC ISSUES,SAVINGS BONDS,Series E and EE,119391854.00,689940905.23
2025-02-28,INTEREST EXPENSE ON PUBLIC ISSUES,SAVINGS BONDS,Series H and HH,0.00,1360.00
2025-02-28,INTEREST EXPENSE ON PUBLIC ISSUES,SAVINGS BONDS,Series I,279581663.62,1548470961.86
2025-02-28,INTEREST EXPENSE ON PUBLIC ISSUES,SAVINGS BONDS,Other,156709.09,1201588.30
2025-02-28,INTEREST EXPENSE ON PUBLIC ISSUES,MISCELLANEOUS INTEREST EXPENSE,Limited Payability,0.00,0.00
2025-02-28,INTEREST EXPENSE ON PUBLIC ISSUES,MISCELLANEOUS INTEREST EXPENSE,Recertified Agency Payments,0.00,0.00
2025-02-28,INTEREST EXPENSE ON GOVT ACCOUNT SERIES,CASH BASIS GAS PAYMENTS,Premium Collected on Issues,-2453164902.34,-9189214589.69
2025-02-28,INTEREST EXPENSE ON GOVT ACCOUNT SERIES,CASH BASIS GAS PAYMENTS,Premium Paid on Redemptions,0.00,10479962.50
2025-02-28,INTEREST EXPENSE ON GOVT ACCOUNT SERIES,CASH BASIS GAS PAYMENTS,Discount Collected on Redemptions,-368733.75,-1145688337.87
2025-02-28,INTEREST EXPENSE ON GOVT ACCOUNT SERIES,CASH BASIS GAS PAYMENTS,Discount Deferred on Redemptions,921234556.30,6630240585.88
2025-02-28,INTEREST EXPENSE ON GOVT ACCOUNT SERIES,CASH BASIS GAS PAYMENTS,Accrued Interest Collected on Issues,-294356895.83,-1255499196.18
2025-02-28,INTEREST EXPENSE ON GOVT ACCOUNT SERIES,CASH BASIS GAS PAYMENTS,Interest Payments,16083952717.38,95056678782.42
2025-02-28,INTEREST EXPENSE ON GOVT ACCOUNT SERIES,CASH BASIS GAS PAYMENTS,Inflation Compensation,500682048.12,5632707475.74
2025-02-28,INTEREST EXPENSE ON GOVT ACCOUNT SERIES,CASH BASIS GAS PAYMENTS,Restoration of Interest,0.00,0.00
2025-02-28,INTEREST EXPENSE ON GOVT ACCOUNT SERIES,ACCRUAL BASIS GAS EXPENSE,Zero Coupon Bonds Amortized Discount,255507817.37,1348375691.86
2025-01-31,INTEREST EXPENSE ON PUBLIC ISSUES,ACCRUED INTEREST EXPENSE,Treasury Notes,34702787961.95,133143462125.06
2025-01-31,INTEREST EXPENSE ON PUBLIC ISSUES,ACCRUED INTEREST EXPENSE,Treasury Bonds,12983067714.77,50558086929.81
2025-01-31,INTEREST EXPENSE ON PUBLIC ISSUES,ACCRUED INTEREST EXPENSE,Inflation Protected Securities (TIPS),1686961333.02,6681272989.40
2025-01-31,INTEREST EXPENSE ON PUBLIC ISSUES,ACCRUED INTEREST EXPENSE,Int. Expense Inflation Compensation (TIPS),-979631139.70,6308135393.74
2025-01-31,INTEREST EXPENSE ON PUBLIC ISSUES,ACCRUED INTEREST EXPENSE,Treasury Floating Rate Notes (FRN),2421287080.89,9567795854.24
2025-01-31,INTEREST EXPENSE ON PUBLIC ISSUES,ACCRUED INTEREST EXPENSE,Domestic Series - C/I's & Demand Deposits,8991358.73,43599867.41
2025-01-31,INTEREST EXPENSE ON PUBLIC ISSUES,ACCRUED INTEREST EXPENSE,"Foreign Series - C/I, Notes & Bonds",0.00,0.00
2025-01-31,INTEREST EXPENSE ON PUBLIC ISSUES,ACCRUED INTEREST EXPENSE,REA Series,0.00,0.00
2025-01-31,INTEREST EXPENSE ON PUBLIC ISSUES,ACCRUED INTEREST EXPENSE,"State & Local Government-C/I's, Notes & Bonds",257414826.13,1273345162.34
2025-01-31,INTEREST EXPENSE ON PUBLIC ISSUES,ACCRUED INTEREST EXPENSE,Matured Debt,0.00,0.00
2025-01-31,INTEREST EXPENSE ON PUBLIC ISSUES,AMORTIZED DISCOUNT,Treasury Bills,23542793353.70,98142060502.49
2025-01-31,INTEREST EXPENSE ON PUBLIC ISSUES,AMORTIZED DISCOUNT,Treasury Notes,872677767.38,3405388399.05
2025-01-31,INTEREST EXPENSE ON PUBLIC ISSUES,AMORTIZED DISCOUNT,Treasury Bonds,230271735.38,900544750.91
2025-01-31,INTEREST EXPENSE ON PUBLIC ISSUES,AMORTIZED DISCOUNT,Treasury Inflation Protected Securities (TIPS),153842020.15,580651222.21
2025-01-31,INTEREST EXPENSE ON PUBLIC ISSUES,AMORTIZED DISCOUNT,Treasury Floating Rate Notes (FRN),7621687.75,33299521.02
2025-01-31,INTEREST EXPENSE ON PUBLIC ISSUES,AMORTIZED DISCOUNT,Domestic Series Bonds,45399572.93,177829744.81
2025-01-31,INTEREST EXPENSE ON PUBLIC ISSUES,AMORTIZED DISCOUNT,Foreign Series Bills,0.00,0.00
2025-01-31,INTEREST EXPENSE ON PUBLIC ISSUES,AMORTIZED DISCOUNT,Foreign Series Notes & Bonds,0.00,0.00
2025-01-31,INTEREST EXPENSE ON PUBLIC ISSUES,AMORTIZED PREMIUM,Treasury Notes,-121595833.94,-487821465.64
2025-01-31,INTEREST EXPENSE ON PUBLIC ISSUES,AMORTIZED PREMIUM,Treasury Bonds,-107109742.55,-422521311.51
2025-01-31,INTEREST EXPENSE ON PUBLIC ISSUES,AMORTIZED PREMIUM,Treasury Inflation Protected Securities (TIPS),-408378664.75,-1628120888.34
2025-01-31,INTEREST EXPENSE ON PUBLIC ISSUES,AMORTIZED PREMIUM,Treasury Floating Rate Notes (FRN),-5917617.24,-18160652.20
2025-01-31,INTEREST EXPENSE ON PUBLIC ISSUES,AMORTIZED PREMIUM,Foreign Series Notes & Bonds,0.00,0.00
2025-01-31,INTEREST EXPENSE ON PUBLIC ISSUES,SAVINGS BONDS,Series E and EE,136231445.35,570549051.23
2025-01-31,INTEREST EXPENSE ON PUBLIC ISSUES,SAVINGS BONDS,Series H and HH,0.00,1360.00
2025-01-31,INTEREST EXPENSE ON PUBLIC ISSUES,SAVINGS BONDS,Series I,299681663.29,1268889298.24
2025-01-31,INTEREST EXPENSE ON PUBLIC ISSUES,SAVINGS BONDS,Other,142943.15,1044879.21
2025-01-31,INTEREST EXPENSE ON PUBLIC ISSUES,MISCELLANEOUS INTEREST EXPENSE,Limited Payability,0.00,0.00
2025-01-31,INTEREST EXPENSE ON PUBLIC ISSUES,MISCELLANEOUS INTEREST EXPENSE,Recertified Agency Payments,0.00,0.00
2025-01-31,INTEREST EXPENSE ON GOVT ACCOUNT SERIES,CASH BASIS GAS PAYMENTS,Premium Collected on Issues,-6099611.09,-6736049687.35
2025-01-31,INTEREST EXPENSE ON GOVT ACCOUNT SERIES,CASH BASIS GAS PAYMENTS,Premium Paid on Redemptions,10479962.50,10479962.50
2025-01-31,INTEREST EXPENSE ON GOVT ACCOUNT SERIES,CASH BASIS GAS PAYMENTS,Discount Collected on Redemptions,-4492977.47,-1145319604.12
2025-01-31,INTEREST EXPENSE ON GOVT ACCOUNT SERIES,CASH BASIS GAS PAYMENTS,Discount Deferred on Redemptions,2505601712.00,5709006029.58
2025-01-31,INTEREST EXPENSE ON GOVT ACCOUNT SERIES,CASH BASIS GAS PAYMENTS,Accrued Interest Collected on Issues,-56661850.75,-961142300.35
2025-01-31,INTEREST EXPENSE ON GOVT ACCOUNT SERIES,CASH BASIS GAS PAYMENTS,Interest Payments,6140970463.37,78972726065.04
2025-01-31,INTEREST EXPENSE ON GOVT ACCOUNT SERIES,CASH BASIS GAS PAYMENTS,Inflation Compensation,-774641466.96,5132025427.62
2025-01-31,INTEREST EXPENSE ON GOVT ACCOUNT SERIES,CASH BASIS GAS PAYMENTS,Restoration of Interest,0.00,0.00
2025-01-31,INTEREST EXPENSE ON GOVT ACCOUNT SERIES,ACCRUAL BASIS GAS EXPENSE,Zero Coupon Bonds Amortized Discount,279281802.99,1092867874.49
2024-12-31,INTEREST EXPENSE ON PUBLIC ISSUES,ACCRUED INTEREST EXPENSE,Treasury Notes,33861138448.99,98440674163.11
2024-12-31,INTEREST EXPENSE ON PUBLIC ISSUES,ACCRUED INTEREST EXPENSE,Treasury Bonds,12832614579.93,37575019215.04
2024-12-31,INTEREST EXPENSE ON PUBLIC ISSUES,ACCRUED INTEREST EXPENSE,Inflation Protected Securities (TIPS),1524493823.69,4994311656.38
2024-12-31,INTEREST EXPENSE ON PUBLIC ISSUES,ACCRUED INTEREST EXPENSE,Int. Expense Inflation Compensation (TIPS),2510748629.20,7287766533.44
2024-12-31,INTEREST EXPENSE ON PUBLIC ISSUES,ACCRUED INTEREST EXPENSE,Treasury Floating Rate Notes (FRN),2382238544.04,7146508773.35
2024-12-31,INTEREST EXPENSE ON PUBLIC ISSUES,ACCRUED INTEREST EXPENSE,Domestic Series - C/I's & Demand Deposits,9566745.00,34608508.68
2024-12-31,INTEREST EXPENSE ON PUBLIC ISSUES,ACCRUED INTEREST EXPENSE,"Foreign Series - C/I, Notes & Bonds",0.00,0.00
2024-12-31,INTEREST EXPENSE ON PUBLIC ISSUES,ACCRUED INTEREST EXPENSE,REA Series,0.00,0.00
2024-12-31,INTEREST EXPENSE ON PUBLIC ISSUES,ACCRUED INTEREST EXPENSE,"State & Local Government-C/I's, Notes & Bonds",318020121.29,1015930336.21
2024-12-31,INTEREST EXPENSE ON PUBLIC ISSUES,ACCRUED INTEREST EXPENSE,Matured Debt,0.00,0.00
2024-12-31,INTEREST EXPENSE ON PUBLIC ISSUES,AMORTIZED DISCOUNT,Treasury Bills,24763579602.57,74599267148.79
2024-12-31,INTEREST EXPENSE ON PUBLIC ISSUES,AMORTIZED DISCOUNT,Treasury Notes,859014632.71,2532710631.91
2024-12-31,INTEREST EXPENSE ON PUBLIC ISSUES,AMORTIZED DISCOUNT,Treasury Bonds,228128826.90,670273015.53
2024-12-31,INTEREST EXPENSE ON PUBLIC ISSUES,AMORTIZED DISCOUNT,Treasury Inflation Protected Securities (TIPS),145710512.07,426809202.06
2024-12-31,INTEREST EXPENSE ON PUBLIC ISSUES,AMORTIZED DISCOUNT,Treasury Floating Rate Notes (FRN),7578849.45,25677833.27
2024-12-31,INTEREST EXPENSE ON PUBLIC ISSUES,AMORTIZED DISCOUNT,Domestic Series Bonds,44919590.79,132430171.88
2024-12-31,INTEREST EXPENSE ON PUBLIC ISSUES,AMORTIZED DISCOUNT,Foreign Series Bills,0.00,0.00
2024-12-31,INTEREST EXPENSE ON PUBLIC ISSUES,AMORTIZED DISCOUNT,Foreign Series Notes & Bonds,0.00,0.00
2024-12-31,INTEREST EXPENSE ON PUBLIC ISSUES,AMORTIZED PREMIUM,Treasury Notes,-121299922.56,-366225631.94
2024-12-31,INTEREST EXPENSE ON PUBLIC ISSUES,AMORTIZED PREMIUM,Treasury Bonds,-106835382.99,-315411568.96
2024-12-31,INTEREST EXPENSE ON PUBLIC ISSUES,AMORTIZED PREMIUM,Treasury Inflation Protected Securities (TIPS),-410392456.82,-1219742223.59
2024-12-31,INTEREST EXPENSE ON PUBLIC ISSUES,AMORTIZED PREMIUM,Treasury Floating Rate Notes (FRN),-4756125.23,-12243034.96
2024-12-31,INTEREST EXPENSE ON PUBLIC ISSUES,AMORTIZED PREMIUM,Foreign Series Notes & Bonds,0.00,0.00
2024-12-31,INTEREST EXPENSE ON PUBLIC ISSUES,SAVINGS BONDS,Series E and EE,164860174.90,434317605.88
2024-12-31,INTEREST EXPENSE ON PUBLIC ISSUES,SAVINGS BONDS,Series H and HH,225.00,1360.00
2024-12-31,INTEREST EXPENSE ON PUBLIC ISSUES,SAVINGS BONDS,Series I,309724032.69,969207634.95
2024-12-31,INTEREST EXPENSE ON PUBLIC ISSUES,SAVINGS BONDS,Other,585641.69,901936.06
2024-12-31,INTEREST EXPENSE ON PUBLIC ISSUES,MISCELLANEOUS INTEREST EXPENSE,Limited Payability,0.00,0.00
2024-12-31,INTEREST EXPENSE ON PUBLIC ISSUES,MISCELLANEOUS INTEREST EXPENSE,Recertified Agency Payments,0.00,0.00
2024-12-31,INTEREST EXPENSE ON GOVT ACCOUNT SERIES,CASH BASIS GAS PAYMENTS,Premium Collected on Issues,-28869889.39,-6729950076.26
2024-12-31,INTEREST EXPENSE ON GOVT ACCOUNT SERIES,CASH BASIS GAS PAYMENTS,Premium Paid on Redemptions,0.00,0.00
2024-12-31,INTEREST EXPENSE ON GOVT ACCOUNT SERIES,CASH BASIS GAS PAYMENTS,Discount Collected on Redemptions,-1140207493.43,-1140826626.65
2024-12-31,INTEREST EXPENSE ON GOVT ACCOUNT SERIES,CASH BASIS GAS PAYMENTS,Discount Deferred on Redemptions,1671695060.96,3203404317.58
2024-12-31,INTEREST EXPENSE ON GOVT ACCOUNT SERIES,CASH BASIS GAS PAYMENTS,Accrued Interest Collected on Issues,-47419368.20,-904480449.60
2024-12-31,INTEREST EXPENSE ON GOVT ACCOUNT SERIES,CASH BASIS GAS PAYMENTS,Interest Payments,57687229881.13,72831755601.67
2024-12-31,INTEREST EXPENSE ON GOVT ACCOUNT SERIES,CASH BASIS GAS PAYMENTS,Inflation Compensation,2023888698.58,5906666894.58
2024-12-31,INTEREST EXPENSE ON GOVT ACCOUNT SERIES,CASH BASIS GAS PAYMENTS,Restoration of Interest,0.00,0.00
2024-12-31,INTEREST EXPENSE ON GOVT ACCOUNT SERIES,ACCRUAL BASIS GAS EXPENSE,Zero Coupon Bonds Amortized Discount,276191224.39,813586071.50
2024-11-30,INTEREST EXPENSE ON PUBLIC ISSUES,ACCRUED INTEREST EXPENSE,Treasury Notes,32126567496.06,64579535714.12
2024-11-30,INTEREST EXPENSE ON PUBLIC ISSUES,ACCRUED INTEREST EXPENSE,Treasury Bonds,12246392960.70,24742404635.62
2024-11-30,INTEREST EXPENSE ON PUBLIC ISSUES,ACCRUED INTEREST EXPENSE,Inflation Protected Securities (TIPS),1822423828.40,3469817832.76
2024-11-30,INTEREST EXPENSE ON PUBLIC ISSUES,ACCRUED INTEREST EXPENSE,Int. Expense Inflation Compensation (TIPS),3100257392.14,4777017904.24
2024-11-30,INTEREST EXPENSE ON PUBLIC ISSUES,ACCRUED INTEREST EXPENSE,Treasury Floating Rate Notes (FRN),2253887903.30,4764270229.31
2024-11-30,INTEREST EXPENSE ON PUBLIC ISSUES,ACCRUED INTEREST EXPENSE,Domestic Series - C/I's & Demand Deposits,11437379.89,25041763.68
2024-11-30,INTEREST EXPENSE ON PUBLIC ISSUES,ACCRUED INTEREST EXPENSE,"Foreign Series - C/I, Notes & Bonds",0.00,0.00
2024-11-30,INTEREST EXPENSE ON PUBLIC ISSUES,ACCRUED INTEREST EXPENSE,REA Series,0.00,0.00
2024-11-30,INTEREST EXPENSE ON PUBLIC ISSUES,ACCRUED INTEREST EXPENSE,"State & Local Government-C/I's, Notes & Bonds",337011999.00,697910214.92
2024-11-30,INTEREST EXPENSE ON PUBLIC ISSUES,ACCRUED INTEREST EXPENSE,Matured Debt,0.00,0.00
2024-11-30,INTEREST EXPENSE ON PUBLIC ISSUES,AMORTIZED DISCOUNT,Treasury Bills,24419129565.30,49835687546.22
2024-11-30,INTEREST EXPENSE ON PUBLIC ISSUES,AMORTIZED DISCOUNT,Treasury Notes,824981485.02,1673695999.20
2024-11-30,INTEREST EXPENSE ON PUBLIC ISSUES,AMORTIZED DISCOUNT,Treasury Bonds,219243856.58,442144188.12
2024-11-30,INTEREST EXPENSE ON PUBLIC ISSUES,AMORTIZED DISCOUNT,Treasury Inflation Protected Securities (TIPS),138841438.67,281098689.92
2024-11-30,INTEREST EXPENSE ON PUBLIC ISSUES,AMORTIZED DISCOUNT,Treasury Floating Rate Notes (FRN),7301630.61,18098983.82
2024-11-30,INTEREST EXPENSE ON PUBLIC ISSUES,AMORTIZED DISCOUNT,Domestic Series Bonds,43201850.17,87510581.09
2024-11-30,INTEREST EXPENSE ON PUBLIC ISSUES,AMORTIZED DISCOUNT,Foreign Series Bills,0.00,0.00
2024-11-30,INTEREST EXPENSE ON PUBLIC ISSUES,AMORTIZED DISCOUNT,Foreign Series Notes & Bonds,0.00,0.00
2024-11-30,INTEREST EXPENSE ON PUBLIC ISSUES,AMORTIZED PREMIUM,Treasury Notes,-119246813.36,-244925709.38
2024-11-30,INTEREST EXPENSE ON PUBLIC ISSUES,AMORTIZED PREMIUM,Treasury Bonds,-102909289.13,-208576185.97
2024-11-30,INTEREST EXPENSE ON PUBLIC ISSUES,AMORTIZED PREMIUM,Treasury Inflation Protected Securities (TIPS),-397466783.22,-809349766.77
2024-11-30,INTEREST EXPENSE ON PUBLIC ISSUES,AMORTIZED PREMIUM,Treasury Floating Rate Notes (FRN),-3714149.10,-7486909.73
2024-11-30,INTEREST EXPENSE ON PUBLIC ISSUES,AMORTIZED PREMIUM,Foreign Series Notes & Bonds,0.00,0.00
2024-11-30,INTEREST EXPENSE ON PUBLIC ISSUES,SAVINGS BONDS,Series E and EE,141576848.91,269457430.98
2024-11-30,INTEREST EXPENSE ON PUBLIC ISSUES,SAVINGS BONDS,Series H and HH,15.00,1135.00
2024-11-30,INTEREST EXPENSE ON PUBLIC ISSUES,SAVINGS BONDS,Series I,320900732.63,659483602.26
2024-11-30,INTEREST EXPENSE ON PUBLIC ISSUES,SAVINGS BONDS,Other,-54644.30,316294.37
2024-11-30,INTEREST EXPENSE ON PUBLIC ISSUES,MISCELLANEOUS INTEREST EXPENSE,Limited Payability,0.00,0.00
2024-11-30,INTEREST EXPENSE ON PUBLIC ISSUES,MISCELLANEOUS INTEREST EXPENSE,Recertified Agency Payments,0.00,0.00
2024-11-30,INTEREST EXPENSE ON GOVT ACCOUNT SERIES,CASH BASIS GAS PAYMENTS,Premium Collected on Issues,-2753113.28,-6701080186.87
2024-11-30,INTEREST EXPENSE ON GOVT ACCOUNT SERIES,CASH BASIS GAS PAYMENTS,Premium Paid on Redemptions,0.00,0.00
2024-11-30,INTEREST EXPENSE ON GOVT ACCOUNT SERIES,CASH BASIS GAS PAYMENTS,Discount Collected on Redemptions,-208.92,-619133.22
2024-11-30,INTEREST EXPENSE ON GOVT ACCOUNT SERIES,CASH BASIS GAS PAYMENTS,Discount Deferred on Redemptions,628444654.93,1531709256.62
2024-11-30,INTEREST EXPENSE ON GOVT ACCOUNT SERIES,CASH BASIS GAS PAYMENTS,Accrued Interest Collected on Issues,-28116754.53,-857061081.40
2024-11-30,INTEREST EXPENSE ON GOVT ACCOUNT SERIES,CASH BASIS GAS PAYMENTS,Interest Payments,5819486714.23,15144525720.54
2024-11-30,INTEREST EXPENSE ON GOVT ACCOUNT SERIES,CASH BASIS GAS PAYMENTS,Inflation Compensation,2520726686.06,3882778196.00
2024-11-30,INTEREST EXPENSE ON GOVT ACCOUNT SERIES,CASH BASIS GAS PAYMENTS,Restoration of Interest,0.00,0.00
2024-11-30,INTEREST EXPENSE ON GOVT ACCOUNT SERIES,ACCRUAL BASIS GAS EXPENSE,Zero Coupon Bonds Amortized Discount,265199130.07,537394847.11
2024-10-31,INTEREST EXPENSE ON PUBLIC ISSUES,ACCRUED INTEREST EXPENSE,Treasury Notes,32452968218.06,32452968218.06
2024-10-31,INTEREST EXPENSE ON PUBLIC ISSUES,ACCRUED INTEREST EXPENSE,Treasury Bonds,12496011674.92,12496011674.92
2024-10-31,INTEREST EXPENSE ON PUBLIC ISSUES,ACCRUED INTEREST EXPENSE,Inflation Protected Securities (TIPS),1647394004.36,1647394004.36
2024-10-31,INTEREST EXPENSE ON PUBLIC ISSUES,ACCRUED INTEREST EXPENSE,Int. Expense Inflation Compensation (TIPS),1676760512.10,1676760512.10
2024-10-31,INTEREST EXPENSE ON PUBLIC ISSUES,ACCRUED INTEREST EXPENSE,Treasury Floating Rate Notes (FRN),2510382326.01,2510382326.01
2024-10-31,INTEREST EXPENSE ON PUBLIC ISSUES,ACCRUED INTEREST EXPENSE,Domestic Series - C/I's & Demand Deposits,13604383.79,13604383.79
2024-10-31,INTEREST EXPENSE ON PUBLIC ISSUES,ACCRUED INTEREST EXPENSE,"Foreign Series - C/I, Notes & Bonds",0.00,0.00
2024-10-31,INTEREST EXPENSE ON PUBLIC ISSUES,ACCRUED INTEREST EXPENSE,REA Series,0.00,0.00
2024-10-31,INTEREST EXPENSE ON PUBLIC ISSUES,ACCRUED INTEREST EXPENSE,"State & Local Government-C/I's, Notes & Bonds",360898215.92,360898215.92
2024-10-31,INTEREST EXPENSE ON PUBLIC ISSUES,ACCRUED INTEREST EXPENSE,Matured Debt,0.00,0.00
2024-10-31,INTEREST EXPENSE ON PUBLIC ISSUES,AMORTIZED DISCOUNT,Treasury Bills,25416557980.92,25416557980.92
2024-10-31,INTEREST EXPENSE ON PUBLIC ISSUES,AMORTIZED DISCOUNT,Treasury Notes,848714514.18,848714514.18
2024-10-31,INTEREST EXPENSE ON PUBLIC ISSUES,AMORTIZED DISCOUNT,Treasury Bonds,222900331.54,222900331.54
2024-10-31,INTEREST EXPENSE ON PUBLIC ISSUES,AMORTIZED DISCOUNT,Treasury Inflation Protected Securities (TIPS),142257251.25,142257251.25
2024-10-31,INTEREST EXPENSE ON PUBLIC ISSUES,AMORTIZED DISCOUNT,Treasury Floating Rate Notes (FRN),10797353.21,10797353.21
2024-10-31,INTEREST EXPENSE ON PUBLIC ISSUES,AMORTIZED DISCOUNT,Domestic Series Bonds,44308730.92,44308730.92
2024-10-31,INTEREST EXPENSE ON PUBLIC ISSUES,AMORTIZED DISCOUNT,Foreign Series Bills,0.00,0.00
2024-10-31,INTEREST EXPENSE ON PUBLIC ISSUES,AMORTIZED DISCOUNT,Foreign Series Notes & Bonds,0.00,0.00
2024-10-31,INTEREST EXPENSE ON PUBLIC ISSUES,AMORTIZED PREMIUM,Treasury Notes,-125678896.02,-125678896.02
2024-10-31,INTEREST EXPENSE ON PUBLIC ISSUES,AMORTIZED PREMIUM,Treasury Bonds,-105666896.84,-105666896.84
2024-10-31,INTEREST EXPENSE ON PUBLIC ISSUES,AMORTIZED PREMIUM,Treasury Inflation Protected Securities (TIPS),-411882983.55,-411882983.55
2024-10-31,INTEREST EXPENSE ON PUBLIC ISSUES,AMORTIZED PREMIUM,Treasury Floating Rate Notes (FRN),-3772760.63,-3772760.63
2024-10-31,INTEREST EXPENSE ON PUBLIC ISSUES,AMORTIZED PREMIUM,Foreign Series Notes & Bonds,0.00,0.00
2024-10-31,INTEREST EXPENSE ON PUBLIC ISSUES,SAVINGS BONDS,Series E and EE,127880582.07,127880582.07
2024-10-31,INTEREST EXPENSE ON PUBLIC ISSUES,SAVINGS BONDS,Series H and HH,1120.00,1120.00
2024-10-31,INTEREST EXPENSE ON PUBLIC ISSUES,SAVINGS BONDS,Series I,338582869.63,338582869.63
2024-10-31,INTEREST EXPENSE ON PUBLIC ISSUES,SAVINGS BONDS,Other,370938.67,370938.67
2024-10-31,INTEREST EXPENSE ON PUBLIC ISSUES,MISCELLANEOUS INTEREST EXPENSE,Limited Payability,0.00,0.00
2024-10-31,INTEREST EXPENSE ON PUBLIC ISSUES,MISCELLANEOUS INTEREST EXPENSE,Recertified Agency Payments,0.00,0.00
2024-10-31,INTEREST EXPENSE ON GOVT ACCOUNT SERIES,CASH BASIS GAS PAYMENTS,Premium Collected on Issues,-6698327073.59,-6698327073.59
2024-10-31,INTEREST EXPENSE ON GOVT ACCOUNT SERIES,CASH BASIS GAS PAYMENTS,Premium Paid on Redemptions,0.00,0.00
2024-10-31,INTEREST EXPENSE ON GOVT ACCOUNT SERIES,CASH BASIS GAS PAYMENTS,Discount Collected on Redemptions,-618924.30,-618924.30
2024-10-31,INTEREST EXPENSE ON GOVT ACCOUNT SERIES,CASH BASIS GAS PAYMENTS,Discount Deferred on Redemptions,903264601.69,903264601.69
2024-10-31,INTEREST EXPENSE ON GOVT ACCOUNT SERIES,CASH BASIS GAS PAYMENTS,Accrued Interest Collected on Issues,-828944326.87,-828944326.87
2024-10-31,INTEREST EXPENSE ON GOVT ACCOUNT SERIES,CASH BASIS GAS PAYMENTS,Interest Payments,9325039006.31,9325039006.31
2024-10-31,INTEREST EXPENSE ON GOVT ACCOUNT SERIES,CASH BASIS GAS PAYMENTS,Inflation Compensation,1362051509.94,1362051509.94
2024-10-31,INTEREST EXPENSE ON GOVT ACCOUNT SERIES,CASH BASIS GAS PAYMENTS,Restoration of Interest,0.00,0.00
2024-10-31,INTEREST EXPENSE ON GOVT ACCOUNT SERIES,ACCRUAL BASIS GAS EXPENSE,Zero Coupon Bonds Amortized Discount,272195717.04,272195717.04
2024-09-30,INTEREST EXPENSE ON PUBLIC ISSUES,ACCRUED INTEREST EXPENSE,Treasury Notes,30786679673.14,329708890427.09
2024-09-30,INTEREST EXPENSE ON PUBLIC ISSUES,ACCRUED INTEREST EXPENSE,Treasury Bonds,11965221171.94,137291916890.28
2024-09-30,INTEREST EXPENSE ON PUBLIC ISSUES,ACCRUED INTEREST EXPENSE,Inflation Protected Securities (TIPS),1357394145.79,17348688470.82
2024-09-30,INTEREST EXPENSE ON PUBLIC ISSUES,ACCRUED INTEREST EXPENSE,Int. Expense Inflation Compensation (TIPS),2325800054.29,57060678892.35
2024-09-30,INTEREST EXPENSE ON PUBLIC ISSUES,ACCRUED INTEREST EXPENSE,Treasury Floating Rate Notes (FRN),2479893899.17,30852075172.54
2024-09-30,INTEREST EXPENSE ON PUBLIC ISSUES,ACCRUED INTEREST EXPENSE,Domestic Series - C/I's & Demand Deposits,14797860.71,282149152.83
2024-09-30,INTEREST EXPENSE ON PUBLIC ISSUES,ACCRUED INTEREST EXPENSE,"Foreign Series - C/I, Notes & Bonds",0.00,0.00
2024-09-30,INTEREST EXPENSE ON PUBLIC ISSUES,ACCRUED INTEREST EXPENSE,REA Series,0.00,0.00
2024-09-30,INTEREST EXPENSE ON PUBLIC ISSUES,ACCRUED INTEREST EXPENSE,"State & Local Government-C/I's, Notes & Bonds",343996632.61,3367376424.89
2024-09-30,INTEREST EXPENSE ON PUBLIC ISSUES,ACCRUED INTEREST EXPENSE,Matured Debt,0.00,108.00
2024-09-30,INTEREST EXPENSE ON PUBLIC ISSUES,AMORTIZED DISCOUNT,Treasury Bills,25559322254.43,306434224076.92
2024-09-30,INTEREST EXPENSE ON PUBLIC ISSUES,AMORTIZED DISCOUNT,Treasury Notes,819554535.50,9896419079.07
2024-09-30,INTEREST EXPENSE ON PUBLIC ISSUES,AMORTIZED DISCOUNT,Treasury Bonds,214835395.63,2562067485.83
2024-09-30,INTEREST EXPENSE ON PUBLIC ISSUES,AMORTIZED DISCOUNT,Treasury Inflation Protected Securities (TIPS),137506099.49,1694437466.90
2024-09-30,INTEREST EXPENSE ON PUBLIC ISSUES,AMORTIZED DISCOUNT,Treasury Floating Rate Notes (FRN),9035415.56,125075870.73
2024-09-30,INTEREST EXPENSE ON PUBLIC ISSUES,AMORTIZED DISCOUNT,Domestic Series Bonds,42547863.49,503079625.22
2024-09-30,INTEREST EXPENSE ON PUBLIC ISSUES,AMORTIZED DISCOUNT,Foreign Series Bills,0.00,0.00
2024-09-30,INTEREST EXPENSE ON PUBLIC ISSUES,AMORTIZED DISCOUNT,Foreign Series Notes & Bonds,0.00,0.00
2024-09-30,INTEREST EXPENSE ON PUBLIC ISSUES,AMORTIZED PREMIUM,Treasury Notes,-119062605.69,-1356171944.62
2024-09-30,INTEREST EXPENSE ON PUBLIC ISSUES,AMORTIZED PREMIUM,Treasury Bonds,-101151461.48,-1159020075.57
2024-09-30,INTEREST EXPENSE ON PUBLIC ISSUES,AMORTIZED PREMIUM,Treasury Inflation Protected Securities (TIPS),-396172093.92,-4863775495.27
2024-09-30,INTEREST EXPENSE ON PUBLIC ISSUES,AMORTIZED PREMIUM,Treasury Floating Rate Notes (FRN),-3634789.13,-36724681.96
2024-09-30,INTEREST EXPENSE ON PUBLIC ISSUES,AMORTIZED PREMIUM,Foreign Series Notes & Bonds,0.00,0.00
2024-09-30,INTEREST EXPENSE ON PUBLIC ISSUES,SAVINGS BONDS,Series E and EE,124679275.65,1733778331.90
2024-09-30,INTEREST EXPENSE ON PUBLIC ISSUES,SAVINGS BONDS,Series H and HH,2482.50,6363960.27
2024-09-30,INTEREST EXPENSE ON PUBLIC ISSUES,SAVINGS BONDS,Series I,351733384.60,4552513133.93
2024-09-30,INTEREST EXPENSE ON PUBLIC ISSUES,SAVINGS BONDS,Other,213698.58,2990558.99
2024-09-30,INTEREST EXPENSE ON PUBLIC ISSUES,MISCELLANEOUS INTEREST EXPENSE,Limited Payability,0.00,393.80
2024-09-30,INTEREST EXPENSE ON PUBLIC ISSUES,MISCELLANEOUS INTEREST EXPENSE,Recertified Agency Payments,0.00,0.00
2024-09-30,INTEREST EXPENSE ON GOVT ACCOUNT SERIES,CASH BASIS GAS PAYMENTS,Premium Collected on Issues,-5876975.49,-635767767.64
2024-09-30,INTEREST EXPENSE ON GOVT ACCOUNT SERIES,CASH BASIS GAS PAYMENTS,Premium Paid on Redemptions,0.00,20442122.64
2024-09-30,INTEREST EXPENSE ON GOVT ACCOUNT SERIES,CASH BASIS GAS PAYMENTS,Discount Collected on Redemptions,-297573.92,-6502767705.16
2024-09-30,INTEREST EXPENSE ON GOVT ACCOUNT SERIES,CASH BASIS GAS PAYMENTS,Discount Deferred on Redemptions,3485032098.24,14317768371.92
2024-09-30,INTEREST EXPENSE ON GOVT ACCOUNT SERIES,CASH BASIS GAS PAYMENTS,Accrued Interest Collected on Issues,-121947699.26,-1325400479.86
2024-09-30,INTEREST EXPENSE ON GOVT ACCOUNT SERIES,CASH BASIS GAS PAYMENTS,Interest Payments,3180110249.07,184900027184.12
2024-09-30,INTEREST EXPENSE ON GOVT ACCOUNT SERIES,CASH BASIS GAS PAYMENTS,Inflation Compensation,1736942170.56,43218390564.66
2024-09-30,INTEREST EXPENSE ON GOVT ACCOUNT SERIES,CASH BASIS GAS PAYMENTS,Restoration of Interest,0.00,0.00
2024-09-30,INTEREST EXPENSE ON GOVT ACCOUNT SERIES,ACCRUAL BASIS GAS EXPENSE,Zero Coupon Bonds Amortized Discount,261146669.74,3037164533.54
2024-08-31,INTEREST EXPENSE ON PUBLIC ISSUES,ACCRUED INTEREST EXPENSE,Treasury Notes,31238526107.75,298922210753.95
2024-08-31,INTEREST EXPENSE ON PUBLIC ISSUES,ACCRUED INTEREST EXPENSE,Treasury Bonds,12260006296.77,125326695718.34
2024-08-31,INTEREST EXPENSE ON PUBLIC ISSUES,ACCRUED INTEREST EXPENSE,Inflation Protected Securities (TIPS),1816528962.13,15991294325.03
2024-08-31,INTEREST EXPENSE ON PUBLIC ISSUES,ACCRUED INTEREST EXPENSE,Int. Expense Inflation Compensation (TIPS),743790508.12,54734878838.06
2024-08-31,INTEREST EXPENSE ON PUBLIC ISSUES,ACCRUED INTEREST EXPENSE,Treasury Floating Rate Notes (FRN),2563931308.76,28372181273.37
2024-08-31,INTEREST EXPENSE ON PUBLIC ISSUES,ACCRUED INTEREST EXPENSE,Domestic Series - C/I's & Demand Deposits,15129813.04,267351292.12
2024-08-31,INTEREST EXPENSE ON PUBLIC ISSUES,ACCRUED INTEREST EXPENSE,"Foreign Series - C/I, Notes & Bonds",0.00,0.00
2024-08-31,INTEREST EXPENSE ON PUBLIC ISSUES,ACCRUED INTEREST EXPENSE,REA Series,0.00,0.00
2024-08-31,INTEREST EXPENSE ON PUBLIC ISSUES,ACCRUED INTEREST EXPENSE,"State & Local Government-C/I's, Notes & Bonds",340798207.89,3023379792.28
2024-08-31,INTEREST EXPENSE ON PUBLIC ISSUES,ACCRUED INTEREST EXPENSE,Matured Debt,0.00,108.00
2024-08-31,INTEREST EXPENSE ON PUBLIC ISSUES,AMORTIZED DISCOUNT,Treasury Bills,26609364745.01,280874901822.49
2024-08-31,INTEREST EXPENSE ON PUBLIC ISSUES,AMORTIZED DISCOUNT,Treasury Notes,849315599.16,9076864543.57
2024-08-31,INTEREST EXPENSE ON PUBLIC ISSUES,AMORTIZED DISCOUNT,Treasury Bonds,222030670.33,2347232090.20
2024-08-31,INTEREST EXPENSE ON PUBLIC ISSUES,AMORTIZED DISCOUNT,Treasury Inflation Protected Securities (TIPS),142088080.08,1556931367.41
2024-08-31,INTEREST EXPENSE ON PUBLIC ISSUES,AMORTIZED DISCOUNT,Treasury Floating Rate Notes (FRN),7958114.13,116040455.17
2024-08-31,INTEREST EXPENSE ON PUBLIC ISSUES,AMORTIZED DISCOUNT,Domestic Series Bonds,43695145.58,460531761.73
2024-08-31,INTEREST EXPENSE ON PUBLIC ISSUES,AMORTIZED DISCOUNT,Foreign Series Bills,0.00,0.00
2024-08-31,INTEREST EXPENSE ON PUBLIC ISSUES,AMORTIZED DISCOUNT,Foreign Series Notes & Bonds,0.00,0.00
2024-08-31,INTEREST EXPENSE ON PUBLIC ISSUES,AMORTIZED PREMIUM,Treasury Notes,-120386935.79,-1237109338.93
2024-08-31,INTEREST EXPENSE ON PUBLIC ISSUES,AMORTIZED PREMIUM,Treasury Bonds,-104020517.06,-1057868614.09
2024-08-31,INTEREST EXPENSE ON PUBLIC ISSUES,AMORTIZED PREMIUM,Treasury Inflation Protected Securities (TIPS),-409672074.00,-4467603401.35
2024-08-31,INTEREST EXPENSE ON PUBLIC ISSUES,AMORTIZED PREMIUM,Treasury Floating Rate Notes (FRN),-3739212.28,-33089892.83
2024-08-31,INTEREST EXPENSE ON PUBLIC ISSUES,AMORTIZED PREMIUM,Foreign Series Notes & Bonds,0.00,0.00
2024-08-31,INTEREST EXPENSE ON PUBLIC ISSUES,SAVINGS BONDS,Series E and EE,126767215.42,1609099056.25
2024-08-31,INTEREST EXPENSE ON PUBLIC ISSUES,SAVINGS BONDS,Series H and HH,-716.24,6361477.77
2024-08-31,INTEREST EXPENSE ON PUBLIC ISSUES,SAVINGS BONDS,Series I,361649851.24,4200779749.33
2024-08-31,INTEREST EXPENSE ON PUBLIC ISSUES,SAVINGS BONDS,Other,97931.76,2776860.41
2024-08-31,INTEREST EXPENSE ON PUBLIC ISSUES,MISCELLANEOUS INTEREST EXPENSE,Limited Payability,0.00,393.80
2024-08-31,INTEREST EXPENSE ON PUBLIC ISSUES,MISCELLANEOUS INTEREST EXPENSE,Recertified Agency Payments,0.00,0.00
2024-08-31,INTEREST EXPENSE ON GOVT ACCOUNT SERIES,CASH BASIS GAS PAYMENTS,Premium Collected on Issues,-2841511.04,-629890792.15
2024-08-31,INTEREST EXPENSE ON GOVT ACCOUNT SERIES,CASH BASIS GAS PAYMENTS,Premium Paid on Redemptions,0.00,20442122.64
2024-08-31,INTEREST EXPENSE ON GOVT ACCOUNT SERIES,CASH BASIS GAS PAYMENTS,Discount Collected on Redemptions,-16019955.22,-6502470131.24
2024-08-31,INTEREST EXPENSE ON GOVT ACCOUNT SERIES,CASH BASIS GAS PAYMENTS,Discount Deferred on Redemptions,1359111699.89,10832736273.68
2024-08-31,INTEREST EXPENSE ON GOVT ACCOUNT SERIES,CASH BASIS GAS PAYMENTS,Accrued Interest Collected on Issues,-125771365.14,-1203452780.60
2024-08-31,INTEREST EXPENSE ON GOVT ACCOUNT SERIES,CASH BASIS GAS PAYMENTS,Interest Payments,13549583240.52,181719916935.05
2024-08-31,INTEREST EXPENSE ON GOVT ACCOUNT SERIES,CASH BASIS GAS PAYMENTS,Inflation Compensation,559751701.85,41481448394.10
2024-08-31,INTEREST EXPENSE ON GOVT ACCOUNT SERIES,CASH BASIS GAS PAYMENTS,Restoration of Interest,0.00,0.00
2024-08-31,INTEREST EXPENSE ON GOVT ACCOUNT SERIES,ACCRUAL BASIS GAS EXPENSE,Zero Coupon Bonds Amortized Discount,265802530.92,2776017863.80
2024-07-31,INTEREST EXPENSE ON PUBLIC ISSUES,ACCRUED INTEREST EXPENSE,Treasury Notes,30535314264.87,267683684646.20
2024-07-31,INTEREST EXPENSE ON PUBLIC ISSUES,ACCRUED INTEREST EXPENSE,Treasury Bonds,12138896919.00,113066689421.57
2024-07-31,INTEREST EXPENSE ON PUBLIC ISSUES,ACCRUED INTEREST EXPENSE,Inflation Protected Securities (TIPS),769821201.86,14174765362.90
2024-07-31,INTEREST EXPENSE ON PUBLIC ISSUES,ACCRUED INTEREST EXPENSE,Int. Expense Inflation Compensation (TIPS),4054252578.80,53991088329.94
2024-07-31,INTEREST EXPENSE ON PUBLIC ISSUES,ACCRUED INTEREST EXPENSE,Treasury Floating Rate Notes (FRN),2795219065.40,25808249961.97
2024-07-31,INTEREST EXPENSE ON PUBLIC ISSUES,ACCRUED INTEREST EXPENSE,Domestic Series - C/I's & Demand Deposits,17132313.39,252221479.08
2024-07-31,INTEREST EXPENSE ON PUBLIC ISSUES,ACCRUED INTEREST EXPENSE,"Foreign Series - C/I, Notes & Bonds",0.00,0.00
2024-07-31,INTEREST EXPENSE ON PUBLIC ISSUES,ACCRUED INTEREST EXPENSE,REA Series,0.00,0.00
2024-07-31,INTEREST EXPENSE ON PUBLIC ISSUES,ACCRUED INTEREST EXPENSE,"State & Local Government-C/I's, Notes & Bonds",321932453.30,2682581584.39
2024-07-31,INTEREST EXPENSE ON PUBLIC ISSUES,ACCRUED INTEREST EXPENSE,Matured Debt,0.00,108.00
2024-07-31,INTEREST EXPENSE ON PUBLIC ISSUES,AMORTIZED DISCOUNT,Treasury Bills,25910791210.14,254265537077.48
2024-07-31,INTEREST EXPENSE ON PUBLIC ISSUES,AMORTIZED DISCOUNT,Treasury Notes,846082596.92,8227548944.41
2024-07-31,INTEREST EXPENSE ON PUBLIC ISSUES,AMORTIZED DISCOUNT,Treasury Bonds,222125668.68,2125201419.87
2024-07-31,INTEREST EXPENSE ON PUBLIC ISSUES,AMORTIZED DISCOUNT,Treasury Inflation Protected Securities (TIPS),147428784.26,1414843287.33
2024-07-31,INTEREST EXPENSE ON PUBLIC ISSUES,AMORTIZED DISCOUNT,Treasury Floating Rate Notes (FRN),9827293.35,108082343.68
2024-07-31,INTEREST EXPENSE ON PUBLIC ISSUES,AMORTIZED DISCOUNT,Domestic Series Bonds,43523923.14,416836616.15
2024-07-31,INTEREST EXPENSE ON PUBLIC ISSUES,AMORTIZED DISCOUNT,Foreign Series Bills,0.00,0.00
2024-07-31,INTEREST EXPENSE ON PUBLIC ISSUES,AMORTIZED DISCOUNT,Foreign Series Notes & Bonds,0.00,0.00
2024-07-31,INTEREST EXPENSE ON PUBLIC ISSUES,AMORTIZED PREMIUM,Treasury Notes,-119263173.15,-1116722403.14
2024-07-31,INTEREST EXPENSE ON PUBLIC ISSUES,AMORTIZED PREMIUM,Treasury Bonds,-102650613.07,-953848097.03
2024-07-31,INTEREST EXPENSE ON PUBLIC ISSUES,AMORTIZED PREMIUM,Treasury Inflation Protected Securities (TIPS),-411037685.18,-4057931327.35
2024-07-31,INTEREST EXPENSE ON PUBLIC ISSUES,AMORTIZED PREMIUM,Treasury Floating Rate Notes (FRN),-3722277.88,-29350680.55
2024-07-31,INTEREST EXPENSE ON PUBLIC ISSUES,AMORTIZED PREMIUM,Foreign Series Notes & Bonds,0.00,0.00
2024-07-31,INTEREST EXPENSE ON PUBLIC ISSUES,SAVINGS BONDS,Series E and EE,131826273.72,1482331840.83
2024-07-31,INTEREST EXPENSE ON PUBLIC ISSUES,SAVINGS BONDS,Series H and HH,290095.03,6362194.01
2024-07-31,INTEREST EXPENSE ON PUBLIC ISSUES,SAVINGS BONDS,Series I,365934499.39,3839129898.09
2024-07-31,INTEREST EXPENSE ON PUBLIC ISSUES,SAVINGS BONDS,Other,34474.66,2678928.65
2024-07-31,INTEREST EXPENSE ON PUBLIC ISSUES,MISCELLANEOUS INTEREST EXPENSE,Limited Payability,0.00,393.80
2024-07-31,INTEREST EXPENSE ON PUBLIC ISSUES,MISCELLANEOUS INTEREST EXPENSE,Recertified Agency Payments,0.00,0.00
2024-07-31,INTEREST EXPENSE ON GOVT ACCOUNT SERIES,CASH BASIS GAS PAYMENTS,Premium Collected on Issues,-290646.78,-627049281.11
2024-07-31,INTEREST EXPENSE ON GOVT ACCOUNT SERIES,CASH BASIS GAS PAYMENTS,Premium Paid on Redemptions,0.00,20442122.64
2024-07-31,INTEREST EXPENSE ON GOVT ACCOUNT SERIES,CASH BASIS GAS PAYMENTS,Discount Collected on Redemptions,-1051896.56,-6486450176.02
2024-07-31,INTEREST EXPENSE ON GOVT ACCOUNT SERIES,CASH BASIS GAS PAYMENTS,Discount Deferred on Redemptions,1285796522.35,9473624573.79
2024-07-31,INTEREST EXPENSE ON GOVT ACCOUNT SERIES,CASH BASIS GAS PAYMENTS,Accrued Interest Collected on Issues,-18733554.69,-1077681415.46
2024-07-31,INTEREST EXPENSE ON GOVT ACCOUNT SERIES,CASH BASIS GAS PAYMENTS,Interest Payments,6302490024.52,168170333694.53
2024-07-31,INTEREST EXPENSE ON GOVT ACCOUNT SERIES,CASH BASIS GAS PAYMENTS,Inflation Compensation,3042483798.70,40921696692.25
2024-07-31,INTEREST EXPENSE ON GOVT ACCOUNT SERIES,CASH BASIS GAS PAYMENTS,Restoration of Interest,0.00,0.00
2024-07-31,INTEREST EXPENSE ON GOVT ACCOUNT SERIES,ACCRUAL BASIS GAS EXPENSE,Zero Coupon Bonds Amortized Discount,265012248.63,2510215332.88
2024-06-30,INTEREST EXPENSE ON PUBLIC ISSUES,ACCRUED INTEREST EXPENSE,Treasury Notes,28765368485.11,237148370381.33
2024-06-30,INTEREST EXPENSE ON PUBLIC ISSUES,ACCRUED INTEREST EXPENSE,Treasury Bonds,11604416166.55,100927792502.57
2024-06-30,INTEREST EXPENSE ON PUBLIC ISSUES,ACCRUED INTEREST EXPENSE,Inflation Protected Securities (TIPS),2334742195.11,13404944161.04
2024-06-30,INTEREST EXPENSE ON PUBLIC ISSUES,ACCRUED INTEREST EXPENSE,Int. Expense Inflation Compensation (TIPS),7517135646.23,49936835751.14
2024-06-30,INTEREST EXPENSE ON PUBLIC ISSUES,ACCRUED INTEREST EXPENSE,Treasury Floating Rate Notes (FRN),2613335424.53,23013030896.57
2024-06-30,INTEREST EXPENSE ON PUBLIC ISSUES,ACCRUED INTEREST EXPENSE,Domestic Series - C/I's & Demand Deposits,14664919.51,235089165.69
2024-06-30,INTEREST EXPENSE ON PUBLIC ISSUES,ACCRUED INTEREST EXPENSE,"Foreign Series - C/I, Notes & Bonds",0.00,0.00
2024-06-30,INTEREST EXPENSE ON PUBLIC ISSUES,ACCRUED INTEREST EXPENSE,REA Series,0.00,0.00
2024-06-30,INTEREST EXPENSE ON PUBLIC ISSUES,ACCRUED INTEREST EXPENSE,"State & Local Government-C/I's, Notes & Bonds",292250863.27,2360649131.09
2024-06-30,INTEREST EXPENSE ON PUBLIC ISSUES,ACCRUED INTEREST EXPENSE,Matured Debt,108.00,108.00
2024-06-30,INTEREST EXPENSE ON PUBLIC ISSUES,AMORTIZED DISCOUNT,Treasury Bills,25083618972.22,228354745867.34
2024-06-30,INTEREST EXPENSE ON PUBLIC ISSUES,AMORTIZED DISCOUNT,Treasury Notes,816622984.26,7381466347.49
2024-06-30,INTEREST EXPENSE ON PUBLIC ISSUES,AMORTIZED DISCOUNT,Treasury Bonds,214654915.77,1903075751.19
2024-06-30,INTEREST EXPENSE ON PUBLIC ISSUES,AMORTIZED DISCOUNT,Treasury Inflation Protected Securities (TIPS),149120329.45,1267414503.07
2024-06-30,INTEREST EXPENSE ON PUBLIC ISSUES,AMORTIZED DISCOUNT,Treasury Floating Rate Notes (FRN),9396195.49,98255050.33
2024-06-30,INTEREST EXPENSE ON PUBLIC ISSUES,AMORTIZED DISCOUNT,Domestic Series Bonds,41979427.62,373312693.01
2024-06-30,INTEREST EXPENSE ON PUBLIC ISSUES,AMORTIZED DISCOUNT,Foreign Series Bills,0.00,0.00
2024-06-30,INTEREST EXPENSE ON PUBLIC ISSUES,AMORTIZED DISCOUNT,Foreign Series Notes & Bonds,0.00,0.00
2024-06-30,INTEREST EXPENSE ON PUBLIC ISSUES,AMORTIZED PREMIUM,Treasury Notes,-114032382.25,-997459229.99
2024-06-30,INTEREST EXPENSE ON PUBLIC ISSUES,AMORTIZED PREMIUM,Treasury Bonds,-97160592.74,-851197483.96
2024-06-30,INTEREST EXPENSE ON PUBLIC ISSUES,AMORTIZED PREMIUM,Treasury Inflation Protected Securities (TIPS),-398073188.74,-3646893642.17
2024-06-30,INTEREST EXPENSE ON PUBLIC ISSUES,AMORTIZED PREMIUM,Treasury Floating Rate Notes (FRN),-3592486.35,-25628402.67
2024-06-30,INTEREST EXPENSE ON PUBLIC ISSUES,AMORTIZED PREMIUM,Foreign Series Notes & Bonds,0.00,0.00
2024-06-30,INTEREST EXPENSE ON PUBLIC ISSUES,SAVINGS BONDS,Series E and EE,136193484.32,1350505567.11
2024-06-30,INTEREST EXPENSE ON PUBLIC ISSUES,SAVINGS BONDS,Series H and HH,415779.56,6072098.98
2024-06-30,INTEREST EXPENSE ON PUBLIC ISSUES,SAVINGS BONDS,Series I,370989530.54,3473195398.70
2024-06-30,INTEREST EXPENSE ON PUBLIC ISSUES,SAVINGS BONDS,Other,580220.23,2644453.99
2024-06-30,INTEREST EXPENSE ON PUBLIC ISSUES,MISCELLANEOUS INTEREST EXPENSE,Limited Payability,0.00,393.80
2024-06-30,INTEREST EXPENSE ON PUBLIC ISSUES,MISCELLANEOUS INTEREST EXPENSE,Recertified Agency Payments,0.00,0.00
2024-06-30,INTEREST EXPENSE ON GOVT ACCOUNT SERIES,CASH BASIS GAS PAYMENTS,Premium Collected on Issues,0.00,-626758634.33
2024-06-30,INTEREST EXPENSE ON GOVT ACCOUNT SERIES,CASH BASIS GAS PAYMENTS,Premium Paid on Redemptions,0.00,20442122.64
2024-06-30,INTEREST EXPENSE ON GOVT ACCOUNT SERIES,CASH BASIS GAS PAYMENTS,Discount Collected on Redemptions,-2.85,-6485398279.46
2024-06-30,INTEREST EXPENSE ON GOVT ACCOUNT SERIES,CASH BASIS GAS PAYMENTS,Discount Deferred on Redemptions,677262046.01,8187828051.44
2024-06-30,INTEREST EXPENSE ON GOVT ACCOUNT SERIES,CASH BASIS GAS PAYMENTS,Accrued Interest Collected on Issues,-20841945.07,-1058947860.77
2024-06-30,INTEREST EXPENSE ON GOVT ACCOUNT SERIES,CASH BASIS GAS PAYMENTS,Interest Payments,54315036476.74,161867843670.01
2024-06-30,INTEREST EXPENSE ON GOVT ACCOUNT SERIES,CASH BASIS GAS PAYMENTS,Inflation Compensation,5660737136.60,37879212893.55
2024-06-30,INTEREST EXPENSE ON GOVT ACCOUNT SERIES,CASH BASIS GAS PAYMENTS,Restoration of Interest,0.00,0.00
2024-06-30,INTEREST EXPENSE ON GOVT ACCOUNT SERIES,ACCRUAL BASIS GAS EXPENSE,Zero Coupon Bonds Amortized Discount,253219417.03,2245203084.25
2024-05-31,INTEREST EXPENSE ON PUBLIC ISSUES,ACCRUED INTEREST EXPENSE,Treasury Notes,28940357295.49,208383001896.22
2024-05-31,INTEREST EXPENSE ON PUBLIC ISSUES,ACCRUED INTEREST EXPENSE,Treasury Bonds,11868098892.36,89323376336.02
2024-05-31,INTEREST EXPENSE ON PUBLIC ISSUES,ACCRUED INTEREST EXPENSE,Inflation Protected Securities (TIPS),1535362505.37,11070201965.93
2024-05-31,INTEREST EXPENSE ON PUBLIC ISSUES,ACCRUED INTEREST EXPENSE,Int. Expense Inflation Compensation (TIPS),12905292232.26,42419700104.91
2024-05-31,INTEREST EXPENSE ON PUBLIC ISSUES,ACCRUED INTEREST EXPENSE,Treasury Floating Rate Notes (FRN),2552912106.30,20399695472.04
2024-05-31,INTEREST EXPENSE ON PUBLIC ISSUES,ACCRUED INTEREST EXPENSE,Domestic Series - C/I's & Demand Deposits,19948877.11,220424246.18
2024-05-31,INTEREST EXPENSE ON PUBLIC ISSUES,ACCRUED INTEREST EXPENSE,"Foreign Series - C/I, Notes & Bonds",0.00,0.00
2024-05-31,INTEREST EXPENSE ON PUBLIC ISSUES,ACCRUED INTEREST EXPENSE,REA Series,0.00,0.00
2024-05-31,INTEREST EXPENSE ON PUBLIC ISSUES,ACCRUED INTEREST EXPENSE,"State & Local Government-C/I's, Notes & Bonds",288798895.40,2068398267.82
2024-05-31,INTEREST EXPENSE ON PUBLIC ISSUES,ACCRUED INTEREST EXPENSE,Matured Debt,0.00,0.00
2024-05-31,INTEREST EXPENSE ON PUBLIC ISSUES,AMORTIZED DISCOUNT,Treasury Bills,26052449596.55,203271126895.12
2024-05-31,INTEREST EXPENSE ON PUBLIC ISSUES,AMORTIZED DISCOUNT,Treasury Notes,845153488.01,6564843363.23
2024-05-31,INTEREST EXPENSE ON PUBLIC ISSUES,AMORTIZED DISCOUNT,Treasury Bonds,221646083.21,1688420835.42
2024-05-31,INTEREST EXPENSE ON PUBLIC ISSUES,AMORTIZED DISCOUNT,Treasury Inflation Protected Securities (TIPS),148791216.44,1118294173.62
2024-05-31,INTEREST EXPENSE ON PUBLIC ISSUES,AMORTIZED DISCOUNT,Treasury Floating Rate Notes (FRN),9655361.57,88858854.84
2024-05-31,INTEREST EXPENSE ON PUBLIC ISSUES,AMORTIZED DISCOUNT,Domestic Series Bonds,43110009.87,331333265.39
2024-05-31,INTEREST EXPENSE ON PUBLIC ISSUES,AMORTIZED DISCOUNT,Foreign Series Bills,0.00,0.00
2024-05-31,INTEREST EXPENSE ON PUBLIC ISSUES,AMORTIZED DISCOUNT,Foreign Series Notes & Bonds,0.00,0.00
2024-05-31,INTEREST EXPENSE ON PUBLIC ISSUES,AMORTIZED PREMIUM,Treasury Notes,-118078186.64,-883426847.74
2024-05-31,INTEREST EXPENSE ON PUBLIC ISSUES,AMORTIZED PREMIUM,Treasury Bonds,-100064033.80,-754036891.22
2024-05-31,INTEREST EXPENSE ON PUBLIC ISSUES,AMORTIZED PREMIUM,Treasury Inflation Protected Securities (TIPS),-411558946.89,-3248820453.43
2024-05-31,INTEREST EXPENSE ON PUBLIC ISSUES,AMORTIZED PREMIUM,Treasury Floating Rate Notes (FRN),-3493887.19,-22035916.32
2024-05-31,INTEREST EXPENSE ON PUBLIC ISSUES,AMORTIZED PREMIUM,Foreign Series Notes & Bonds,0.00,0.00
2024-05-31,INTEREST EXPENSE ON PUBLIC ISSUES,SAVINGS BONDS,Series E and EE,138558508.99,1214312082.79
2024-05-31,INTEREST EXPENSE ON PUBLIC ISSUES,SAVINGS BONDS,Series H and HH,512075.18,5656319.42
2024-05-31,INTEREST EXPENSE ON PUBLIC ISSUES,SAVINGS BONDS,Series I,372447633.80,3102205868.16
2024-05-31,INTEREST EXPENSE ON PUBLIC ISSUES,SAVINGS BONDS,Other,125287.25,2064233.76
2024-05-31,INTEREST EXPENSE ON PUBLIC ISSUES,MISCELLANEOUS INTEREST EXPENSE,Limited Payability,0.00,393.80
2024-05-31,INTEREST EXPENSE ON PUBLIC ISSUES,MISCELLANEOUS INTEREST EXPENSE,Recertified Agency Payments,0.00,0.00
2024-05-31,INTEREST EXPENSE ON GOVT ACCOUNT SERIES,CASH BASIS GAS PAYMENTS,Premium Collected on Issues,0.00,-626758634.33
2024-05-31,INTEREST EXPENSE ON GOVT ACCOUNT SERIES,CASH BASIS GAS PAYMENTS,Premium Paid on Redemptions,0.00,20442122.64
2024-05-31,INTEREST EXPENSE ON GOVT ACCOUNT SERIES,CASH BASIS GAS PAYMENTS,Discount Collected on Redemptions,-864987.00,-6485398276.61
2024-05-31,INTEREST EXPENSE ON GOVT ACCOUNT SERIES,CASH BASIS GAS PAYMENTS,Discount Deferred on Redemptions,721325889.99,7510566005.43
2024-05-31,INTEREST EXPENSE ON GOVT ACCOUNT SERIES,CASH BASIS GAS PAYMENTS,Accrued Interest Collected on Issues,-39704619.32,-1038105915.70
2024-05-31,INTEREST EXPENSE ON GOVT ACCOUNT SERIES,CASH BASIS GAS PAYMENTS,Interest Payments,7021069113.54,107552807193.27
2024-05-31,INTEREST EXPENSE ON GOVT ACCOUNT SERIES,CASH BASIS GAS PAYMENTS,Inflation Compensation,9773690515.64,32218475756.95
2024-05-31,INTEREST EXPENSE ON GOVT ACCOUNT SERIES,CASH BASIS GAS PAYMENTS,Restoration of Interest,0.00,0.00
2024-05-31,INTEREST EXPENSE ON GOVT ACCOUNT SERIES,ACCRUAL BASIS GAS EXPENSE,Zero Coupon Bonds Amortized Discount,259666154.16,1991983667.22
2024-04-30,INTEREST EXPENSE ON PUBLIC ISSUES,ACCRUED INTEREST EXPENSE,Treasury Notes,27275232188.29,179442644600.73
2024-04-30,INTEREST EXPENSE ON PUBLIC ISSUES,ACCRUED INTEREST EXPENSE,Treasury Bonds,11372562812.26,77455277443.66
2024-04-30,INTEREST EXPENSE ON PUBLIC ISSUES,ACCRUED INTEREST EXPENSE,Inflation Protected Securities (TIPS),743905915.02,9534839460.56
2024-04-30,INTEREST EXPENSE ON PUBLIC ISSUES,ACCRUED INTEREST EXPENSE,Int. Expense Inflation Compensation (TIPS),12896405166.65,29514407872.65
2024-04-30,INTEREST EXPENSE ON PUBLIC ISSUES,ACCRUED INTEREST EXPENSE,Treasury Floating Rate Notes (FRN),2630488412.11,17846783365.74
2024-04-30,INTEREST EXPENSE ON PUBLIC ISSUES,ACCRUED INTEREST EXPENSE,Domestic Series - C/I's & Demand Deposits,24122694.11,200475369.07
2024-04-30,INTEREST EXPENSE ON PUBLIC ISSUES,ACCRUED INTEREST EXPENSE,"Foreign Series - C/I, Notes & Bonds",0.00,0.00
2024-04-30,INTEREST EXPENSE ON PUBLIC ISSUES,ACCRUED INTEREST EXPENSE,REA Series,0.00,0.00
2024-04-30,INTEREST EXPENSE ON PUBLIC ISSUES,ACCRUED INTEREST EXPENSE,"State & Local Government-C/I's, Notes & Bonds",273790361.51,1779599372.42
2024-04-30,INTEREST EXPENSE ON PUBLIC ISSUES,ACCRUED INTEREST EXPENSE,Matured Debt,0.00,0.00
2024-04-30,INTEREST EXPENSE ON PUBLIC ISSUES,AMORTIZED DISCOUNT,Treasury Bills,25715000023.17,177218677298.57
2024-04-30,INTEREST EXPENSE ON PUBLIC ISSUES,AMORTIZED DISCOUNT,Treasury Notes,816672926.33,5719689875.22
2024-04-30,INTEREST EXPENSE ON PUBLIC ISSUES,AMORTIZED DISCOUNT,Treasury Bonds,212127598.24,1466774752.21
2024-04-30,INTEREST EXPENSE ON PUBLIC ISSUES,AMORTIZED DISCOUNT,Treasury Inflation Protected Securities (TIPS),141896297.83,969502957.18
2024-04-30,INTEREST EXPENSE ON PUBLIC ISSUES,AMORTIZED DISCOUNT,Treasury Floating Rate Notes (FRN),12150325.82,79203493.27
2024-04-30,INTEREST EXPENSE ON PUBLIC ISSUES,AMORTIZED DISCOUNT,Domestic Series Bonds,41460903.63,288223255.52
2024-04-30,INTEREST EXPENSE ON PUBLIC ISSUES,AMORTIZED DISCOUNT,Foreign Series Bills,0.00,0.00
2024-04-30,INTEREST EXPENSE ON PUBLIC ISSUES,AMORTIZED DISCOUNT,Foreign Series Notes & Bonds,0.00,0.00
2024-04-30,INTEREST EXPENSE ON PUBLIC ISSUES,AMORTIZED PREMIUM,Treasury Notes,-114535878.70,-765348661.10
2024-04-30,INTEREST EXPENSE ON PUBLIC ISSUES,AMORTIZED PREMIUM,Treasury Bonds,-96999397.01,-653972857.42
2024-04-30,INTEREST EXPENSE ON PUBLIC ISSUES,AMORTIZED PREMIUM,Treasury Inflation Protected Securities (TIPS),-400585440.82,-2837261506.54
2024-04-30,INTEREST EXPENSE ON PUBLIC ISSUES,AMORTIZED PREMIUM,Treasury Floating Rate Notes (FRN),-3438266.38,-18542029.13
2024-04-30,INTEREST EXPENSE ON PUBLIC ISSUES,AMORTIZED PREMIUM,Foreign Series Notes & Bonds,0.00,0.00
2024-04-30,INTEREST EXPENSE ON PUBLIC ISSUES,SAVINGS BONDS,Series E and EE,139226246.20,1075753573.80
2024-04-30,INTEREST EXPENSE ON PUBLIC ISSUES,SAVINGS BONDS,Series H and HH,572314.67,5144244.24
2024-04-30,INTEREST EXPENSE ON PUBLIC ISSUES,SAVINGS BONDS,Series I,363201389.57,2729758234.36
2024-04-30,INTEREST EXPENSE ON PUBLIC ISSUES,SAVINGS BONDS,Other,367121.25,1938946.51
2024-04-30,INTEREST EXPENSE ON PUBLIC ISSUES,MISCELLANEOUS INTEREST EXPENSE,Limited Payability,0.00,393.80
2024-04-30,INTEREST EXPENSE ON PUBLIC ISSUES,MISCELLANEOUS INTEREST EXPENSE,Recertified Agency Payments,0.00,0.00
2024-04-30,INTEREST EXPENSE ON GOVT ACCOUNT SERIES,CASH BASIS GAS PAYMENTS,Premium Collected on Issues,-12115.23,-626758634.33
2024-04-30,INTEREST EXPENSE ON GOVT ACCOUNT SERIES,CASH BASIS GAS PAYMENTS,Premium Paid on Redemptions,0.00,20442122.64
2024-04-30,INTEREST EXPENSE ON GOVT ACCOUNT SERIES,CASH BASIS GAS PAYMENTS,Discount Collected on Redemptions,-239.10,-6484533289.61
2024-04-30,INTEREST EXPENSE ON GOVT ACCOUNT SERIES,CASH BASIS GAS PAYMENTS,Discount Deferred on Redemptions,950945455.67,6789240115.44
2024-04-30,INTEREST EXPENSE ON GOVT ACCOUNT SERIES,CASH BASIS GAS PAYMENTS,Accrued Interest Collected on Issues,-11434039.05,-998401296.38
2024-04-30,INTEREST EXPENSE ON GOVT ACCOUNT SERIES,CASH BASIS GAS PAYMENTS,Interest Payments,9422413735.26,100531738079.73
2024-04-30,INTEREST EXPENSE ON GOVT ACCOUNT SERIES,CASH BASIS GAS PAYMENTS,Inflation Compensation,9784870025.69,22444785241.31
2024-04-30,INTEREST EXPENSE ON GOVT ACCOUNT SERIES,CASH BASIS GAS PAYMENTS,Restoration of Interest,0.00,0.00
2024-04-30,INTEREST EXPENSE ON GOVT ACCOUNT SERIES,ACCRUAL BASIS GAS EXPENSE,Zero Coupon Bonds Amortized Discount,249405080.66,1732317513.06
2024-03-31,INTEREST EXPENSE ON PUBLIC ISSUES,ACCRUED INTEREST EXPENSE,Treasury Notes,27491997698.10,152167412412.44
2024-03-31,INTEREST EXPENSE ON PUBLIC ISSUES,ACCRUED INTEREST EXPENSE,Treasury Bonds,11624964424.42,66082714631.40
2024-03-31,INTEREST EXPENSE ON PUBLIC ISSUES,ACCRUED INTEREST EXPENSE,Inflation Protected Securities (TIPS),2165102231.39,8790933545.54
2024-03-31,INTEREST EXPENSE ON PUBLIC ISSUES,ACCRUED INTEREST EXPENSE,Int. Expense Inflation Compensation (TIPS),9605929015.73,16618002706.00
2024-03-31,INTEREST EXPENSE ON PUBLIC ISSUES,ACCRUED INTEREST EXPENSE,Treasury Floating Rate Notes (FRN),2591727072.12,15216294953.63
2024-03-31,INTEREST EXPENSE ON PUBLIC ISSUES,ACCRUED INTEREST EXPENSE,Domestic Series - C/I's & Demand Deposits,21819097.69,176352674.96
2024-03-31,INTEREST EXPENSE ON PUBLIC ISSUES,ACCRUED INTEREST EXPENSE,"Foreign Series - C/I, Notes & Bonds",0.00,0.00
2024-03-31,INTEREST EXPENSE ON PUBLIC ISSUES,ACCRUED INTEREST EXPENSE,REA Series,0.00,0.00
2024-03-31,INTEREST EXPENSE ON PUBLIC ISSUES,ACCRUED INTEREST EXPENSE,"State & Local Government-C/I's, Notes & Bonds",256094451.10,1505809010.91
2024-03-31,INTEREST EXPENSE ON PUBLIC ISSUES,ACCRUED INTEREST EXPENSE,Matured Debt,0.00,0.00
2024-03-31,INTEREST EXPENSE ON PUBLIC ISSUES,AMORTIZED DISCOUNT,Treasury Bills,27033174525.57,151503677275.40
2024-03-31,INTEREST EXPENSE ON PUBLIC ISSUES,AMORTIZED DISCOUNT,Treasury Notes,834023805.59,4903016948.89
2024-03-31,INTEREST EXPENSE ON PUBLIC ISSUES,AMORTIZED DISCOUNT,Treasury Bonds,217217072.80,1254647153.97
2024-03-31,INTEREST EXPENSE ON PUBLIC ISSUES,AMORTIZED DISCOUNT,Treasury Inflation Protected Securities (TIPS),144812934.55,827606659.35
2024-03-31,INTEREST EXPENSE ON PUBLIC ISSUES,AMORTIZED DISCOUNT,Treasury Floating Rate Notes (FRN),12614193.68,67053167.45
2024-03-31,INTEREST EXPENSE ON PUBLIC ISSUES,AMORTIZED DISCOUNT,Domestic Series Bonds,42577521.26,246762351.89
2024-03-31,INTEREST EXPENSE ON PUBLIC ISSUES,AMORTIZED DISCOUNT,Foreign Series Bills,0.00,0.00
2024-03-31,INTEREST EXPENSE ON PUBLIC ISSUES,AMORTIZED DISCOUNT,Foreign Series Notes & Bonds,0.00,0.00
2024-03-31,INTEREST EXPENSE ON PUBLIC ISSUES,AMORTIZED PREMIUM,Treasury Notes,-118127135.33,-650812782.40
2024-03-31,INTEREST EXPENSE ON PUBLIC ISSUES,AMORTIZED PREMIUM,Treasury Bonds,-100002245.99,-556973460.41
2024-03-31,INTEREST EXPENSE ON PUBLIC ISSUES,AMORTIZED PREMIUM,Treasury Inflation Protected Securities (TIPS),-416605347.92,-2436676065.72
2024-03-31,INTEREST EXPENSE ON PUBLIC ISSUES,AMORTIZED PREMIUM,Treasury Floating Rate Notes (FRN),-2383988.33,-15103762.75
2024-03-31,INTEREST EXPENSE ON PUBLIC ISSUES,AMORTIZED PREMIUM,Foreign Series Notes & Bonds,0.00,0.00
2024-03-31,INTEREST EXPENSE ON PUBLIC ISSUES,SAVINGS BONDS,Series E and EE,141116105.54,936527327.60
2024-03-31,INTEREST EXPENSE ON PUBLIC ISSUES,SAVINGS BONDS,Series H and HH,658449.15,4571929.57
2024-03-31,INTEREST EXPENSE ON PUBLIC ISSUES,SAVINGS BONDS,Series I,356010064.93,2366556844.79
2024-03-31,INTEREST EXPENSE ON PUBLIC ISSUES,SAVINGS BONDS,Other,225600.33,1571825.26
2024-03-31,INTEREST EXPENSE ON PUBLIC ISSUES,MISCELLANEOUS INTEREST EXPENSE,Limited Payability,156.28,393.80
2024-03-31,INTEREST EXPENSE ON PUBLIC ISSUES,MISCELLANEOUS INTEREST EXPENSE,Recertified Agency Payments,0.00,0.00
2024-03-31,INTEREST EXPENSE ON GOVT ACCOUNT SERIES,CASH BASIS GAS PAYMENTS,Premium Collected on Issues,-338634352.97,-626746519.10
2024-03-31,INTEREST EXPENSE ON GOVT ACCOUNT SERIES,CASH BASIS GAS PAYMENTS,Premium Paid on Redemptions,20442122.64,20442122.64
2024-03-31,INTEREST EXPENSE ON GOVT ACCOUNT SERIES,CASH BASIS GAS PAYMENTS,Discount Collected on Redemptions,-5179845301.82,-6484533050.51
2024-03-31,INTEREST EXPENSE ON GOVT ACCOUNT SERIES,CASH BASIS GAS PAYMENTS,Discount Deferred on Redemptions,1885950169.17,5838294659.77
2024-03-31,INTEREST EXPENSE ON GOVT ACCOUNT SERIES,CASH BASIS GAS PAYMENTS,Accrued Interest Collected on Issues,-133954533.25,-986967257.33
2024-03-31,INTEREST EXPENSE ON GOVT ACCOUNT SERIES,CASH BASIS GAS PAYMENTS,Interest Payments,2934218285.84,91109324344.47
2024-03-31,INTEREST EXPENSE ON GOVT ACCOUNT SERIES,CASH BASIS GAS PAYMENTS,Inflation Compensation,7306754139.38,12659915215.62
2024-03-31,INTEREST EXPENSE ON GOVT ACCOUNT SERIES,CASH BASIS GAS PAYMENTS,Restoration of Interest,0.00,0.00
2024-03-31,INTEREST EXPENSE ON GOVT ACCOUNT SERIES,ACCRUAL BASIS GAS EXPENSE,Zero Coupon Bonds Amortized Discount,255990924.15,1482912432.40
2024-02-29,INTEREST EXPENSE ON PUBLIC ISSUES,ACCRUED INTEREST EXPENSE,Treasury Notes,25073239982.15,124675414714.34
2024-02-29,INTEREST EXPENSE ON PUBLIC ISSUES,ACCRUED INTEREST EXPENSE,Treasury Bonds,10699910283.13,54457750206.98
2024-02-29,INTEREST EXPENSE ON PUBLIC ISSUES,ACCRUED INTEREST EXPENSE,Inflation Protected Securities (TIPS),1325749436.92,6625831314.15
2024-02-29,INTEREST EXPENSE ON PUBLIC ISSUES,ACCRUED INTEREST EXPENSE,Int. Expense Inflation Compensation (TIPS),-1992323811.00,7012073690.27
2024-02-29,INTEREST EXPENSE ON PUBLIC ISSUES,ACCRUED INTEREST EXPENSE,Treasury Floating Rate Notes (FRN),2323713561.99,12624567881.51
2024-02-29,INTEREST EXPENSE ON PUBLIC ISSUES,ACCRUED INTEREST EXPENSE,Domestic Series - C/I's & Demand Deposits,21672059.63,154533577.27
2024-02-29,INTEREST EXPENSE ON PUBLIC ISSUES,ACCRUED INTEREST EXPENSE,"Foreign Series - C/I, Notes & Bonds",0.00,0.00
2024-02-29,INTEREST EXPENSE ON PUBLIC ISSUES,ACCRUED INTEREST EXPENSE,REA Series,0.00,0.00
2024-02-29,INTEREST EXPENSE ON PUBLIC ISSUES,ACCRUED INTEREST EXPENSE,"State & Local Government-C/I's, Notes & Bonds",235630467.24,1249714559.81
2024-02-29,INTEREST EXPENSE ON PUBLIC ISSUES,ACCRUED INTEREST EXPENSE,Matured Debt,0.00,0.00
2024-02-29,INTEREST EXPENSE ON PUBLIC ISSUES,AMORTIZED DISCOUNT,Treasury Bills,24694928041.42,124470502749.83
2024-02-29,INTEREST EXPENSE ON PUBLIC ISSUES,AMORTIZED DISCOUNT,Treasury Notes,779944589.49,4068993143.30
2024-02-29,INTEREST EXPENSE ON PUBLIC ISSUES,AMORTIZED DISCOUNT,Treasury Bonds,201001065.97,1037430081.17
2024-02-29,INTEREST EXPENSE ON PUBLIC ISSUES,AMORTIZED DISCOUNT,Treasury Inflation Protected Securities (TIPS),134689794.73,682793724.80
2024-02-29,INTEREST EXPENSE ON PUBLIC ISSUES,AMORTIZED DISCOUNT,Treasury Floating Rate Notes (FRN),11761396.70,54438973.77
2024-02-29,INTEREST EXPENSE ON PUBLIC ISSUES,AMORTIZED DISCOUNT,Domestic Series Bonds,39587853.99,204184830.63
2024-02-29,INTEREST EXPENSE ON PUBLIC ISSUES,AMORTIZED DISCOUNT,Foreign Series Bills,0.00,0.00
2024-02-29,INTEREST EXPENSE ON PUBLIC ISSUES,AMORTIZED DISCOUNT,Foreign Series Notes & Bonds,0.00,0.00
2024-02-29,INTEREST EXPENSE ON PUBLIC ISSUES,AMORTIZED PREMIUM,Treasury Notes,-110528361.07,-532685647.07
2024-02-29,INTEREST EXPENSE ON PUBLIC ISSUES,AMORTIZED PREMIUM,Treasury Bonds,-93221350.33,-456971214.42
2024-02-29,INTEREST EXPENSE ON PUBLIC ISSUES,AMORTIZED PREMIUM,Treasury Inflation Protected Securities (TIPS),-389855984.80,-2020070717.80
2024-02-29,INTEREST EXPENSE ON PUBLIC ISSUES,AMORTIZED PREMIUM,Treasury Floating Rate Notes (FRN),-1553825.33,-12719774.42
2024-02-29,INTEREST EXPENSE ON PUBLIC ISSUES,AMORTIZED PREMIUM,Foreign Series Notes & Bonds,0.00,0.00
2024-02-29,INTEREST EXPENSE ON PUBLIC ISSUES,SAVINGS BONDS,Series E and EE,140452264.06,795411222.06
2024-02-29,INTEREST EXPENSE ON PUBLIC ISSUES,SAVINGS BONDS,Series H and HH,631967.57,3913480.42
2024-02-29,INTEREST EXPENSE ON PUBLIC ISSUES,SAVINGS BONDS,Series I,354306324.48,2010546779.86
2024-02-29,INTEREST EXPENSE ON PUBLIC ISSUES,SAVINGS BONDS,Other,108095.98,1346224.93
2024-02-29,INTEREST EXPENSE ON PUBLIC ISSUES,MISCELLANEOUS INTEREST EXPENSE,Limited Payability,0.00,237.52
2024-02-29,INTEREST EXPENSE ON PUBLIC ISSUES,MISCELLANEOUS INTEREST EXPENSE,Recertified Agency Payments,0.00,0.00
2024-02-29,INTEREST EXPENSE ON GOVT ACCOUNT SERIES,CASH BASIS GAS PAYMENTS,Premium Collected on Issues,-392933.03,-288112166.13
2024-02-29,INTEREST EXPENSE ON GOVT ACCOUNT SERIES,CASH BASIS GAS PAYMENTS,Premium Paid on Redemptions,0.00,0.00
2024-02-29,INTEREST EXPENSE ON GOVT ACCOUNT SERIES,CASH BASIS GAS PAYMENTS,Discount Collected on Redemptions,-246.94,-1304687748.69
2024-02-29,INTEREST EXPENSE ON GOVT ACCOUNT SERIES,CASH BASIS GAS PAYMENTS,Discount Deferred on Redemptions,855388587.00,3952344490.60
2024-02-29,INTEREST EXPENSE ON GOVT ACCOUNT SERIES,CASH BASIS GAS PAYMENTS,Accrued Interest Collected on Issues,-17364856.93,-853012724.08
2024-02-29,INTEREST EXPENSE ON GOVT ACCOUNT SERIES,CASH BASIS GAS PAYMENTS,Interest Payments,13170686708.12,88175106058.63
2024-02-29,INTEREST EXPENSE ON GOVT ACCOUNT SERIES,CASH BASIS GAS PAYMENTS,Inflation Compensation,-1533949537.99,5353161076.24
2024-02-29,INTEREST EXPENSE ON GOVT ACCOUNT SERIES,CASH BASIS GAS PAYMENTS,Restoration of Interest,0.00,0.00
2024-02-29,INTEREST EXPENSE ON GOVT ACCOUNT SERIES,ACCRUAL BASIS GAS EXPENSE,Zero Coupon Bonds Amortized Discount,237660249.27,1226921508.25
2024-01-31,INTEREST EXPENSE ON PUBLIC ISSUES,ACCRUED INTEREST EXPENSE,Treasury Notes,26092024461.69,99602174732.19
2024-01-31,INTEREST EXPENSE ON PUBLIC ISSUES,ACCRUED INTEREST EXPENSE,Treasury Bonds,11261344097.79,43757839923.85
2024-01-31,INTEREST EXPENSE ON PUBLIC ISSUES,ACCRUED INTEREST EXPENSE,Inflation Protected Securities (TIPS),1444071962.34,5300081877.23
2024-01-31,INTEREST EXPENSE ON PUBLIC ISSUES,ACCRUED INTEREST EXPENSE,Int. Expense Inflation Compensation (TIPS),-3912309303.93,9004397501.27
2024-01-31,INTEREST EXPENSE ON PUBLIC ISSUES,ACCRUED INTEREST EXPENSE,Treasury Floating Rate Notes (FRN),2649386479.38,10300854319.52
2024-01-31,INTEREST EXPENSE ON PUBLIC ISSUES,ACCRUED INTEREST EXPENSE,Domestic Series - C/I's & Demand Deposits,24790481.14,132861517.64
2024-01-31,INTEREST EXPENSE ON PUBLIC ISSUES,ACCRUED INTEREST EXPENSE,"Foreign Series - C/I, Notes & Bonds",0.00,0.00
2024-01-31,INTEREST EXPENSE ON PUBLIC ISSUES,ACCRUED INTEREST EXPENSE,REA Series,0.00,0.00
2024-01-31,INTEREST EXPENSE ON PUBLIC ISSUES,ACCRUED INTEREST EXPENSE,"State & Local Government-C/I's, Notes & Bonds",258640000.97,1014084092.57
2024-01-31,INTEREST EXPENSE ON PUBLIC ISSUES,ACCRUED INTEREST EXPENSE,Matured Debt,0.00,0.00
2024-01-31,INTEREST EXPENSE ON PUBLIC ISSUES,AMORTIZED DISCOUNT,Treasury Bills,25695416801.27,99775574708.41
2024-01-31,INTEREST EXPENSE ON PUBLIC ISSUES,AMORTIZED DISCOUNT,Treasury Notes,831175448.53,3289048553.81
